2026-08-08 14:54:37,861 [INFO] Worker 'windows-worker-01' starting up...
2026-08-08 14:54:37,861 [INFO] Prerequisites check passed.
2026-08-08 14:54:38,345 [ERROR] Failed to connect to API: 500 Server Error: Internal Server Error for url: https://infinity-trader-api.onrender.com/api/v1/jobs/pending
2026-08-08 14:54:38,346 [INFO] Will keep retrying in loop...
2026-08-08 14:54:38,719 [ERROR] API Error 500: {"detail":"Server missing worker API key configuration"}
2026-08-08 14:54:44,372 [ERROR] API Error 500: {"detail":"Server missing worker API key configuration"}
2026-08-08 14:54:49,748 [ERROR] API Error 500: {"detail":"Server missing worker API key configuration"}
2026-08-08 14:54:55,127 [ERROR] API Error 500: {"detail":"Server missing worker API key configuration"}
2026-08-08 14:55:00,480 [ERROR] API Error 500: {"detail":"Server missing worker API key configuration"}
2026-08-08 14:55:05,862 [ERROR] API Error 500: {"detail":"Server missing worker API key configuration"}
2026-08-08 14:55:11,218 [ERROR] API Error 500: {"detail":"Server missing worker API key configuration"}
2026-08-08 14:55:16,571 [ERROR] API Error 500: {"detail":"Server missing worker API key configuration"}
2026-08-08 14:55:21,916 [ERROR] API Error 500: {"detail":"Server missing worker API key configuration"}
2026-08-08 14:55:27,272 [ERROR] API Error 500: {"detail":"Server missing worker API key configuration"}
2026-08-08 14:55:32,618 [ERROR] API Error 500: {"detail":"Server missing worker API key configuration"}
2026-08-08 14:55:37,963 [ERROR] API Error 500: {"detail":"Server missing worker API key configuration"}
2026-08-08 14:55:43,301 [ERROR] API Error 500: {"detail":"Server missing worker API key configuration"}
2026-08-08 15:00:23,341 [INFO] Worker 'windows-worker-01' starting up...
2026-08-08 15:00:23,342 [INFO] Prerequisites check passed.
2026-08-08 15:00:23,772 [ERROR] Failed to connect to API: 500 Server Error: Internal Server Error for url: https://infinity-trader-api.onrender.com/api/v1/jobs/pending
2026-08-08 15:00:23,772 [INFO] Will keep retrying in loop...
2026-08-08 15:00:24,408 [ERROR] API Error 500: {"detail":"Server missing worker API key configuration"}
2026-08-08 15:00:30,044 [ERROR] API Error 500: {"detail":"Server missing worker API key configuration"}
2026-08-08 15:00:35,392 [ERROR] API Error 500: {"detail":"Server missing worker API key configuration"}
2026-08-08 15:00:40,768 [ERROR] API Error 500: {"detail":"Server missing worker API key configuration"}
2026-08-08 15:00:46,120 [ERROR] API Error 500: {"detail":"Server missing worker API key configuration"}
2026-08-08 15:00:51,462 [ERROR] API Error 500: {"detail":"Server missing worker API key configuration"}
2026-08-08 15:00:56,827 [ERROR] API Error 500: {"detail":"Server missing worker API key configuration"}
2026-08-08 15:01:02,467 [ERROR] API Error 500: {"detail":"Server missing worker API key configuration"}
2026-08-08 15:01:07,843 [ERROR] API Error 500: {"detail":"Server missing worker API key configuration"}
2026-08-08 15:01:13,213 [ERROR] API Error 500: {"detail":"Server missing worker API key configuration"}
2026-08-08 15:01:18,564 [ERROR] API Error 500: {"detail":"Server missing worker API key configuration"}
2026-08-08 15:01:23,901 [ERROR] API Error 500: {"detail":"Server missing worker API key configuration"}
2026-08-08 15:01:29,258 [ERROR] API Error 500: {"detail":"Server missing worker API key configuration"}
2026-08-08 15:01:34,674 [ERROR] API Error 500: {"detail":"Server missing worker API key configuration"}
2026-08-08 15:01:40,060 [ERROR] API Error 500: {"detail":"Server missing worker API key configuration"}
2026-08-08 15:01:45,400 [ERROR] API Error 500: {"detail":"Server missing worker API key configuration"}
2026-08-08 15:01:50,759 [ERROR] API Error 500: {"detail":"Server missing worker API key configuration"}
2026-08-08 15:01:56,102 [ERROR] API Error 500: {"detail":"Server missing worker API key configuration"}
2026-08-08 15:02:01,754 [ERROR] API Error 500: {"detail":"Server missing worker API key configuration"}
2026-08-08 15:02:07,409 [ERROR] API Error 500: {"detail":"Server missing worker API key configuration"}
2026-08-08 15:02:12,759 [ERROR] API Error 500: {"detail":"Server missing worker API key configuration"}
2026-08-08 15:02:18,124 [ERROR] API Error 500: {"detail":"Server missing worker API key configuration"}
2026-08-08 15:02:23,778 [ERROR] API Error 500: {"detail":"Server missing worker API key configuration"}
2026-08-08 15:02:29,429 [ERROR] API Error 500: {"detail":"Server missing worker API key configuration"}
2026-08-08 15:02:34,832 [ERROR] API Error 500: {"detail":"Server missing worker API key configuration"}
2026-08-08 15:02:40,189 [ERROR] API Error 500: {"detail":"Server missing worker API key configuration"}
2026-08-08 15:02:45,541 [ERROR] API Error 500: {"detail":"Server missing worker API key configuration"}
2026-08-08 15:02:50,885 [ERROR] API Error 500: {"detail":"Server missing worker API key configuration"}
2026-08-08 15:02:56,253 [ERROR] API Error 500: {"detail":"Server missing worker API key configuration"}
2026-08-08 15:03:01,622 [ERROR] API Error 500: {"detail":"Server missing worker API key configuration"}
2026-08-08 15:03:06,981 [ERROR] API Error 500: {"detail":"Server missing worker API key configuration"}
2026-08-08 15:03:12,349 [ERROR] API Error 500: {"detail":"Server missing worker API key configuration"}
2026-08-08 15:03:17,729 [ERROR] API Error 500: {"detail":"Server missing worker API key configuration"}
2026-08-08 15:03:23,069 [ERROR] API Error 500: {"detail":"Server missing worker API key configuration"}
2026-08-08 15:03:28,413 [ERROR] API Error 500: {"detail":"Server missing worker API key configuration"}
2026-08-08 15:03:33,766 [ERROR] API Error 500: {"detail":"Server missing worker API key configuration"}
2026-08-08 15:03:39,396 [ERROR] API Error 500: {"detail":"Server missing worker API key configuration"}
2026-08-08 15:03:45,081 [ERROR] API Error 500: {"detail":"Server missing worker API key configuration"}
2026-08-08 15:03:50,416 [ERROR] API Error 500: {"detail":"Server missing worker API key configuration"}
2026-08-08 15:03:55,994 [ERROR] API Error 500: {"detail":"Server missing worker API key configuration"}
2026-08-08 17:18:59,495 [WORKER] [INFO] compile_ea imported successfully
2026-08-08 17:18:59,495 [WORKER] [INFO] deploy_ex5 imported successfully
2026-08-08 17:18:59,496 [WORKER] [INFO] MetaEditor found: C:\Program Files\MetaTrader 5\MetaEditor64.exe
2026-08-08 17:18:59,496 Discovering MT5 data folder under: C:\Users\infinityadmin\AppData\Roaming\MetaQuotes\Terminal
2026-08-08 17:18:59,498 Examined folders: ['Common', 'Community', 'D0E8209F77C8CF37AD8BF550E51FF075']
2026-08-08 17:18:59,498 Valid MT5 instances found: 1
2026-08-08 17:18:59,499 Selected MT5 instance: D0E8209F77C8CF37AD8BF550E51FF075  (score=55)
2026-08-08 17:18:59,499 MT5 data folder  : C:\Users\infinityadmin\AppData\Roaming\MetaQuotes\Terminal\D0E8209F77C8CF37AD8BF550E51FF075
2026-08-08 17:18:59,499 Experts folder   : C:\Users\infinityadmin\AppData\Roaming\MetaQuotes\Terminal\D0E8209F77C8CF37AD8BF550E51FF075\MQL5\Experts
2026-08-08 17:18:59,499 origin.txt points to MT5 install: C:\Program Files\MetaTrader 5
2026-08-08 17:18:59,499 [WORKER] [INFO] MT5 instance: D0E8209F77C8CF37AD8BF550E51FF075
2026-08-08 17:18:59,499 [WORKER] [INFO] Experts folder: C:\Users\infinityadmin\AppData\Roaming\MetaQuotes\Terminal\D0E8209F77C8CF37AD8BF550E51FF075\MQL5\Experts
2026-08-08 17:18:59,500 [WORKER] [INFO] All prerequisites verified
2026-08-08 17:34:24,100 [WORKER] [INFO] Starting
2026-08-08 17:34:24,101 [WORKER] [INFO] Worker ID      : windows-worker-01
2026-08-08 17:34:24,103 [WORKER] [INFO] API base URL   : https://infinity-trader-api.onrender.com/api/v1
2026-08-08 17:34:24,103 [WORKER] [INFO] Compiler dir   : C:\mt5-license-system\compiler
2026-08-08 17:34:24,104 [WORKER] [INFO] MetaEditor     : C:\Program Files\MetaTrader 5\metaeditor64.exe
2026-08-08 17:34:24,104 [WORKER] [INFO] Poll interval  : 5s
2026-08-08 17:34:24,110 [WORKER] [INFO] compile_ea imported successfully
2026-08-08 17:34:24,110 [WORKER] [INFO] deploy_ex5 imported successfully
2026-08-08 17:34:24,110 [WORKER] [INFO] MetaEditor found: C:\Program Files\MetaTrader 5\metaeditor64.exe
2026-08-08 17:34:24,111 Discovering MT5 data folder under: C:\Users\infinityadmin\AppData\Roaming\MetaQuotes\Terminal
2026-08-08 17:34:24,115 Examined folders: ['Common', 'Community', 'D0E8209F77C8CF37AD8BF550E51FF075']
2026-08-08 17:34:24,116 Valid MT5 instances found: 1
2026-08-08 17:34:24,117 Selected MT5 instance: D0E8209F77C8CF37AD8BF550E51FF075  (score=55)
2026-08-08 17:34:24,117 MT5 data folder  : C:\Users\infinityadmin\AppData\Roaming\MetaQuotes\Terminal\D0E8209F77C8CF37AD8BF550E51FF075
2026-08-08 17:34:24,118 Experts folder   : C:\Users\infinityadmin\AppData\Roaming\MetaQuotes\Terminal\D0E8209F77C8CF37AD8BF550E51FF075\MQL5\Experts
2026-08-08 17:34:24,119 origin.txt points to MT5 install: C:\Program Files\MetaTrader 5
2026-08-08 17:34:24,120 [WORKER] [INFO] MT5 instance: D0E8209F77C8CF37AD8BF550E51FF075
2026-08-08 17:34:24,120 [WORKER] [INFO] Experts folder: C:\Users\infinityadmin\AppData\Roaming\MetaQuotes\Terminal\D0E8209F77C8CF37AD8BF550E51FF075\MQL5\Experts
2026-08-08 17:34:24,120 [WORKER] [INFO] All prerequisites verified
2026-08-08 17:34:24,505 [WORKER] [INFO] API connected
2026-08-08 17:34:24,505 [WORKER] [INFO] Polling for jobs
2026-08-08 17:34:24,903 [WORKER] [ERROR] Job 21 has no expiry_date — cannot compile. Reporting failure.
2026-08-08 17:34:25,295 [WORKER] [INFO] Failure reported to API for job 21
2026-08-09 06:14:19,195 [WORKER] [INFO] Starting
2026-08-09 06:14:19,195 [WORKER] [INFO] Worker ID      : windows-worker-01
2026-08-09 06:14:19,196 [WORKER] [INFO] API base URL   : https://infinity-trader-api.onrender.com/api/v1
2026-08-09 06:14:19,196 [WORKER] [INFO] Compiler dir   : C:\mt5-license-system\compiler
2026-08-09 06:14:19,196 [WORKER] [INFO] MetaEditor     : C:\Program Files\MetaTrader 5\metaeditor64.exe
2026-08-09 06:14:19,196 [WORKER] [INFO] Poll interval  : 5s
2026-08-09 06:14:19,203 [WORKER] [INFO] compile_ea imported successfully
2026-08-09 06:14:19,203 [WORKER] [INFO] deploy_ex5 imported successfully
2026-08-09 06:14:19,204 [WORKER] [INFO] MetaEditor found: C:\Program Files\MetaTrader 5\metaeditor64.exe
2026-08-09 06:14:19,204 Discovering MT5 data folder under: C:\Users\infinityadmin\AppData\Roaming\MetaQuotes\Terminal
2026-08-09 06:14:19,224 Examined folders: ['Common', 'Community', 'D0E8209F77C8CF37AD8BF550E51FF075']
2026-08-09 06:14:19,225 Valid MT5 instances found: 1
2026-08-09 06:14:19,225 Selected MT5 instance: D0E8209F77C8CF37AD8BF550E51FF075  (score=55)
2026-08-09 06:14:19,225 MT5 data folder  : C:\Users\infinityadmin\AppData\Roaming\MetaQuotes\Terminal\D0E8209F77C8CF37AD8BF550E51FF075
2026-08-09 06:14:19,226 Experts folder   : C:\Users\infinityadmin\AppData\Roaming\MetaQuotes\Terminal\D0E8209F77C8CF37AD8BF550E51FF075\MQL5\Experts
2026-08-09 06:14:19,226 origin.txt points to MT5 install: C:\Program Files\MetaTrader 5
2026-08-09 06:14:19,227 [WORKER] [INFO] MT5 instance: D0E8209F77C8CF37AD8BF550E51FF075
2026-08-09 06:14:19,227 [WORKER] [INFO] Experts folder: C:\Users\infinityadmin\AppData\Roaming\MetaQuotes\Terminal\D0E8209F77C8CF37AD8BF550E51FF075\MQL5\Experts
2026-08-09 06:14:19,228 [WORKER] [INFO] All prerequisites verified
2026-08-09 06:14:20,162 [WORKER] [INFO] API connected
2026-08-09 06:14:20,162 [WORKER] [INFO] Polling for jobs
2026-08-09 06:14:20,848 [WORKER] [ERROR] Job 22 has no expiry_date — cannot compile. Reporting failure.
2026-08-09 06:14:21,229 [WORKER] [INFO] Failure reported to API for job 22
2026-08-09 06:14:26,912 [WORKER] [ERROR] Job 23 has no expiry_date — cannot compile. Reporting failure.
2026-08-09 06:14:27,284 [WORKER] [INFO] Failure reported to API for job 23
2026-08-09 06:51:17,395 [WORKER] [WARNING] Connection error while polling (network/Render cold start): ('Connection aborted.', ConnectionResetError(10054, 'An existing connection was forcibly closed by the remote host', None, 10054, None)). Sleeping 5s.
2026-08-09 07:13:05,110 [WORKER] [INFO] Job claimed: 23
2026-08-09 07:13:05,114 [WORKER] [INFO] MT5 ID: 3571598 | Expiry: 2026-09-07 | Plan: EA Basic Plan
2026-08-09 07:13:05,124 [WORKER] [INFO] Compilation started
2026-08-09 07:13:07,352 [WORKER] [INFO] Compilation successful
2026-08-09 07:13:07,353 [WORKER] [INFO] EX5 generated: C:\mt5-license-system\compiler\output\InfinityTrader_3571598_2026-09-07.ex5 (6676 bytes)
2026-08-09 07:13:07,353 [WORKER] [INFO] MT5 deployment started
2026-08-09 07:13:07,354 ============================================================
2026-08-09 07:13:07,355 Starting EX5 deployment
2026-08-09 07:13:07,356 ============================================================
2026-08-09 07:13:07,356 Source EX5       : C:\mt5-license-system\compiler\output\InfinityTrader_3571598_2026-09-07.ex5
2026-08-09 07:13:07,358 Source size      : 6676 bytes
2026-08-09 07:13:07,359 Discovering MT5 data folder...
2026-08-09 07:13:07,362 Discovering MT5 data folder under: C:\Users\infinityadmin\AppData\Roaming\MetaQuotes\Terminal
2026-08-09 07:13:07,366 Examined folders: ['Common', 'Community', 'D0E8209F77C8CF37AD8BF550E51FF075']
2026-08-09 07:13:07,367 Valid MT5 instances found: 1
2026-08-09 07:13:07,368 Selected MT5 instance: D0E8209F77C8CF37AD8BF550E51FF075  (score=55)
2026-08-09 07:13:07,369 MT5 data folder  : C:\Users\infinityadmin\AppData\Roaming\MetaQuotes\Terminal\D0E8209F77C8CF37AD8BF550E51FF075
2026-08-09 07:13:07,372 Experts folder   : C:\Users\infinityadmin\AppData\Roaming\MetaQuotes\Terminal\D0E8209F77C8CF37AD8BF550E51FF075\MQL5\Experts
2026-08-09 07:13:07,373 origin.txt points to MT5 install: C:\Program Files\MetaTrader 5
2026-08-09 07:13:07,375 Destination path : C:\Users\infinityadmin\AppData\Roaming\MetaQuotes\Terminal\D0E8209F77C8CF37AD8BF550E51FF075\MQL5\Experts\InfinityTrader_3571598_2026-09-07.ex5
2026-08-09 07:13:07,376 Calculating source SHA-256...
2026-08-09 07:13:07,379 Source SHA-256   : 0138f6d71f77797cee9eb17678b72b8223bff3e88e97268c41c52767c7e9171e
2026-08-09 07:13:07,380 Copying EX5 with shutil.copy2()...
2026-08-09 07:13:07,388 Destination size : 6676 bytes
2026-08-09 07:13:07,390 File sizes match  ✓
2026-08-09 07:13:07,390 Calculating destination SHA-256...
2026-08-09 07:13:07,433 Destination SHA-256: 0138f6d71f77797cee9eb17678b72b8223bff3e88e97268c41c52767c7e9171e
2026-08-09 07:13:07,434 SHA-256 hashes match ✓
2026-08-09 07:13:07,435 EX5 deployment completed
2026-08-09 07:13:07,435 ============================================================
2026-08-09 07:13:07,436 [WORKER] [INFO] MT5 deployment successful
2026-08-09 07:13:07,437 [WORKER] [INFO] Deployed to: C:\Users\infinityadmin\AppData\Roaming\MetaQuotes\Terminal\D0E8209F77C8CF37AD8BF550E51FF075\MQL5\Experts\InfinityTrader_3571598_2026-09-07.ex5
2026-08-09 07:13:07,437 [WORKER] [INFO] Size: 6676 bytes | SHA-256 match: True
2026-08-09 07:13:07,437 [WORKER] [INFO] Upload started
2026-08-09 07:13:08,251 [WORKER] [ERROR] Upload failed for job 23: HTTP 500
2026-08-09 07:13:08,252 [WORKER] [ERROR] Response: {"detail":"Supabase not configured on server"}
2026-08-09 07:13:09,580 [WORKER] [INFO] Worker stopped by user (KeyboardInterrupt)
2026-08-09 07:13:12,689 [WORKER] [INFO] Starting
2026-08-09 07:13:12,690 [WORKER] [INFO] Worker ID      : windows-worker-01
2026-08-09 07:13:12,692 [WORKER] [INFO] API base URL   : https://infinity-trader-api.onrender.com/api/v1
2026-08-09 07:13:12,692 [WORKER] [INFO] Compiler dir   : C:\mt5-license-system\compiler
2026-08-09 07:13:12,692 [WORKER] [INFO] MetaEditor     : C:\Program Files\MetaTrader 5\metaeditor64.exe
2026-08-09 07:13:12,693 [WORKER] [INFO] Poll interval  : 5s
2026-08-09 07:13:12,702 [WORKER] [INFO] compile_ea imported successfully
2026-08-09 07:13:12,703 [WORKER] [INFO] deploy_ex5 imported successfully
2026-08-09 07:13:12,703 [WORKER] [INFO] MetaEditor found: C:\Program Files\MetaTrader 5\metaeditor64.exe
2026-08-09 07:13:12,704 Discovering MT5 data folder under: C:\Users\infinityadmin\AppData\Roaming\MetaQuotes\Terminal
2026-08-09 07:13:12,708 Examined folders: ['Common', 'Community', 'D0E8209F77C8CF37AD8BF550E51FF075']
2026-08-09 07:13:12,709 Valid MT5 instances found: 1
2026-08-09 07:13:12,711 Selected MT5 instance: D0E8209F77C8CF37AD8BF550E51FF075  (score=55)
2026-08-09 07:13:12,712 MT5 data folder  : C:\Users\infinityadmin\AppData\Roaming\MetaQuotes\Terminal\D0E8209F77C8CF37AD8BF550E51FF075
2026-08-09 07:13:12,713 Experts folder   : C:\Users\infinityadmin\AppData\Roaming\MetaQuotes\Terminal\D0E8209F77C8CF37AD8BF550E51FF075\MQL5\Experts
2026-08-09 07:13:12,713 origin.txt points to MT5 install: C:\Program Files\MetaTrader 5
2026-08-09 07:13:12,714 [WORKER] [INFO] MT5 instance: D0E8209F77C8CF37AD8BF550E51FF075
2026-08-09 07:13:12,714 [WORKER] [INFO] Experts folder: C:\Users\infinityadmin\AppData\Roaming\MetaQuotes\Terminal\D0E8209F77C8CF37AD8BF550E51FF075\MQL5\Experts
2026-08-09 07:13:12,715 [WORKER] [INFO] All prerequisites verified
2026-08-09 07:13:14,394 [WORKER] [INFO] API connected
2026-08-09 07:13:14,394 [WORKER] [INFO] Polling for jobs
2026-08-09 07:13:15,722 [WORKER] [INFO] Job claimed: 22
2026-08-09 07:13:15,723 [WORKER] [INFO] MT5 ID: 123548 | Expiry: 2026-09-07 | Plan: EA Basic Plan
2026-08-09 07:13:15,724 [WORKER] [INFO] Compilation started
2026-08-09 07:13:16,644 [WORKER] [INFO] Compilation successful
2026-08-09 07:13:16,645 [WORKER] [INFO] EX5 generated: C:\mt5-license-system\compiler\output\InfinityTrader_123548_2026-09-07.ex5 (7210 bytes)
2026-08-09 07:13:16,646 [WORKER] [INFO] MT5 deployment started
2026-08-09 07:13:16,646 ============================================================
2026-08-09 07:13:16,647 Starting EX5 deployment
2026-08-09 07:13:16,648 ============================================================
2026-08-09 07:13:16,648 Source EX5       : C:\mt5-license-system\compiler\output\InfinityTrader_123548_2026-09-07.ex5
2026-08-09 07:13:16,649 Source size      : 7210 bytes
2026-08-09 07:13:16,650 Discovering MT5 data folder...
2026-08-09 07:13:16,651 Discovering MT5 data folder under: C:\Users\infinityadmin\AppData\Roaming\MetaQuotes\Terminal
2026-08-09 07:13:16,654 Examined folders: ['Common', 'Community', 'D0E8209F77C8CF37AD8BF550E51FF075']
2026-08-09 07:13:16,654 Valid MT5 instances found: 1
2026-08-09 07:13:16,655 Selected MT5 instance: D0E8209F77C8CF37AD8BF550E51FF075  (score=55)
2026-08-09 07:13:16,656 MT5 data folder  : C:\Users\infinityadmin\AppData\Roaming\MetaQuotes\Terminal\D0E8209F77C8CF37AD8BF550E51FF075
2026-08-09 07:13:16,657 Experts folder   : C:\Users\infinityadmin\AppData\Roaming\MetaQuotes\Terminal\D0E8209F77C8CF37AD8BF550E51FF075\MQL5\Experts
2026-08-09 07:13:16,658 origin.txt points to MT5 install: C:\Program Files\MetaTrader 5
2026-08-09 07:13:16,659 Destination path : C:\Users\infinityadmin\AppData\Roaming\MetaQuotes\Terminal\D0E8209F77C8CF37AD8BF550E51FF075\MQL5\Experts\InfinityTrader_123548_2026-09-07.ex5
2026-08-09 07:13:16,659 Calculating source SHA-256...
2026-08-09 07:13:16,660 Source SHA-256   : 2494f9729f514e0c35829285afdcdfabbbd49f325dd929a16c23b57a4cdad7f1
2026-08-09 07:13:16,661 Copying EX5 with shutil.copy2()...
2026-08-09 07:13:16,666 Destination size : 7210 bytes
2026-08-09 07:13:16,667 File sizes match  ✓
2026-08-09 07:13:16,668 Calculating destination SHA-256...
2026-08-09 07:13:16,685 Destination SHA-256: 2494f9729f514e0c35829285afdcdfabbbd49f325dd929a16c23b57a4cdad7f1
2026-08-09 07:13:16,686 SHA-256 hashes match ✓
2026-08-09 07:13:16,688 EX5 deployment completed
2026-08-09 07:13:16,689 ============================================================
2026-08-09 07:13:16,690 [WORKER] [INFO] MT5 deployment successful
2026-08-09 07:13:16,690 [WORKER] [INFO] Deployed to: C:\Users\infinityadmin\AppData\Roaming\MetaQuotes\Terminal\D0E8209F77C8CF37AD8BF550E51FF075\MQL5\Experts\InfinityTrader_123548_2026-09-07.ex5
2026-08-09 07:13:16,690 [WORKER] [INFO] Size: 7210 bytes | SHA-256 match: True
2026-08-09 07:13:16,691 [WORKER] [INFO] Upload started
2026-08-09 07:13:17,542 [WORKER] [ERROR] Upload failed for job 22: HTTP 500
2026-08-09 07:13:17,542 [WORKER] [ERROR] Response: {"detail":"Supabase not configured on server"}
2026-08-09 07:13:19,632 [WORKER] [INFO] Failure reported to API for job 22
2026-08-09 07:25:08,261 [WORKER] [INFO] Worker stopped by user (KeyboardInterrupt)
2026-08-09 07:25:11,356 [WORKER] [INFO] Starting
2026-08-09 07:25:11,356 [WORKER] [INFO] Worker ID      : windows-worker-01
2026-08-09 07:25:11,358 [WORKER] [INFO] API base URL   : https://infinity-trader-api.onrender.com/api/v1
2026-08-09 07:25:11,358 [WORKER] [INFO] Compiler dir   : C:\mt5-license-system\compiler
2026-08-09 07:25:11,359 [WORKER] [INFO] MetaEditor     : C:\Program Files\MetaTrader 5\metaeditor64.exe
2026-08-09 07:25:11,359 [WORKER] [INFO] Poll interval  : 5s
2026-08-09 07:25:11,365 [WORKER] [INFO] compile_ea imported successfully
2026-08-09 07:25:11,365 [WORKER] [INFO] deploy_ex5 imported successfully
2026-08-09 07:25:11,366 [WORKER] [INFO] MetaEditor found: C:\Program Files\MetaTrader 5\metaeditor64.exe
2026-08-09 07:25:11,368 Discovering MT5 data folder under: C:\Users\infinityadmin\AppData\Roaming\MetaQuotes\Terminal
2026-08-09 07:25:11,371 Examined folders: ['Common', 'Community', 'D0E8209F77C8CF37AD8BF550E51FF075']
2026-08-09 07:25:11,372 Valid MT5 instances found: 1
2026-08-09 07:25:11,372 Selected MT5 instance: D0E8209F77C8CF37AD8BF550E51FF075  (score=55)
2026-08-09 07:25:11,373 MT5 data folder  : C:\Users\infinityadmin\AppData\Roaming\MetaQuotes\Terminal\D0E8209F77C8CF37AD8BF550E51FF075
2026-08-09 07:25:11,374 Experts folder   : C:\Users\infinityadmin\AppData\Roaming\MetaQuotes\Terminal\D0E8209F77C8CF37AD8BF550E51FF075\MQL5\Experts
2026-08-09 07:25:11,375 origin.txt points to MT5 install: C:\Program Files\MetaTrader 5
2026-08-09 07:25:11,376 [WORKER] [INFO] MT5 instance: D0E8209F77C8CF37AD8BF550E51FF075
2026-08-09 07:25:11,377 [WORKER] [INFO] Experts folder: C:\Users\infinityadmin\AppData\Roaming\MetaQuotes\Terminal\D0E8209F77C8CF37AD8BF550E51FF075\MQL5\Experts
2026-08-09 07:25:11,378 [WORKER] [INFO] All prerequisites verified
2026-08-09 07:25:12,169 [WORKER] [INFO] API connected
2026-08-09 07:25:12,169 [WORKER] [INFO] Polling for jobs
2026-08-09 07:25:40,400 [WORKER] [INFO] Worker stopped by user (KeyboardInterrupt)
2026-08-09 07:25:47,176 [WORKER] [INFO] Starting
2026-08-09 07:25:47,176 [WORKER] [INFO] Worker ID      : windows-worker-01
2026-08-09 07:25:47,177 [WORKER] [INFO] API base URL   : https://infinity-trader-api.onrender.com/api/v1
2026-08-09 07:25:47,178 [WORKER] [INFO] Compiler dir   : C:\mt5-license-system\compiler
2026-08-09 07:25:47,178 [WORKER] [INFO] MetaEditor     : C:\Program Files\MetaTrader 5\metaeditor64.exe
2026-08-09 07:25:47,179 [WORKER] [INFO] Poll interval  : 5s
2026-08-09 07:25:47,184 [WORKER] [INFO] compile_ea imported successfully
2026-08-09 07:25:47,184 [WORKER] [INFO] deploy_ex5 imported successfully
2026-08-09 07:25:47,185 [WORKER] [INFO] MetaEditor found: C:\Program Files\MetaTrader 5\metaeditor64.exe
2026-08-09 07:25:47,186 Discovering MT5 data folder under: C:\Users\infinityadmin\AppData\Roaming\MetaQuotes\Terminal
2026-08-09 07:25:47,189 Examined folders: ['Common', 'Community', 'D0E8209F77C8CF37AD8BF550E51FF075']
2026-08-09 07:25:47,190 Valid MT5 instances found: 1
2026-08-09 07:25:47,191 Selected MT5 instance: D0E8209F77C8CF37AD8BF550E51FF075  (score=55)
2026-08-09 07:25:47,191 MT5 data folder  : C:\Users\infinityadmin\AppData\Roaming\MetaQuotes\Terminal\D0E8209F77C8CF37AD8BF550E51FF075
2026-08-09 07:25:47,192 Experts folder   : C:\Users\infinityadmin\AppData\Roaming\MetaQuotes\Terminal\D0E8209F77C8CF37AD8BF550E51FF075\MQL5\Experts
2026-08-09 07:25:47,193 origin.txt points to MT5 install: C:\Program Files\MetaTrader 5
2026-08-09 07:25:47,193 [WORKER] [INFO] MT5 instance: D0E8209F77C8CF37AD8BF550E51FF075
2026-08-09 07:25:47,194 [WORKER] [INFO] Experts folder: C:\Users\infinityadmin\AppData\Roaming\MetaQuotes\Terminal\D0E8209F77C8CF37AD8BF550E51FF075\MQL5\Experts
2026-08-09 07:25:47,194 [WORKER] [INFO] All prerequisites verified
2026-08-09 07:25:48,380 [WORKER] [INFO] API connected
2026-08-09 07:25:48,381 [WORKER] [INFO] Polling for jobs
2026-08-09 07:32:53,437 [WORKER] [INFO] Job claimed: 24
2026-08-09 07:32:53,437 [WORKER] [INFO] MT5 ID: 56987032 | Expiry: 2026-09-08 | Plan: EA Basic Plan
2026-08-09 07:32:53,439 [WORKER] [INFO] Compilation started
2026-08-09 07:32:55,160 [WORKER] [INFO] Compilation successful
2026-08-09 07:32:55,160 [WORKER] [INFO] EX5 generated: C:\mt5-license-system\compiler\output\InfinityTrader_56987032_2026-09-08.ex5 (6994 bytes)
2026-08-09 07:32:55,161 [WORKER] [INFO] MT5 deployment started
2026-08-09 07:32:55,162 ============================================================
2026-08-09 07:32:55,163 Starting EX5 deployment
2026-08-09 07:32:55,164 ============================================================
2026-08-09 07:32:55,166 Source EX5       : C:\mt5-license-system\compiler\output\InfinityTrader_56987032_2026-09-08.ex5
2026-08-09 07:32:55,167 Source size      : 6994 bytes
2026-08-09 07:32:55,169 Discovering MT5 data folder...
2026-08-09 07:32:55,170 Discovering MT5 data folder under: C:\Users\infinityadmin\AppData\Roaming\MetaQuotes\Terminal
2026-08-09 07:32:55,172 Examined folders: ['Common', 'Community', 'D0E8209F77C8CF37AD8BF550E51FF075']
2026-08-09 07:32:55,173 Valid MT5 instances found: 1
2026-08-09 07:32:55,174 Selected MT5 instance: D0E8209F77C8CF37AD8BF550E51FF075  (score=55)
2026-08-09 07:32:55,175 MT5 data folder  : C:\Users\infinityadmin\AppData\Roaming\MetaQuotes\Terminal\D0E8209F77C8CF37AD8BF550E51FF075
2026-08-09 07:32:55,175 Experts folder   : C:\Users\infinityadmin\AppData\Roaming\MetaQuotes\Terminal\D0E8209F77C8CF37AD8BF550E51FF075\MQL5\Experts
2026-08-09 07:32:55,176 origin.txt points to MT5 install: C:\Program Files\MetaTrader 5
2026-08-09 07:32:55,179 Destination path : C:\Users\infinityadmin\AppData\Roaming\MetaQuotes\Terminal\D0E8209F77C8CF37AD8BF550E51FF075\MQL5\Experts\InfinityTrader_56987032_2026-09-08.ex5
2026-08-09 07:32:55,180 Calculating source SHA-256...
2026-08-09 07:32:55,181 Source SHA-256   : db1638ff1dfdb31f99fa2b574714dfb5f0baec535889713c320b631034f7dc2c
2026-08-09 07:32:55,182 Copying EX5 with shutil.copy2()...
2026-08-09 07:32:55,186 Destination size : 6994 bytes
2026-08-09 07:32:55,187 File sizes match  ✓
2026-08-09 07:32:55,189 Calculating destination SHA-256...
2026-08-09 07:32:55,200 Destination SHA-256: db1638ff1dfdb31f99fa2b574714dfb5f0baec535889713c320b631034f7dc2c
2026-08-09 07:32:55,200 SHA-256 hashes match ✓
2026-08-09 07:32:55,201 EX5 deployment completed
2026-08-09 07:32:55,202 ============================================================
2026-08-09 07:32:55,202 [WORKER] [INFO] MT5 deployment successful
2026-08-09 07:32:55,203 [WORKER] [INFO] Deployed to: C:\Users\infinityadmin\AppData\Roaming\MetaQuotes\Terminal\D0E8209F77C8CF37AD8BF550E51FF075\MQL5\Experts\InfinityTrader_56987032_2026-09-08.ex5
2026-08-09 07:32:55,203 [WORKER] [INFO] Size: 6994 bytes | SHA-256 match: True
2026-08-09 07:32:55,203 [WORKER] [INFO] Upload started
2026-08-09 07:32:59,492 [WORKER] [ERROR] Upload failed for job 24: HTTP 500
2026-08-09 07:32:59,492 [WORKER] [ERROR] Response: {"detail":"Storage error: {'statusCode': 404, 'error': Bucket not found, 'message': Bucket not found}"}
2026-08-09 07:33:00,655 [WORKER] [INFO] Failure reported to API for job 24
2026-08-09 07:44:29,309 [WORKER] [INFO] Worker stopped by user (KeyboardInterrupt)
2026-08-09 07:44:32,671 [WORKER] [INFO] Starting
2026-08-09 07:44:32,672 [WORKER] [INFO] Worker ID      : windows-worker-01
2026-08-09 07:44:32,673 [WORKER] [INFO] API base URL   : https://infinity-trader-api.onrender.com/api/v1
2026-08-09 07:44:32,673 [WORKER] [INFO] Compiler dir   : C:\mt5-license-system\compiler
2026-08-09 07:44:32,674 [WORKER] [INFO] MetaEditor     : C:\Program Files\MetaTrader 5\metaeditor64.exe
2026-08-09 07:44:32,674 [WORKER] [INFO] Poll interval  : 5s
2026-08-09 07:44:32,685 [WORKER] [INFO] compile_ea imported successfully
2026-08-09 07:44:32,690 [WORKER] [INFO] deploy_ex5 imported successfully
2026-08-09 07:44:32,691 [WORKER] [INFO] MetaEditor found: C:\Program Files\MetaTrader 5\metaeditor64.exe
2026-08-09 07:44:32,693 Discovering MT5 data folder under: C:\Users\infinityadmin\AppData\Roaming\MetaQuotes\Terminal
2026-08-09 07:44:32,699 Examined folders: ['Common', 'Community', 'D0E8209F77C8CF37AD8BF550E51FF075']
2026-08-09 07:44:32,699 Valid MT5 instances found: 1
2026-08-09 07:44:32,700 Selected MT5 instance: D0E8209F77C8CF37AD8BF550E51FF075  (score=55)
2026-08-09 07:44:32,701 MT5 data folder  : C:\Users\infinityadmin\AppData\Roaming\MetaQuotes\Terminal\D0E8209F77C8CF37AD8BF550E51FF075
2026-08-09 07:44:32,703 Experts folder   : C:\Users\infinityadmin\AppData\Roaming\MetaQuotes\Terminal\D0E8209F77C8CF37AD8BF550E51FF075\MQL5\Experts
2026-08-09 07:44:32,704 origin.txt points to MT5 install: C:\Program Files\MetaTrader 5
2026-08-09 07:44:32,704 [WORKER] [INFO] MT5 instance: D0E8209F77C8CF37AD8BF550E51FF075
2026-08-09 07:44:32,705 [WORKER] [INFO] Experts folder: C:\Users\infinityadmin\AppData\Roaming\MetaQuotes\Terminal\D0E8209F77C8CF37AD8BF550E51FF075\MQL5\Experts
2026-08-09 07:44:32,705 [WORKER] [INFO] All prerequisites verified
2026-08-09 07:44:33,232 [WORKER] [INFO] API connected
2026-08-09 07:44:33,233 [WORKER] [INFO] Polling for jobs
2026-08-09 07:45:48,136 [WORKER] [INFO] Job claimed: 25
2026-08-09 07:46:11,047 [WORKER] [INFO] MT5 ID: 359 | Expiry: 2026-09-08 | Plan: EA Basic Plan
2026-08-09 07:46:11,049 [WORKER] [INFO] Compilation started
2026-08-09 07:46:12,748 [WORKER] [INFO] Compilation successful
2026-08-09 07:46:12,749 [WORKER] [INFO] EX5 generated: C:\mt5-license-system\compiler\output\InfinityTrader_359_2026-09-08.ex5 (6772 bytes)
2026-08-09 07:46:12,749 [WORKER] [INFO] MT5 deployment started
2026-08-09 07:46:12,750 ============================================================
2026-08-09 07:46:12,750 Starting EX5 deployment
2026-08-09 07:46:12,752 ============================================================
2026-08-09 07:46:12,753 Source EX5       : C:\mt5-license-system\compiler\output\InfinityTrader_359_2026-09-08.ex5
2026-08-09 07:46:12,754 Source size      : 6772 bytes
2026-08-09 07:46:12,755 Discovering MT5 data folder...
2026-08-09 07:46:12,755 Discovering MT5 data folder under: C:\Users\infinityadmin\AppData\Roaming\MetaQuotes\Terminal
2026-08-09 07:46:12,759 Examined folders: ['Common', 'Community', 'D0E8209F77C8CF37AD8BF550E51FF075']
2026-08-09 07:46:12,760 Valid MT5 instances found: 1
2026-08-09 07:46:12,761 Selected MT5 instance: D0E8209F77C8CF37AD8BF550E51FF075  (score=55)
2026-08-09 07:46:12,762 MT5 data folder  : C:\Users\infinityadmin\AppData\Roaming\MetaQuotes\Terminal\D0E8209F77C8CF37AD8BF550E51FF075
2026-08-09 07:46:12,762 Experts folder   : C:\Users\infinityadmin\AppData\Roaming\MetaQuotes\Terminal\D0E8209F77C8CF37AD8BF550E51FF075\MQL5\Experts
2026-08-09 07:46:12,763 origin.txt points to MT5 install: C:\Program Files\MetaTrader 5
2026-08-09 07:46:12,764 Destination path : C:\Users\infinityadmin\AppData\Roaming\MetaQuotes\Terminal\D0E8209F77C8CF37AD8BF550E51FF075\MQL5\Experts\InfinityTrader_359_2026-09-08.ex5
2026-08-09 07:46:12,765 Calculating source SHA-256...
2026-08-09 07:46:12,768 Source SHA-256   : 7a6c0c7fabce1537f821d634cf241d1bd9805ae32a31e520fa25f2c94737375c
2026-08-09 07:46:12,770 Copying EX5 with shutil.copy2()...
2026-08-09 07:46:12,777 Destination size : 6772 bytes
2026-08-09 07:46:12,778 File sizes match  ✓
2026-08-09 07:46:12,779 Calculating destination SHA-256...
2026-08-09 07:46:12,789 Destination SHA-256: 7a6c0c7fabce1537f821d634cf241d1bd9805ae32a31e520fa25f2c94737375c
2026-08-09 07:46:12,790 SHA-256 hashes match ✓
2026-08-09 07:46:12,791 EX5 deployment completed
2026-08-09 07:46:12,792 ============================================================
2026-08-09 07:46:12,792 [WORKER] [INFO] MT5 deployment successful
2026-08-09 07:46:12,793 [WORKER] [INFO] Deployed to: C:\Users\infinityadmin\AppData\Roaming\MetaQuotes\Terminal\D0E8209F77C8CF37AD8BF550E51FF075\MQL5\Experts\InfinityTrader_359_2026-09-08.ex5
2026-08-09 07:46:12,793 [WORKER] [INFO] Size: 6772 bytes | SHA-256 match: True
2026-08-09 07:46:12,794 [WORKER] [INFO] Upload started
2026-08-09 07:46:14,707 [WORKER] [INFO] Upload successful
2026-08-09 07:46:14,707 [WORKER] [SUCCESS] Job completed: 25
2026-08-09 07:46:21,329 [WORKER] [INFO] Job claimed: 24
2026-08-09 07:46:21,330 [WORKER] [INFO] MT5 ID: 56987032 | Expiry: 2026-09-08 | Plan: EA Basic Plan
2026-08-09 07:46:21,333 [WORKER] [INFO] Compilation started
2026-08-09 07:46:22,220 [WORKER] [INFO] Compilation successful
2026-08-09 07:46:22,220 [WORKER] [INFO] EX5 generated: C:\mt5-license-system\compiler\output\InfinityTrader_56987032_2026-09-08.ex5 (7410 bytes)
2026-08-09 07:46:22,221 [WORKER] [INFO] MT5 deployment started
2026-08-09 07:46:22,221 ============================================================
2026-08-09 07:46:22,222 Starting EX5 deployment
2026-08-09 07:46:22,223 ============================================================
2026-08-09 07:46:22,224 Source EX5       : C:\mt5-license-system\compiler\output\InfinityTrader_56987032_2026-09-08.ex5
2026-08-09 07:46:22,224 Source size      : 7410 bytes
2026-08-09 07:46:22,225 Discovering MT5 data folder...
2026-08-09 07:46:22,226 Discovering MT5 data folder under: C:\Users\infinityadmin\AppData\Roaming\MetaQuotes\Terminal
2026-08-09 07:46:22,229 Examined folders: ['Common', 'Community', 'D0E8209F77C8CF37AD8BF550E51FF075']
2026-08-09 07:46:22,230 Valid MT5 instances found: 1
2026-08-09 07:46:22,231 Selected MT5 instance: D0E8209F77C8CF37AD8BF550E51FF075  (score=55)
2026-08-09 07:46:22,231 MT5 data folder  : C:\Users\infinityadmin\AppData\Roaming\MetaQuotes\Terminal\D0E8209F77C8CF37AD8BF550E51FF075
2026-08-09 07:46:22,232 Experts folder   : C:\Users\infinityadmin\AppData\Roaming\MetaQuotes\Terminal\D0E8209F77C8CF37AD8BF550E51FF075\MQL5\Experts
2026-08-09 07:46:22,233 origin.txt points to MT5 install: C:\Program Files\MetaTrader 5
2026-08-09 07:46:22,234 Destination path : C:\Users\infinityadmin\AppData\Roaming\MetaQuotes\Terminal\D0E8209F77C8CF37AD8BF550E51FF075\MQL5\Experts\InfinityTrader_56987032_2026-09-08.ex5
2026-08-09 07:46:22,236 Destination file already exists — will overwrite safely
2026-08-09 07:46:22,237 Calculating source SHA-256...
2026-08-09 07:46:22,240 Source SHA-256   : 5deeb528810cc776e670172f9b2c227fdb6b8272191a78ba0c01b088274397aa
2026-08-09 07:46:22,240 Copying EX5 with shutil.copy2()...
2026-08-09 07:46:22,243 Destination size : 7410 bytes
2026-08-09 07:46:22,244 File sizes match  ✓
2026-08-09 07:46:22,245 Calculating destination SHA-256...
2026-08-09 07:46:22,257 Destination SHA-256: 5deeb528810cc776e670172f9b2c227fdb6b8272191a78ba0c01b088274397aa
2026-08-09 07:46:22,258 SHA-256 hashes match ✓
2026-08-09 07:46:22,258 EX5 deployment completed
2026-08-09 07:46:22,259 ============================================================
2026-08-09 07:46:22,261 [WORKER] [INFO] MT5 deployment successful
2026-08-09 07:46:22,261 [WORKER] [INFO] Deployed to: C:\Users\infinityadmin\AppData\Roaming\MetaQuotes\Terminal\D0E8209F77C8CF37AD8BF550E51FF075\MQL5\Experts\InfinityTrader_56987032_2026-09-08.ex5
2026-08-09 07:46:22,262 [WORKER] [INFO] Size: 7410 bytes | SHA-256 match: True
2026-08-09 07:46:22,262 [WORKER] [INFO] Upload started
2026-08-09 07:46:24,854 [WORKER] [INFO] Upload successful
2026-08-09 07:46:24,854 [WORKER] [SUCCESS] Job completed: 24
2026-08-09 07:59:11,220 [WORKER] [INFO] Job claimed: 23
2026-08-09 07:59:11,222 [WORKER] [INFO] MT5 ID: 3571598 | Expiry: 2026-09-07 | Plan: EA Basic Plan
2026-08-09 07:59:11,222 [WORKER] [INFO] Compilation started
2026-08-09 07:59:13,169 [WORKER] [INFO] Compilation successful
2026-08-09 07:59:13,169 [WORKER] [INFO] EX5 generated: C:\mt5-license-system\compiler\output\InfinityTrader_3571598_2026-09-07.ex5 (6802 bytes)
2026-08-09 07:59:13,170 [WORKER] [INFO] MT5 deployment started
2026-08-09 07:59:13,171 ============================================================
2026-08-09 07:59:13,172 Starting EX5 deployment
2026-08-09 07:59:13,172 ============================================================
2026-08-09 07:59:13,173 Source EX5       : C:\mt5-license-system\compiler\output\InfinityTrader_3571598_2026-09-07.ex5
2026-08-09 07:59:13,174 Source size      : 6802 bytes
2026-08-09 07:59:13,175 Discovering MT5 data folder...
2026-08-09 07:59:13,175 Discovering MT5 data folder under: C:\Users\infinityadmin\AppData\Roaming\MetaQuotes\Terminal
2026-08-09 07:59:13,183 Examined folders: ['Common', 'Community', 'D0E8209F77C8CF37AD8BF550E51FF075']
2026-08-09 07:59:13,185 Valid MT5 instances found: 1
2026-08-09 07:59:13,185 Selected MT5 instance: D0E8209F77C8CF37AD8BF550E51FF075  (score=55)
2026-08-09 07:59:13,186 MT5 data folder  : C:\Users\infinityadmin\AppData\Roaming\MetaQuotes\Terminal\D0E8209F77C8CF37AD8BF550E51FF075
2026-08-09 07:59:13,187 Experts folder   : C:\Users\infinityadmin\AppData\Roaming\MetaQuotes\Terminal\D0E8209F77C8CF37AD8BF550E51FF075\MQL5\Experts
2026-08-09 07:59:13,188 origin.txt points to MT5 install: C:\Program Files\MetaTrader 5
2026-08-09 07:59:13,189 Destination path : C:\Users\infinityadmin\AppData\Roaming\MetaQuotes\Terminal\D0E8209F77C8CF37AD8BF550E51FF075\MQL5\Experts\InfinityTrader_3571598_2026-09-07.ex5
2026-08-09 07:59:13,189 Destination file already exists — will overwrite safely
2026-08-09 07:59:13,190 Calculating source SHA-256...
2026-08-09 07:59:13,191 Source SHA-256   : 25de5377a2c00d9eaff890726f20670fd4b09810ea4693bd33d32bf91e2ae78c
2026-08-09 07:59:13,192 Copying EX5 with shutil.copy2()...
2026-08-09 07:59:13,195 Destination size : 6802 bytes
2026-08-09 07:59:13,196 File sizes match  ✓
2026-08-09 07:59:13,197 Calculating destination SHA-256...
2026-08-09 07:59:13,206 Destination SHA-256: 25de5377a2c00d9eaff890726f20670fd4b09810ea4693bd33d32bf91e2ae78c
2026-08-09 07:59:13,207 SHA-256 hashes match ✓
2026-08-09 07:59:13,208 EX5 deployment completed
2026-08-09 07:59:13,209 ============================================================
2026-08-09 07:59:13,209 [WORKER] [INFO] MT5 deployment successful
2026-08-09 07:59:13,213 [WORKER] [INFO] Deployed to: C:\Users\infinityadmin\AppData\Roaming\MetaQuotes\Terminal\D0E8209F77C8CF37AD8BF550E51FF075\MQL5\Experts\InfinityTrader_3571598_2026-09-07.ex5
2026-08-09 07:59:13,214 [WORKER] [INFO] Size: 6802 bytes | SHA-256 match: True
2026-08-09 07:59:13,217 [WORKER] [INFO] Upload started
2026-08-09 07:59:16,769 [WORKER] [INFO] Upload successful
2026-08-09 07:59:16,770 [WORKER] [SUCCESS] Job completed: 23
2026-08-09 08:03:28,758 [WORKER] [INFO] Job claimed: 26
2026-08-09 08:03:28,758 [WORKER] [INFO] MT5 ID: 89865 | Expiry: 2026-09-08 | Plan: EA Basic Plan
2026-08-09 08:03:28,759 [WORKER] [INFO] Compilation started
2026-08-09 08:03:30,055 [WORKER] [INFO] Compilation successful
2026-08-09 08:03:30,055 [WORKER] [INFO] EX5 generated: C:\mt5-license-system\compiler\output\InfinityTrader_89865_2026-09-08.ex5 (6710 bytes)
2026-08-09 08:03:30,056 [WORKER] [INFO] MT5 deployment started
2026-08-09 08:03:30,057 ============================================================
2026-08-09 08:03:30,057 Starting EX5 deployment
2026-08-09 08:03:30,058 ============================================================
2026-08-09 08:03:30,059 Source EX5       : C:\mt5-license-system\compiler\output\InfinityTrader_89865_2026-09-08.ex5
2026-08-09 08:03:30,059 Source size      : 6710 bytes
2026-08-09 08:03:30,060 Discovering MT5 data folder...
2026-08-09 08:03:30,061 Discovering MT5 data folder under: C:\Users\infinityadmin\AppData\Roaming\MetaQuotes\Terminal
2026-08-09 08:03:30,065 Examined folders: ['Common', 'Community', 'D0E8209F77C8CF37AD8BF550E51FF075']
2026-08-09 08:03:30,066 Valid MT5 instances found: 1
2026-08-09 08:03:30,066 Selected MT5 instance: D0E8209F77C8CF37AD8BF550E51FF075  (score=55)
2026-08-09 08:03:30,067 MT5 data folder  : C:\Users\infinityadmin\AppData\Roaming\MetaQuotes\Terminal\D0E8209F77C8CF37AD8BF550E51FF075
2026-08-09 08:03:30,068 Experts folder   : C:\Users\infinityadmin\AppData\Roaming\MetaQuotes\Terminal\D0E8209F77C8CF37AD8BF550E51FF075\MQL5\Experts
2026-08-09 08:03:30,069 origin.txt points to MT5 install: C:\Program Files\MetaTrader 5
2026-08-09 08:03:30,070 Destination path : C:\Users\infinityadmin\AppData\Roaming\MetaQuotes\Terminal\D0E8209F77C8CF37AD8BF550E51FF075\MQL5\Experts\InfinityTrader_89865_2026-09-08.ex5
2026-08-09 08:03:30,070 Calculating source SHA-256...
2026-08-09 08:03:30,071 Source SHA-256   : df947cdee5cb16144aadcba6a887f77cd4c58f2677b297ffd24d41ba8c2b420e
2026-08-09 08:03:30,072 Copying EX5 with shutil.copy2()...
2026-08-09 08:03:30,076 Destination size : 6710 bytes
2026-08-09 08:03:30,077 File sizes match  ✓
2026-08-09 08:03:30,078 Calculating destination SHA-256...
2026-08-09 08:03:30,087 Destination SHA-256: df947cdee5cb16144aadcba6a887f77cd4c58f2677b297ffd24d41ba8c2b420e
2026-08-09 08:03:30,088 SHA-256 hashes match ✓
2026-08-09 08:03:30,089 EX5 deployment completed
2026-08-09 08:03:30,090 ============================================================
2026-08-09 08:03:30,090 [WORKER] [INFO] MT5 deployment successful
2026-08-09 08:03:30,091 [WORKER] [INFO] Deployed to: C:\Users\infinityadmin\AppData\Roaming\MetaQuotes\Terminal\D0E8209F77C8CF37AD8BF550E51FF075\MQL5\Experts\InfinityTrader_89865_2026-09-08.ex5
2026-08-09 08:03:30,091 [WORKER] [INFO] Size: 6710 bytes | SHA-256 match: True
2026-08-09 08:03:30,091 [WORKER] [INFO] Upload started
2026-08-09 08:03:31,546 [WORKER] [INFO] Upload successful
2026-08-09 08:03:31,546 [WORKER] [SUCCESS] Job completed: 26
2026-08-09 08:27:42,170 [WORKER] [INFO] Job claimed: 27
2026-08-09 08:27:42,171 [WORKER] [INFO] MT5 ID: 12 | Expiry: 2026-09-08 | Plan: EA Basic Plan
2026-08-09 08:27:42,171 [WORKER] [INFO] Compilation started
2026-08-09 08:27:43,574 [WORKER] [INFO] Compilation successful
2026-08-09 08:27:43,574 [WORKER] [INFO] EX5 generated: C:\mt5-license-system\compiler\output\InfinityTrader_12_2026-09-08.ex5 (7222 bytes)
2026-08-09 08:27:43,575 [WORKER] [INFO] MT5 deployment started
2026-08-09 08:27:43,576 ============================================================
2026-08-09 08:27:43,576 Starting EX5 deployment
2026-08-09 08:27:43,577 ============================================================
2026-08-09 08:27:43,578 Source EX5       : C:\mt5-license-system\compiler\output\InfinityTrader_12_2026-09-08.ex5
2026-08-09 08:27:43,579 Source size      : 7222 bytes
2026-08-09 08:27:43,582 Discovering MT5 data folder...
2026-08-09 08:27:43,597 Discovering MT5 data folder under: C:\Users\infinityadmin\AppData\Roaming\MetaQuotes\Terminal
2026-08-09 08:27:43,601 Examined folders: ['Common', 'Community', 'D0E8209F77C8CF37AD8BF550E51FF075']
2026-08-09 08:27:43,602 Valid MT5 instances found: 1
2026-08-09 08:27:43,603 Selected MT5 instance: D0E8209F77C8CF37AD8BF550E51FF075  (score=55)
2026-08-09 08:27:43,605 MT5 data folder  : C:\Users\infinityadmin\AppData\Roaming\MetaQuotes\Terminal\D0E8209F77C8CF37AD8BF550E51FF075
2026-08-09 08:27:43,606 Experts folder   : C:\Users\infinityadmin\AppData\Roaming\MetaQuotes\Terminal\D0E8209F77C8CF37AD8BF550E51FF075\MQL5\Experts
2026-08-09 08:27:43,607 origin.txt points to MT5 install: C:\Program Files\MetaTrader 5
2026-08-09 08:27:43,611 Destination path : C:\Users\infinityadmin\AppData\Roaming\MetaQuotes\Terminal\D0E8209F77C8CF37AD8BF550E51FF075\MQL5\Experts\InfinityTrader_12_2026-09-08.ex5
2026-08-09 08:27:43,612 Calculating source SHA-256...
2026-08-09 08:27:43,627 Source SHA-256   : 39d28c06e563efcd0d2cf360833cf3ebbc4c7602a805fcac0ca2a84c55b05f64
2026-08-09 08:27:43,628 Copying EX5 with shutil.copy2()...
2026-08-09 08:27:43,631 Destination size : 7222 bytes
2026-08-09 08:27:43,632 File sizes match  ✓
2026-08-09 08:27:43,633 Calculating destination SHA-256...
2026-08-09 08:27:43,646 Destination SHA-256: 39d28c06e563efcd0d2cf360833cf3ebbc4c7602a805fcac0ca2a84c55b05f64
2026-08-09 08:27:43,647 SHA-256 hashes match ✓
2026-08-09 08:27:43,647 EX5 deployment completed
2026-08-09 08:27:43,648 ============================================================
2026-08-09 08:27:43,648 [WORKER] [INFO] MT5 deployment successful
2026-08-09 08:27:43,649 [WORKER] [INFO] Deployed to: C:\Users\infinityadmin\AppData\Roaming\MetaQuotes\Terminal\D0E8209F77C8CF37AD8BF550E51FF075\MQL5\Experts\InfinityTrader_12_2026-09-08.ex5
2026-08-09 08:27:43,649 [WORKER] [INFO] Size: 7222 bytes | SHA-256 match: True
2026-08-09 08:27:43,649 [WORKER] [INFO] Upload started
2026-08-09 08:27:53,240 [WORKER] [INFO] Upload successful
2026-08-09 08:27:53,240 [WORKER] [SUCCESS] Job completed: 27
2026-08-09 08:31:28,861 [WORKER] [WARNING] Connection error while polling (network/Render cold start): ('Connection aborted.', RemoteDisconnected('Remote end closed connection without response')). Sleeping 5s.
2026-08-09 08:37:31,868 [WORKER] [INFO] Job claimed: 28
2026-08-09 08:37:31,877 [WORKER] [INFO] MT5 ID: 12345687 | Expiry: 2026-09-08 | Plan: EA Basic Plan
2026-08-09 08:37:31,878 [WORKER] [INFO] Compilation started
2026-08-09 08:37:33,478 [WORKER] [INFO] Compilation successful
2026-08-09 08:37:33,478 [WORKER] [INFO] EX5 generated: C:\mt5-license-system\compiler\output\InfinityTrader_12345687_2026-09-08.ex5 (8050 bytes)
2026-08-09 08:37:33,478 [WORKER] [INFO] MT5 deployment started
2026-08-09 08:37:33,479 ============================================================
2026-08-09 08:37:33,479 Starting EX5 deployment
2026-08-09 08:37:33,479 ============================================================
2026-08-09 08:37:33,480 Source EX5       : C:\mt5-license-system\compiler\output\InfinityTrader_12345687_2026-09-08.ex5
2026-08-09 08:37:33,480 Source size      : 8050 bytes
2026-08-09 08:37:33,481 Discovering MT5 data folder...
2026-08-09 08:37:33,481 Discovering MT5 data folder under: C:\Users\infinityadmin\AppData\Roaming\MetaQuotes\Terminal
2026-08-09 08:37:33,484 Examined folders: ['Common', 'Community', 'D0E8209F77C8CF37AD8BF550E51FF075']
2026-08-09 08:37:33,485 Valid MT5 instances found: 1
2026-08-09 08:37:33,485 Selected MT5 instance: D0E8209F77C8CF37AD8BF550E51FF075  (score=55)
2026-08-09 08:37:33,486 MT5 data folder  : C:\Users\infinityadmin\AppData\Roaming\MetaQuotes\Terminal\D0E8209F77C8CF37AD8BF550E51FF075
2026-08-09 08:37:33,486 Experts folder   : C:\Users\infinityadmin\AppData\Roaming\MetaQuotes\Terminal\D0E8209F77C8CF37AD8BF550E51FF075\MQL5\Experts
2026-08-09 08:37:33,486 origin.txt points to MT5 install: C:\Program Files\MetaTrader 5
2026-08-09 08:37:33,492 Destination path : C:\Users\infinityadmin\AppData\Roaming\MetaQuotes\Terminal\D0E8209F77C8CF37AD8BF550E51FF075\MQL5\Experts\InfinityTrader_12345687_2026-09-08.ex5
2026-08-09 08:37:33,493 Calculating source SHA-256...
2026-08-09 08:37:33,493 Source SHA-256   : 2601f4b8c1494af230c895eb8cd7dac9ce2224193d673670796685eb762dd962
2026-08-09 08:37:33,494 Copying EX5 with shutil.copy2()...
2026-08-09 08:37:33,496 Destination size : 8050 bytes
2026-08-09 08:37:33,496 File sizes match  ✓
2026-08-09 08:37:33,496 Calculating destination SHA-256...
2026-08-09 08:37:33,506 Destination SHA-256: 2601f4b8c1494af230c895eb8cd7dac9ce2224193d673670796685eb762dd962
2026-08-09 08:37:33,506 SHA-256 hashes match ✓
2026-08-09 08:37:33,506 EX5 deployment completed
2026-08-09 08:37:33,507 ============================================================
2026-08-09 08:37:33,507 [WORKER] [INFO] MT5 deployment successful
2026-08-09 08:37:33,507 [WORKER] [INFO] Deployed to: C:\Users\infinityadmin\AppData\Roaming\MetaQuotes\Terminal\D0E8209F77C8CF37AD8BF550E51FF075\MQL5\Experts\InfinityTrader_12345687_2026-09-08.ex5
2026-08-09 08:37:33,508 [WORKER] [INFO] Size: 8050 bytes | SHA-256 match: True
2026-08-09 08:37:33,508 [WORKER] [INFO] Upload started
2026-08-09 08:37:34,869 [WORKER] [INFO] Upload successful
2026-08-09 08:37:34,869 [WORKER] [SUCCESS] Job completed: 28
2026-08-09 08:53:42,131 [WORKER] [INFO] Job claimed: 29
2026-08-09 08:53:42,132 [WORKER] [INFO] MT5 ID: 865446 | Expiry: 2026-09-08 | Plan: EA Basic Plan
2026-08-09 08:53:42,133 [WORKER] [INFO] Compilation started
2026-08-09 08:53:43,446 [WORKER] [INFO] Compilation successful
2026-08-09 08:53:43,446 [WORKER] [INFO] EX5 generated: C:\mt5-license-system\compiler\output\InfinityTrader_865446_2026-09-08.ex5 (7672 bytes)
2026-08-09 08:53:43,447 [WORKER] [INFO] MT5 deployment started
2026-08-09 08:53:43,448 ============================================================
2026-08-09 08:53:43,448 Starting EX5 deployment
2026-08-09 08:53:43,449 ============================================================
2026-08-09 08:53:43,450 Source EX5       : C:\mt5-license-system\compiler\output\InfinityTrader_865446_2026-09-08.ex5
2026-08-09 08:53:43,451 Source size      : 7672 bytes
2026-08-09 08:53:43,451 Discovering MT5 data folder...
2026-08-09 08:53:43,452 Discovering MT5 data folder under: C:\Users\infinityadmin\AppData\Roaming\MetaQuotes\Terminal
2026-08-09 08:53:43,454 Examined folders: ['Common', 'Community', 'D0E8209F77C8CF37AD8BF550E51FF075']
2026-08-09 08:53:43,457 Valid MT5 instances found: 1
2026-08-09 08:53:43,457 Selected MT5 instance: D0E8209F77C8CF37AD8BF550E51FF075  (score=55)
2026-08-09 08:53:43,458 MT5 data folder  : C:\Users\infinityadmin\AppData\Roaming\MetaQuotes\Terminal\D0E8209F77C8CF37AD8BF550E51FF075
2026-08-09 08:53:43,459 Experts folder   : C:\Users\infinityadmin\AppData\Roaming\MetaQuotes\Terminal\D0E8209F77C8CF37AD8BF550E51FF075\MQL5\Experts
2026-08-09 08:53:43,460 origin.txt points to MT5 install: C:\Program Files\MetaTrader 5
2026-08-09 08:53:43,461 Destination path : C:\Users\infinityadmin\AppData\Roaming\MetaQuotes\Terminal\D0E8209F77C8CF37AD8BF550E51FF075\MQL5\Experts\InfinityTrader_865446_2026-09-08.ex5
2026-08-09 08:53:43,461 Calculating source SHA-256...
2026-08-09 08:53:43,462 Source SHA-256   : 6c154ab27df49798987af56b98b88569c1680811f5f60d3c2c16b9d76528a452
2026-08-09 08:53:43,463 Copying EX5 with shutil.copy2()...
2026-08-09 08:53:43,465 Destination size : 7672 bytes
2026-08-09 08:53:43,468 File sizes match  ✓
2026-08-09 08:53:43,469 Calculating destination SHA-256...
2026-08-09 08:53:43,478 Destination SHA-256: 6c154ab27df49798987af56b98b88569c1680811f5f60d3c2c16b9d76528a452
2026-08-09 08:53:43,479 SHA-256 hashes match ✓
2026-08-09 08:53:43,480 EX5 deployment completed
2026-08-09 08:53:43,481 ============================================================
2026-08-09 08:53:43,481 [WORKER] [INFO] MT5 deployment successful
2026-08-09 08:53:43,481 [WORKER] [INFO] Deployed to: C:\Users\infinityadmin\AppData\Roaming\MetaQuotes\Terminal\D0E8209F77C8CF37AD8BF550E51FF075\MQL5\Experts\InfinityTrader_865446_2026-09-08.ex5
2026-08-09 08:53:43,482 [WORKER] [INFO] Size: 7672 bytes | SHA-256 match: True
2026-08-09 08:53:43,482 [WORKER] [INFO] Upload started
2026-08-09 08:53:44,881 [WORKER] [INFO] Upload successful
2026-08-09 08:53:44,881 [WORKER] [SUCCESS] Job completed: 29
2026-08-09 08:57:49,622 [WORKER] [WARNING] Connection error while polling (network/Render cold start): ('Connection aborted.', RemoteDisconnected('Remote end closed connection without response')). Sleeping 5s.
2026-08-09 09:46:22,473 [WORKER] [WARNING] Connection error while polling (network/Render cold start): ('Connection aborted.', ConnectionResetError(10054, 'An existing connection was forcibly closed by the remote host', None, 10054, None)). Sleeping 5s.
2026-08-09 10:02:55,470 [WORKER] [INFO] Job claimed: 30
2026-08-09 10:02:55,482 [WORKER] [INFO] MT5 ID: 78997677 | Expiry: 2026-09-08 | Plan: EA Basic Plan
2026-08-09 10:02:55,482 [WORKER] [INFO] Compilation started
2026-08-09 10:02:56,998 [WORKER] [INFO] Compilation successful
2026-08-09 10:02:56,998 [WORKER] [INFO] EX5 generated: C:\mt5-license-system\compiler\output\InfinityTrader_78997677_2026-09-08.ex5 (9116 bytes)
2026-08-09 10:02:56,998 [WORKER] [INFO] MT5 deployment started
2026-08-09 10:02:56,999 ============================================================
2026-08-09 10:02:57,000 Starting EX5 deployment
2026-08-09 10:02:57,000 ============================================================
2026-08-09 10:02:57,002 Source EX5       : C:\mt5-license-system\compiler\output\InfinityTrader_78997677_2026-09-08.ex5
2026-08-09 10:02:57,002 Source size      : 9116 bytes
2026-08-09 10:02:57,003 Discovering MT5 data folder...
2026-08-09 10:02:57,004 Discovering MT5 data folder under: C:\Users\infinityadmin\AppData\Roaming\MetaQuotes\Terminal
2026-08-09 10:02:57,009 Examined folders: ['Common', 'Community', 'D0E8209F77C8CF37AD8BF550E51FF075']
2026-08-09 10:02:57,010 Valid MT5 instances found: 1
2026-08-09 10:02:57,011 Selected MT5 instance: D0E8209F77C8CF37AD8BF550E51FF075  (score=55)
2026-08-09 10:02:57,012 MT5 data folder  : C:\Users\infinityadmin\AppData\Roaming\MetaQuotes\Terminal\D0E8209F77C8CF37AD8BF550E51FF075
2026-08-09 10:02:57,013 Experts folder   : C:\Users\infinityadmin\AppData\Roaming\MetaQuotes\Terminal\D0E8209F77C8CF37AD8BF550E51FF075\MQL5\Experts
2026-08-09 10:02:57,014 origin.txt points to MT5 install: C:\Program Files\MetaTrader 5
2026-08-09 10:02:57,017 Destination path : C:\Users\infinityadmin\AppData\Roaming\MetaQuotes\Terminal\D0E8209F77C8CF37AD8BF550E51FF075\MQL5\Experts\InfinityTrader_78997677_2026-09-08.ex5
2026-08-09 10:02:57,018 Calculating source SHA-256...
2026-08-09 10:02:57,020 Source SHA-256   : ff46e76610c68c4a22032940de413c2de1ba7afc6866b0a4f8c4dd947bded2c8
2026-08-09 10:02:57,021 Copying EX5 with shutil.copy2()...
2026-08-09 10:02:57,027 Destination size : 9116 bytes
2026-08-09 10:02:57,029 File sizes match  ✓
2026-08-09 10:02:57,029 Calculating destination SHA-256...
2026-08-09 10:02:57,040 Destination SHA-256: ff46e76610c68c4a22032940de413c2de1ba7afc6866b0a4f8c4dd947bded2c8
2026-08-09 10:02:57,041 SHA-256 hashes match ✓
2026-08-09 10:02:57,041 EX5 deployment completed
2026-08-09 10:02:57,042 ============================================================
2026-08-09 10:02:57,042 [WORKER] [INFO] MT5 deployment successful
2026-08-09 10:02:57,043 [WORKER] [INFO] Deployed to: C:\Users\infinityadmin\AppData\Roaming\MetaQuotes\Terminal\D0E8209F77C8CF37AD8BF550E51FF075\MQL5\Experts\InfinityTrader_78997677_2026-09-08.ex5
2026-08-09 10:02:57,043 [WORKER] [INFO] Size: 9116 bytes | SHA-256 match: True
2026-08-09 10:02:57,043 [WORKER] [INFO] Upload started
2026-08-09 10:03:02,807 [WORKER] [INFO] Upload successful
2026-08-09 10:03:02,808 [WORKER] [SUCCESS] Job completed: 30
2026-08-09 10:11:41,160 [WORKER] [INFO] Job claimed: 31
2026-08-09 10:11:41,160 [WORKER] [INFO] MT5 ID: 6799866 | Expiry: 2026-09-08 | Plan: EA gold
2026-08-09 10:11:41,161 [WORKER] [INFO] Compilation started
2026-08-09 10:11:43,137 [WORKER] [INFO] Compilation successful
2026-08-09 10:11:43,137 [WORKER] [INFO] EX5 generated: C:\mt5-license-system\compiler\output\InfinityTrader_6799866_2026-09-08.ex5 (7962 bytes)
2026-08-09 10:11:43,145 [WORKER] [INFO] MT5 deployment started
2026-08-09 10:11:43,148 ============================================================
2026-08-09 10:11:43,149 Starting EX5 deployment
2026-08-09 10:11:43,150 ============================================================
2026-08-09 10:11:43,152 Source EX5       : C:\mt5-license-system\compiler\output\InfinityTrader_6799866_2026-09-08.ex5
2026-08-09 10:11:43,153 Source size      : 7962 bytes
2026-08-09 10:11:43,154 Discovering MT5 data folder...
2026-08-09 10:11:43,157 Discovering MT5 data folder under: C:\Users\infinityadmin\AppData\Roaming\MetaQuotes\Terminal
2026-08-09 10:11:43,161 Examined folders: ['Common', 'Community', 'D0E8209F77C8CF37AD8BF550E51FF075']
2026-08-09 10:11:43,162 Valid MT5 instances found: 1
2026-08-09 10:11:43,164 Selected MT5 instance: D0E8209F77C8CF37AD8BF550E51FF075  (score=55)
2026-08-09 10:11:43,164 MT5 data folder  : C:\Users\infinityadmin\AppData\Roaming\MetaQuotes\Terminal\D0E8209F77C8CF37AD8BF550E51FF075
2026-08-09 10:11:43,165 Experts folder   : C:\Users\infinityadmin\AppData\Roaming\MetaQuotes\Terminal\D0E8209F77C8CF37AD8BF550E51FF075\MQL5\Experts
2026-08-09 10:11:43,168 origin.txt points to MT5 install: C:\Program Files\MetaTrader 5
2026-08-09 10:11:43,171 Destination path : C:\Users\infinityadmin\AppData\Roaming\MetaQuotes\Terminal\D0E8209F77C8CF37AD8BF550E51FF075\MQL5\Experts\InfinityTrader_6799866_2026-09-08.ex5
2026-08-09 10:11:43,172 Calculating source SHA-256...
2026-08-09 10:11:43,173 Source SHA-256   : ff812b92300a6fe9cfdcdf95bf463eef9e0d6bbc9646aaaacc6dae4016bd74e0
2026-08-09 10:11:43,174 Copying EX5 with shutil.copy2()...
2026-08-09 10:11:43,176 Destination size : 7962 bytes
2026-08-09 10:11:43,179 File sizes match  ✓
2026-08-09 10:11:43,180 Calculating destination SHA-256...
2026-08-09 10:11:43,204 Destination SHA-256: ff812b92300a6fe9cfdcdf95bf463eef9e0d6bbc9646aaaacc6dae4016bd74e0
2026-08-09 10:11:43,205 SHA-256 hashes match ✓
2026-08-09 10:11:43,206 EX5 deployment completed
2026-08-09 10:11:43,207 ============================================================
2026-08-09 10:11:43,217 [WORKER] [INFO] MT5 deployment successful
2026-08-09 10:11:43,218 [WORKER] [INFO] Deployed to: C:\Users\infinityadmin\AppData\Roaming\MetaQuotes\Terminal\D0E8209F77C8CF37AD8BF550E51FF075\MQL5\Experts\InfinityTrader_6799866_2026-09-08.ex5
2026-08-09 10:11:43,218 [WORKER] [INFO] Size: 7962 bytes | SHA-256 match: True
2026-08-09 10:11:43,219 [WORKER] [INFO] Upload started
2026-08-09 10:11:47,946 [WORKER] [INFO] Upload successful
2026-08-09 10:11:47,946 [WORKER] [SUCCESS] Job completed: 31
2026-08-09 10:18:21,017 [WORKER] [INFO] Job claimed: 32
2026-08-09 10:30:19,701 [WORKER] [INFO] Starting
2026-08-09 10:30:19,701 [WORKER] [INFO] Worker ID      : windows-worker-01
2026-08-09 10:30:19,704 [WORKER] [INFO] API base URL   : https://infinity-trader-api.onrender.com/api/v1
2026-08-09 10:30:19,705 [WORKER] [INFO] Compiler dir   : C:\mt5-license-system\compiler
2026-08-09 10:30:19,705 [WORKER] [INFO] MetaEditor     : C:\Program Files\MetaTrader 5\metaeditor64.exe
2026-08-09 10:30:19,705 [WORKER] [INFO] Poll interval  : 5s
2026-08-09 10:30:19,714 [WORKER] [INFO] compile_ea imported successfully
2026-08-09 10:30:19,714 [WORKER] [INFO] deploy_ex5 imported successfully
2026-08-09 10:30:19,715 [WORKER] [INFO] MetaEditor found: C:\Program Files\MetaTrader 5\metaeditor64.exe
2026-08-09 10:30:19,715 Discovering MT5 data folder under: C:\Users\infinityadmin\AppData\Roaming\MetaQuotes\Terminal
2026-08-09 10:30:19,720 Examined folders: ['Common', 'Community', 'D0E8209F77C8CF37AD8BF550E51FF075']
2026-08-09 10:30:19,720 Valid MT5 instances found: 1
2026-08-09 10:30:19,721 Selected MT5 instance: D0E8209F77C8CF37AD8BF550E51FF075  (score=55)
2026-08-09 10:30:19,721 MT5 data folder  : C:\Users\infinityadmin\AppData\Roaming\MetaQuotes\Terminal\D0E8209F77C8CF37AD8BF550E51FF075
2026-08-09 10:30:19,721 Experts folder   : C:\Users\infinityadmin\AppData\Roaming\MetaQuotes\Terminal\D0E8209F77C8CF37AD8BF550E51FF075\MQL5\Experts
2026-08-09 10:30:19,721 origin.txt points to MT5 install: C:\Program Files\MetaTrader 5
2026-08-09 10:30:19,722 [WORKER] [INFO] MT5 instance: D0E8209F77C8CF37AD8BF550E51FF075
2026-08-09 10:30:19,722 [WORKER] [INFO] Experts folder: C:\Users\infinityadmin\AppData\Roaming\MetaQuotes\Terminal\D0E8209F77C8CF37AD8BF550E51FF075\MQL5\Experts
2026-08-09 10:30:19,722 [WORKER] [INFO] All prerequisites verified
2026-08-09 10:30:20,406 [WORKER] [INFO] API connected
2026-08-09 10:30:20,406 [WORKER] [INFO] Polling for jobs
2026-08-09 10:30:21,516 [WORKER] [INFO] Job claimed: 33
2026-08-09 10:30:21,516 [WORKER] [INFO] MT5 ID: 357896 | Expiry: 2026-09-08 | Plan: EA gold
2026-08-09 10:30:21,516 [WORKER] [INFO] Compilation started
2026-08-09 10:30:23,844 [WORKER] [INFO] Compilation successful
2026-08-09 10:30:23,844 [WORKER] [INFO] EX5 generated: C:\mt5-license-system\compiler\output\InfinityTrader_357896_2026-09-08.ex5 (6912 bytes)
2026-08-09 10:30:23,844 [WORKER] [INFO] MT5 deployment started
2026-08-09 10:30:23,844 ============================================================
2026-08-09 10:30:23,844 Starting EX5 deployment
2026-08-09 10:30:23,844 ============================================================
2026-08-09 10:30:23,844 Source EX5       : C:\mt5-license-system\compiler\output\InfinityTrader_357896_2026-09-08.ex5
2026-08-09 10:30:23,845 Source size      : 6912 bytes
2026-08-09 10:30:23,845 Discovering MT5 data folder...
2026-08-09 10:30:23,845 Discovering MT5 data folder under: C:\Users\infinityadmin\AppData\Roaming\MetaQuotes\Terminal
2026-08-09 10:30:23,846 Examined folders: ['Common', 'Community', 'D0E8209F77C8CF37AD8BF550E51FF075']
2026-08-09 10:30:23,846 Valid MT5 instances found: 1
2026-08-09 10:30:23,847 Selected MT5 instance: D0E8209F77C8CF37AD8BF550E51FF075  (score=55)
2026-08-09 10:30:23,847 MT5 data folder  : C:\Users\infinityadmin\AppData\Roaming\MetaQuotes\Terminal\D0E8209F77C8CF37AD8BF550E51FF075
2026-08-09 10:30:23,847 Experts folder   : C:\Users\infinityadmin\AppData\Roaming\MetaQuotes\Terminal\D0E8209F77C8CF37AD8BF550E51FF075\MQL5\Experts
2026-08-09 10:30:23,847 origin.txt points to MT5 install: C:\Program Files\MetaTrader 5
2026-08-09 10:30:23,848 Destination path : C:\Users\infinityadmin\AppData\Roaming\MetaQuotes\Terminal\D0E8209F77C8CF37AD8BF550E51FF075\MQL5\Experts\InfinityTrader_357896_2026-09-08.ex5
2026-08-09 10:30:23,848 Calculating source SHA-256...
2026-08-09 10:30:23,849 Source SHA-256   : 17fd6e106c9805f3cf111a33dd8dfe165c3f6ec9786b27c4e89fc42f9eaa64ca
2026-08-09 10:30:23,849 Copying EX5 with shutil.copy2()...
2026-08-09 10:30:23,852 Destination size : 6912 bytes
2026-08-09 10:30:23,852 [WORKER] [ERROR] deploy_ex5() raised an exception for job 33: 'charmap' codec can't encode character '\u2713' in position 25: character maps to <undefined>
2026-08-09 10:30:26,060 [WORKER] [INFO] Failure reported to API for job 33
2026-08-09 10:36:24,055 [WORKER] [INFO] MT5 ID: 56789877 | Expiry: 2026-09-08 | Plan: EA Basic Plan
2026-08-09 10:36:24,056 [WORKER] [INFO] Compilation started
2026-08-09 10:36:25,814 [WORKER] [INFO] Compilation successful
2026-08-09 10:36:25,815 [WORKER] [INFO] EX5 generated: C:\mt5-license-system\compiler\output\InfinityTrader_56789877_2026-09-08.ex5 (7240 bytes)
2026-08-09 10:36:25,817 [WORKER] [INFO] MT5 deployment started
2026-08-09 10:36:25,818 ============================================================
2026-08-09 10:36:25,818 Starting EX5 deployment
2026-08-09 10:36:25,819 ============================================================
2026-08-09 10:36:25,821 Source EX5       : C:\mt5-license-system\compiler\output\InfinityTrader_56789877_2026-09-08.ex5
2026-08-09 10:36:25,822 Source size      : 7240 bytes
2026-08-09 10:36:25,823 Discovering MT5 data folder...
2026-08-09 10:36:25,824 Discovering MT5 data folder under: C:\Users\infinityadmin\AppData\Roaming\MetaQuotes\Terminal
2026-08-09 10:36:25,838 Examined folders: ['Common', 'Community', 'D0E8209F77C8CF37AD8BF550E51FF075']
2026-08-09 10:36:25,840 Valid MT5 instances found: 1
2026-08-09 10:36:25,841 Selected MT5 instance: D0E8209F77C8CF37AD8BF550E51FF075  (score=55)
2026-08-09 10:36:25,843 MT5 data folder  : C:\Users\infinityadmin\AppData\Roaming\MetaQuotes\Terminal\D0E8209F77C8CF37AD8BF550E51FF075
2026-08-09 10:36:25,843 Experts folder   : C:\Users\infinityadmin\AppData\Roaming\MetaQuotes\Terminal\D0E8209F77C8CF37AD8BF550E51FF075\MQL5\Experts
2026-08-09 10:36:25,844 origin.txt points to MT5 install: C:\Program Files\MetaTrader 5
2026-08-09 10:36:25,845 Destination path : C:\Users\infinityadmin\AppData\Roaming\MetaQuotes\Terminal\D0E8209F77C8CF37AD8BF550E51FF075\MQL5\Experts\InfinityTrader_56789877_2026-09-08.ex5
2026-08-09 10:36:25,849 Calculating source SHA-256...
2026-08-09 10:36:25,850 Source SHA-256   : fe76d9bc982dbc2c8166e754cb4a6d6e1ee37fefd6cc491560d83d73294cca94
2026-08-09 10:36:25,852 Copying EX5 with shutil.copy2()...
2026-08-09 10:36:25,855 Destination size : 7240 bytes
2026-08-09 10:36:25,860 File sizes match  ✓
2026-08-09 10:36:25,861 Calculating destination SHA-256...
2026-08-09 10:36:25,891 Destination SHA-256: fe76d9bc982dbc2c8166e754cb4a6d6e1ee37fefd6cc491560d83d73294cca94
2026-08-09 10:36:25,893 SHA-256 hashes match ✓
2026-08-09 10:36:25,893 EX5 deployment completed
2026-08-09 10:36:25,895 ============================================================
2026-08-09 10:36:25,897 [WORKER] [INFO] MT5 deployment successful
2026-08-09 10:36:25,898 [WORKER] [INFO] Deployed to: C:\Users\infinityadmin\AppData\Roaming\MetaQuotes\Terminal\D0E8209F77C8CF37AD8BF550E51FF075\MQL5\Experts\InfinityTrader_56789877_2026-09-08.ex5
2026-08-09 10:36:25,898 [WORKER] [INFO] Size: 7240 bytes | SHA-256 match: True
2026-08-09 10:36:25,902 [WORKER] [INFO] Upload started
2026-08-09 10:36:29,420 [WORKER] [INFO] Upload successful
2026-08-09 10:36:29,420 [WORKER] [SUCCESS] Job completed: 32
2026-08-09 10:37:30,061 [WORKER] [INFO] Job claimed: 34
2026-08-09 10:37:30,061 [WORKER] [INFO] MT5 ID: 3256987 | Expiry: 2026-09-08 | Plan: EA Basic Plan
2026-08-09 10:37:30,063 [WORKER] [INFO] Compilation started
2026-08-09 10:37:31,409 [WORKER] [INFO] Compilation successful
2026-08-09 10:37:31,410 [WORKER] [INFO] EX5 generated: C:\mt5-license-system\compiler\output\InfinityTrader_3256987_2026-09-08.ex5 (6774 bytes)
2026-08-09 10:37:31,411 [WORKER] [INFO] MT5 deployment started
2026-08-09 10:37:31,412 ============================================================
2026-08-09 10:37:31,412 Starting EX5 deployment
2026-08-09 10:37:31,413 ============================================================
2026-08-09 10:37:31,414 Source EX5       : C:\mt5-license-system\compiler\output\InfinityTrader_3256987_2026-09-08.ex5
2026-08-09 10:37:31,414 Source size      : 6774 bytes
2026-08-09 10:37:31,415 Discovering MT5 data folder...
2026-08-09 10:37:31,416 Discovering MT5 data folder under: C:\Users\infinityadmin\AppData\Roaming\MetaQuotes\Terminal
2026-08-09 10:37:31,419 Examined folders: ['Common', 'Community', 'D0E8209F77C8CF37AD8BF550E51FF075']
2026-08-09 10:37:31,420 Valid MT5 instances found: 1
2026-08-09 10:37:31,421 Selected MT5 instance: D0E8209F77C8CF37AD8BF550E51FF075  (score=55)
2026-08-09 10:37:31,421 MT5 data folder  : C:\Users\infinityadmin\AppData\Roaming\MetaQuotes\Terminal\D0E8209F77C8CF37AD8BF550E51FF075
2026-08-09 10:37:31,422 Experts folder   : C:\Users\infinityadmin\AppData\Roaming\MetaQuotes\Terminal\D0E8209F77C8CF37AD8BF550E51FF075\MQL5\Experts
2026-08-09 10:37:31,423 origin.txt points to MT5 install: C:\Program Files\MetaTrader 5
2026-08-09 10:37:31,425 Destination path : C:\Users\infinityadmin\AppData\Roaming\MetaQuotes\Terminal\D0E8209F77C8CF37AD8BF550E51FF075\MQL5\Experts\InfinityTrader_3256987_2026-09-08.ex5
2026-08-09 10:37:31,425 Calculating source SHA-256...
2026-08-09 10:37:31,427 Source SHA-256   : a5cdaf4e04b8c03ae681f7df50dd6a7a9ba454042a56443a1516a7f2753f8b8d
2026-08-09 10:37:31,427 Copying EX5 with shutil.copy2()...
2026-08-09 10:37:31,431 Destination size : 6774 bytes
2026-08-09 10:37:31,432 File sizes match  ✓
2026-08-09 10:37:31,433 Calculating destination SHA-256...
2026-08-09 10:37:31,445 Destination SHA-256: a5cdaf4e04b8c03ae681f7df50dd6a7a9ba454042a56443a1516a7f2753f8b8d
2026-08-09 10:37:31,445 SHA-256 hashes match ✓
2026-08-09 10:37:31,446 EX5 deployment completed
2026-08-09 10:37:31,447 ============================================================
2026-08-09 10:37:31,447 [WORKER] [INFO] MT5 deployment successful
2026-08-09 10:37:31,448 [WORKER] [INFO] Deployed to: C:\Users\infinityadmin\AppData\Roaming\MetaQuotes\Terminal\D0E8209F77C8CF37AD8BF550E51FF075\MQL5\Experts\InfinityTrader_3256987_2026-09-08.ex5
2026-08-09 10:37:31,448 [WORKER] [INFO] Size: 6774 bytes | SHA-256 match: True
2026-08-09 10:37:31,448 [WORKER] [INFO] Upload started
2026-08-09 10:37:52,384 [WORKER] [INFO] Upload successful
2026-08-09 10:38:13,123 [WORKER] [SUCCESS] Job completed: 34
2026-08-09 10:38:17,747 [WORKER] [INFO] Worker stopped by user (KeyboardInterrupt)
2026-08-09 10:38:22,761 [WORKER] [INFO] Starting
2026-08-09 10:38:22,761 [WORKER] [INFO] Worker ID      : windows-worker-01
2026-08-09 10:38:22,763 [WORKER] [INFO] API base URL   : https://infinity-trader-api.onrender.com/api/v1
2026-08-09 10:38:22,764 [WORKER] [INFO] Compiler dir   : C:\mt5-license-system\compiler
2026-08-09 10:38:22,764 [WORKER] [INFO] MetaEditor     : C:\Program Files\MetaTrader 5\metaeditor64.exe
2026-08-09 10:38:22,764 [WORKER] [INFO] Poll interval  : 5s
2026-08-09 10:38:22,776 [WORKER] [INFO] compile_ea imported successfully
2026-08-09 10:38:22,777 [WORKER] [INFO] deploy_ex5 imported successfully
2026-08-09 10:38:22,778 [WORKER] [INFO] MetaEditor found: C:\Program Files\MetaTrader 5\metaeditor64.exe
2026-08-09 10:38:22,779 Discovering MT5 data folder under: C:\Users\infinityadmin\AppData\Roaming\MetaQuotes\Terminal
2026-08-09 10:38:22,783 Examined folders: ['Common', 'Community', 'D0E8209F77C8CF37AD8BF550E51FF075']
2026-08-09 10:38:22,784 Valid MT5 instances found: 1
2026-08-09 10:38:22,786 Selected MT5 instance: D0E8209F77C8CF37AD8BF550E51FF075  (score=55)
2026-08-09 10:38:22,787 MT5 data folder  : C:\Users\infinityadmin\AppData\Roaming\MetaQuotes\Terminal\D0E8209F77C8CF37AD8BF550E51FF075
2026-08-09 10:38:22,787 Experts folder   : C:\Users\infinityadmin\AppData\Roaming\MetaQuotes\Terminal\D0E8209F77C8CF37AD8BF550E51FF075\MQL5\Experts
2026-08-09 10:38:22,788 origin.txt points to MT5 install: C:\Program Files\MetaTrader 5
2026-08-09 10:38:22,789 [WORKER] [INFO] MT5 instance: D0E8209F77C8CF37AD8BF550E51FF075
2026-08-09 10:38:22,789 [WORKER] [INFO] Experts folder: C:\Users\infinityadmin\AppData\Roaming\MetaQuotes\Terminal\D0E8209F77C8CF37AD8BF550E51FF075\MQL5\Experts
2026-08-09 10:38:22,790 [WORKER] [INFO] All prerequisites verified
2026-08-09 10:38:23,411 [WORKER] [INFO] API connected
2026-08-09 10:38:23,412 [WORKER] [INFO] Polling for jobs
2026-08-09 10:39:10,182 [WORKER] [INFO] Job claimed: 35
2026-08-09 10:39:10,182 [WORKER] [INFO] MT5 ID: 25639870 | Expiry: 2026-09-08 | Plan: EA Basic Plan
2026-08-09 10:39:10,183 [WORKER] [INFO] Compilation started
2026-08-09 10:39:11,107 [WORKER] [INFO] Compilation successful
2026-08-09 10:39:11,108 [WORKER] [INFO] EX5 generated: C:\mt5-license-system\compiler\output\InfinityTrader_25639870_2026-09-08.ex5 (6860 bytes)
2026-08-09 10:39:11,108 [WORKER] [INFO] MT5 deployment started
2026-08-09 10:39:11,109 ============================================================
2026-08-09 10:39:11,109 Starting EX5 deployment
2026-08-09 10:39:11,110 ============================================================
2026-08-09 10:39:11,111 Source EX5       : C:\mt5-license-system\compiler\output\InfinityTrader_25639870_2026-09-08.ex5
2026-08-09 10:39:11,112 Source size      : 6860 bytes
2026-08-09 10:39:11,113 Discovering MT5 data folder...
2026-08-09 10:39:11,113 Discovering MT5 data folder under: C:\Users\infinityadmin\AppData\Roaming\MetaQuotes\Terminal
2026-08-09 10:39:11,116 Examined folders: ['Common', 'Community', 'D0E8209F77C8CF37AD8BF550E51FF075']
2026-08-09 10:39:11,117 Valid MT5 instances found: 1
2026-08-09 10:39:11,118 Selected MT5 instance: D0E8209F77C8CF37AD8BF550E51FF075  (score=55)
2026-08-09 10:39:11,119 MT5 data folder  : C:\Users\infinityadmin\AppData\Roaming\MetaQuotes\Terminal\D0E8209F77C8CF37AD8BF550E51FF075
2026-08-09 10:39:11,119 Experts folder   : C:\Users\infinityadmin\AppData\Roaming\MetaQuotes\Terminal\D0E8209F77C8CF37AD8BF550E51FF075\MQL5\Experts
2026-08-09 10:39:11,120 origin.txt points to MT5 install: C:\Program Files\MetaTrader 5
2026-08-09 10:39:11,121 Destination path : C:\Users\infinityadmin\AppData\Roaming\MetaQuotes\Terminal\D0E8209F77C8CF37AD8BF550E51FF075\MQL5\Experts\InfinityTrader_25639870_2026-09-08.ex5
2026-08-09 10:39:11,122 Calculating source SHA-256...
2026-08-09 10:39:11,123 Source SHA-256   : adeb747cb85549f5906e30c8966214858299d713a56d97084dfe9661984f0622
2026-08-09 10:39:11,124 Copying EX5 with shutil.copy2()...
2026-08-09 10:39:11,128 Destination size : 6860 bytes
2026-08-09 10:39:11,129 File sizes match [OK]
2026-08-09 10:39:11,130 Calculating destination SHA-256...
2026-08-09 10:39:11,144 Destination SHA-256: adeb747cb85549f5906e30c8966214858299d713a56d97084dfe9661984f0622
2026-08-09 10:39:11,146 SHA-256 hashes match ✓
2026-08-09 10:39:11,148 EX5 deployment completed
2026-08-09 10:39:11,149 ============================================================
2026-08-09 10:39:11,150 [WORKER] [INFO] MT5 deployment successful
2026-08-09 10:39:11,150 [WORKER] [INFO] Deployed to: C:\Users\infinityadmin\AppData\Roaming\MetaQuotes\Terminal\D0E8209F77C8CF37AD8BF550E51FF075\MQL5\Experts\InfinityTrader_25639870_2026-09-08.ex5
2026-08-09 10:39:11,150 [WORKER] [INFO] Size: 6860 bytes | SHA-256 match: True
2026-08-09 10:39:11,151 [WORKER] [INFO] Upload started
2026-08-09 10:39:13,934 [WORKER] [INFO] Upload successful
2026-08-09 10:39:13,935 [WORKER] [SUCCESS] Job completed: 35
2026-08-09 10:46:01,491 [WORKER] [INFO] Job claimed: 36
2026-08-09 10:46:01,491 [WORKER] [INFO] MT5 ID: 67890543 | Expiry: 2026-09-08 | Plan: EA gold
2026-08-09 10:46:01,492 [WORKER] [INFO] Compilation started
2026-08-09 10:46:03,359 [WORKER] [INFO] Compilation successful
2026-08-09 10:46:03,360 [WORKER] [INFO] EX5 generated: C:\mt5-license-system\compiler\output\InfinityTrader_67890543_2026-09-08.ex5 (7608 bytes)
2026-08-09 10:46:03,361 [WORKER] [INFO] MT5 deployment started
2026-08-09 10:46:03,361 ============================================================
2026-08-09 10:46:03,362 Starting EX5 deployment
2026-08-09 10:46:03,363 ============================================================
2026-08-09 10:46:03,366 Source EX5       : C:\mt5-license-system\compiler\output\InfinityTrader_67890543_2026-09-08.ex5
2026-08-09 10:46:03,367 Source size      : 7608 bytes
2026-08-09 10:46:03,369 Discovering MT5 data folder...
2026-08-09 10:46:03,369 Discovering MT5 data folder under: C:\Users\infinityadmin\AppData\Roaming\MetaQuotes\Terminal
2026-08-09 10:46:03,371 Examined folders: ['Common', 'Community', 'D0E8209F77C8CF37AD8BF550E51FF075']
2026-08-09 10:46:03,372 Valid MT5 instances found: 1
2026-08-09 10:46:03,373 Selected MT5 instance: D0E8209F77C8CF37AD8BF550E51FF075  (score=55)
2026-08-09 10:46:03,374 MT5 data folder  : C:\Users\infinityadmin\AppData\Roaming\MetaQuotes\Terminal\D0E8209F77C8CF37AD8BF550E51FF075
2026-08-09 10:46:03,374 Experts folder   : C:\Users\infinityadmin\AppData\Roaming\MetaQuotes\Terminal\D0E8209F77C8CF37AD8BF550E51FF075\MQL5\Experts
2026-08-09 10:46:03,378 origin.txt points to MT5 install: C:\Program Files\MetaTrader 5
2026-08-09 10:46:03,379 Destination path : C:\Users\infinityadmin\AppData\Roaming\MetaQuotes\Terminal\D0E8209F77C8CF37AD8BF550E51FF075\MQL5\Experts\InfinityTrader_67890543_2026-09-08.ex5
2026-08-09 10:46:03,380 Calculating source SHA-256...
2026-08-09 10:46:03,381 Source SHA-256   : fba1e87a4d33d804bdb5d77dd287b7702689427c90172abaee6c6fa2ea0523b5
2026-08-09 10:46:03,382 Copying EX5 with shutil.copy2()...
2026-08-09 10:46:03,383 Destination size : 7608 bytes
2026-08-09 10:46:03,384 File sizes match [OK]
2026-08-09 10:46:03,385 Calculating destination SHA-256...
2026-08-09 10:46:03,401 Destination SHA-256: fba1e87a4d33d804bdb5d77dd287b7702689427c90172abaee6c6fa2ea0523b5
2026-08-09 10:46:03,403 SHA-256 hashes match ✓
2026-08-09 10:46:03,403 EX5 deployment completed
2026-08-09 10:46:03,404 ============================================================
2026-08-09 10:46:03,404 [WORKER] [INFO] MT5 deployment successful
2026-08-09 10:46:03,405 [WORKER] [INFO] Deployed to: C:\Users\infinityadmin\AppData\Roaming\MetaQuotes\Terminal\D0E8209F77C8CF37AD8BF550E51FF075\MQL5\Experts\InfinityTrader_67890543_2026-09-08.ex5
2026-08-09 10:46:03,405 [WORKER] [INFO] Size: 7608 bytes | SHA-256 match: True
2026-08-09 10:46:03,405 [WORKER] [INFO] Upload started
2026-08-09 10:46:09,091 [WORKER] [INFO] Upload successful
2026-08-09 10:46:09,091 [WORKER] [SUCCESS] Job completed: 36
2026-08-09 17:48:34,330 [WORKER] [INFO] Starting
2026-08-09 17:48:34,331 [WORKER] [INFO] Worker ID      : windows-worker-01
2026-08-09 17:48:34,332 [WORKER] [INFO] API base URL   : https://infinity-trader-api.onrender.com/api/v1
2026-08-09 17:48:34,332 [WORKER] [INFO] Compiler dir   : C:\mt5-license-system\compiler
2026-08-09 17:48:34,332 [WORKER] [INFO] MetaEditor     : C:\Program Files\MetaTrader 5\metaeditor64.exe
2026-08-09 17:48:34,332 [WORKER] [INFO] Poll interval  : 5s
2026-08-09 17:48:34,346 [WORKER] [INFO] compile_ea imported successfully
2026-08-09 17:48:34,346 [WORKER] [INFO] deploy_ex5 imported successfully
2026-08-09 17:48:34,346 [WORKER] [INFO] MetaEditor found: C:\Program Files\MetaTrader 5\metaeditor64.exe
2026-08-09 17:48:34,346 Discovering MT5 data folder under: C:\Users\infinityadmin\AppData\Roaming\MetaQuotes\Terminal
2026-08-09 17:48:34,386 Examined folders: ['Common', 'Community', 'D0E8209F77C8CF37AD8BF550E51FF075']
2026-08-09 17:48:34,386 Valid MT5 instances found: 1
2026-08-09 17:48:34,387 Selected MT5 instance: D0E8209F77C8CF37AD8BF550E51FF075  (score=55)
2026-08-09 17:48:34,387 MT5 data folder  : C:\Users\infinityadmin\AppData\Roaming\MetaQuotes\Terminal\D0E8209F77C8CF37AD8BF550E51FF075
2026-08-09 17:48:34,387 Experts folder   : C:\Users\infinityadmin\AppData\Roaming\MetaQuotes\Terminal\D0E8209F77C8CF37AD8BF550E51FF075\MQL5\Experts
2026-08-09 17:48:34,387 origin.txt points to MT5 install: C:\Program Files\MetaTrader 5
2026-08-09 17:48:34,387 [WORKER] [INFO] MT5 instance: D0E8209F77C8CF37AD8BF550E51FF075
2026-08-09 17:48:34,387 [WORKER] [INFO] Experts folder: C:\Users\infinityadmin\AppData\Roaming\MetaQuotes\Terminal\D0E8209F77C8CF37AD8BF550E51FF075\MQL5\Experts
2026-08-09 17:48:34,387 [WORKER] [INFO] All prerequisites verified
2026-08-09 17:48:35,591 [WORKER] [INFO] API connected
2026-08-09 17:48:35,591 [WORKER] [INFO] Polling for jobs
2026-08-09 17:48:36,545 [WORKER] [INFO] Job claimed: 37
2026-08-09 17:48:36,545 [WORKER] [INFO] MT5 ID: 25836914 | Expiry: 2026-09-09 | Plan: EA Basic Plan
2026-08-09 17:48:36,545 [WORKER] [INFO] Compilation started
2026-08-09 17:48:41,402 [WORKER] [INFO] Compilation successful
2026-08-09 17:48:41,402 [WORKER] [INFO] EX5 generated: C:\mt5-license-system\compiler\output\InfinityTrader_25836914_2026-09-09.ex5 (7428 bytes)
2026-08-09 17:48:41,402 [WORKER] [INFO] MT5 deployment started
2026-08-09 17:48:41,402 ============================================================
2026-08-09 17:48:41,402 Starting EX5 deployment
2026-08-09 17:48:41,402 ============================================================
2026-08-09 17:48:41,403 Source EX5       : C:\mt5-license-system\compiler\output\InfinityTrader_25836914_2026-09-09.ex5
2026-08-09 17:48:41,403 Source size      : 7428 bytes
2026-08-09 17:48:41,403 Discovering MT5 data folder...
2026-08-09 17:48:41,404 Discovering MT5 data folder under: C:\Users\infinityadmin\AppData\Roaming\MetaQuotes\Terminal
2026-08-09 17:48:41,406 Examined folders: ['Common', 'Community', 'D0E8209F77C8CF37AD8BF550E51FF075']
2026-08-09 17:48:41,406 Valid MT5 instances found: 1
2026-08-09 17:48:41,406 Selected MT5 instance: D0E8209F77C8CF37AD8BF550E51FF075  (score=55)
2026-08-09 17:48:41,406 MT5 data folder  : C:\Users\infinityadmin\AppData\Roaming\MetaQuotes\Terminal\D0E8209F77C8CF37AD8BF550E51FF075
2026-08-09 17:48:41,406 Experts folder   : C:\Users\infinityadmin\AppData\Roaming\MetaQuotes\Terminal\D0E8209F77C8CF37AD8BF550E51FF075\MQL5\Experts
2026-08-09 17:48:41,406 origin.txt points to MT5 install: C:\Program Files\MetaTrader 5
2026-08-09 17:48:41,408 Destination path : C:\Users\infinityadmin\AppData\Roaming\MetaQuotes\Terminal\D0E8209F77C8CF37AD8BF550E51FF075\MQL5\Experts\InfinityTrader_25836914_2026-09-09.ex5
2026-08-09 17:48:41,408 Calculating source SHA-256...
2026-08-09 17:48:41,409 Source SHA-256   : 2053f296a238ea38a103a4fdda5339286b7e1fdc0281e1c6c26f0e17ede7df79
2026-08-09 17:48:41,409 Copying EX5 with shutil.copy2()...
2026-08-09 17:48:41,412 Destination size : 7428 bytes
2026-08-09 17:48:41,412 File sizes match [OK]
2026-08-09 17:48:41,412 Calculating destination SHA-256...
2026-08-09 17:48:41,422 Destination SHA-256: 2053f296a238ea38a103a4fdda5339286b7e1fdc0281e1c6c26f0e17ede7df79
2026-08-09 17:48:41,422 [WORKER] [ERROR] deploy_ex5() raised an exception for job 37: 'charmap' codec can't encode character '\u2713' in position 28: character maps to <undefined>
2026-08-09 17:48:42,379 [WORKER] [INFO] Failure reported to API for job 37
2026-08-09 17:50:40,959 [WORKER] [INFO] Job claimed: 38
2026-08-09 17:50:40,959 [WORKER] [INFO] MT5 ID: 357159624 | Expiry: 2026-09-09 | Plan: EA Basic Plan
2026-08-09 17:50:40,959 [WORKER] [INFO] Compilation started
2026-08-09 17:50:42,278 [WORKER] [INFO] Compilation successful
2026-08-09 17:50:42,279 [WORKER] [INFO] EX5 generated: C:\mt5-license-system\compiler\output\InfinityTrader_357159624_2026-09-09.ex5 (7534 bytes)
2026-08-09 17:50:42,279 [WORKER] [INFO] MT5 deployment started
2026-08-09 17:50:42,279 ============================================================
2026-08-09 17:50:42,279 Starting EX5 deployment
2026-08-09 17:50:42,279 ============================================================
2026-08-09 17:50:42,279 Source EX5       : C:\mt5-license-system\compiler\output\InfinityTrader_357159624_2026-09-09.ex5
2026-08-09 17:50:42,280 Source size      : 7534 bytes
2026-08-09 17:50:42,280 Discovering MT5 data folder...
2026-08-09 17:50:42,280 Discovering MT5 data folder under: C:\Users\infinityadmin\AppData\Roaming\MetaQuotes\Terminal
2026-08-09 17:50:42,283 Examined folders: ['Common', 'Community', 'D0E8209F77C8CF37AD8BF550E51FF075']
2026-08-09 17:50:42,283 Valid MT5 instances found: 1
2026-08-09 17:50:42,285 Selected MT5 instance: D0E8209F77C8CF37AD8BF550E51FF075  (score=55)
2026-08-09 17:50:42,285 MT5 data folder  : C:\Users\infinityadmin\AppData\Roaming\MetaQuotes\Terminal\D0E8209F77C8CF37AD8BF550E51FF075
2026-08-09 17:50:42,285 Experts folder   : C:\Users\infinityadmin\AppData\Roaming\MetaQuotes\Terminal\D0E8209F77C8CF37AD8BF550E51FF075\MQL5\Experts
2026-08-09 17:50:42,285 origin.txt points to MT5 install: C:\Program Files\MetaTrader 5
2026-08-09 17:50:42,286 Destination path : C:\Users\infinityadmin\AppData\Roaming\MetaQuotes\Terminal\D0E8209F77C8CF37AD8BF550E51FF075\MQL5\Experts\InfinityTrader_357159624_2026-09-09.ex5
2026-08-09 17:50:42,286 Calculating source SHA-256...
2026-08-09 17:50:42,286 Source SHA-256   : e2ce0d6018c3b9232b904ca18f562f827b6b3dd15b048af0c20b8f967caf5259
2026-08-09 17:50:42,286 Copying EX5 with shutil.copy2()...
2026-08-09 17:50:42,290 Destination size : 7534 bytes
2026-08-09 17:50:42,290 File sizes match [OK]
2026-08-09 17:50:42,290 Calculating destination SHA-256...
2026-08-09 17:50:42,302 Destination SHA-256: e2ce0d6018c3b9232b904ca18f562f827b6b3dd15b048af0c20b8f967caf5259
2026-08-09 17:50:42,303 [WORKER] [ERROR] deploy_ex5() raised an exception for job 38: 'charmap' codec can't encode character '\u2713' in position 28: character maps to <undefined>
2026-08-09 17:50:43,233 [WORKER] [INFO] Failure reported to API for job 38
2026-08-09 17:53:20,854 [WORKER] [INFO] Job claimed: 39
2026-08-09 17:53:20,865 [WORKER] [INFO] MT5 ID: 357412 | Expiry: 2026-09-09 | Plan: EA Basic Plan
2026-08-09 17:53:20,867 [WORKER] [INFO] Compilation started
2026-08-09 17:53:22,342 [WORKER] [INFO] Compilation successful
2026-08-09 17:53:22,342 [WORKER] [INFO] EX5 generated: C:\mt5-license-system\compiler\output\InfinityTrader_357412_2026-09-09.ex5 (7414 bytes)
2026-08-09 17:53:22,342 [WORKER] [INFO] MT5 deployment started
2026-08-09 17:53:22,342 ============================================================
2026-08-09 17:53:22,342 Starting EX5 deployment
2026-08-09 17:53:22,342 ============================================================
2026-08-09 17:53:22,342 Source EX5       : C:\mt5-license-system\compiler\output\InfinityTrader_357412_2026-09-09.ex5
2026-08-09 17:53:22,342 Source size      : 7414 bytes
2026-08-09 17:53:22,343 Discovering MT5 data folder...
2026-08-09 17:53:22,343 Discovering MT5 data folder under: C:\Users\infinityadmin\AppData\Roaming\MetaQuotes\Terminal
2026-08-09 17:53:22,348 Examined folders: ['Common', 'Community', 'D0E8209F77C8CF37AD8BF550E51FF075']
2026-08-09 17:53:22,348 Valid MT5 instances found: 1
2026-08-09 17:53:22,349 Selected MT5 instance: D0E8209F77C8CF37AD8BF550E51FF075  (score=55)
2026-08-09 17:53:22,349 MT5 data folder  : C:\Users\infinityadmin\AppData\Roaming\MetaQuotes\Terminal\D0E8209F77C8CF37AD8BF550E51FF075
2026-08-09 17:53:22,349 Experts folder   : C:\Users\infinityadmin\AppData\Roaming\MetaQuotes\Terminal\D0E8209F77C8CF37AD8BF550E51FF075\MQL5\Experts
2026-08-09 17:53:22,349 origin.txt points to MT5 install: C:\Program Files\MetaTrader 5
2026-08-09 17:53:22,351 Destination path : C:\Users\infinityadmin\AppData\Roaming\MetaQuotes\Terminal\D0E8209F77C8CF37AD8BF550E51FF075\MQL5\Experts\InfinityTrader_357412_2026-09-09.ex5
2026-08-09 17:53:22,351 Calculating source SHA-256...
2026-08-09 17:53:22,352 Source SHA-256   : 2083fcd795307c6f4bffc47661490974521b7b74e90705e45120cd80c1f9429a
2026-08-09 17:53:22,352 Copying EX5 with shutil.copy2()...
2026-08-09 17:53:22,356 Destination size : 7414 bytes
2026-08-09 17:53:22,356 File sizes match [OK]
2026-08-09 17:53:22,356 Calculating destination SHA-256...
2026-08-09 17:53:22,366 Destination SHA-256: 2083fcd795307c6f4bffc47661490974521b7b74e90705e45120cd80c1f9429a
2026-08-09 17:53:22,367 [WORKER] [ERROR] deploy_ex5() raised an exception for job 39: 'charmap' codec can't encode character '\u2713' in position 28: character maps to <undefined>
2026-08-09 17:53:23,405 [WORKER] [INFO] Failure reported to API for job 39
2026-08-09 17:56:47,597 [WORKER] [INFO] Job claimed: 40
2026-08-09 17:56:47,602 [WORKER] [INFO] MT5 ID: 123589 | Expiry: 2026-09-09 | Plan: EA Basic Plan
2026-08-09 17:56:47,603 [WORKER] [INFO] Compilation started
2026-08-09 17:56:49,104 [WORKER] [INFO] Compilation successful
2026-08-09 17:56:49,104 [WORKER] [INFO] EX5 generated: C:\mt5-license-system\compiler\output\InfinityTrader_123589_2026-09-09.ex5 (6750 bytes)
2026-08-09 17:56:49,104 [WORKER] [INFO] MT5 deployment started
2026-08-09 17:56:49,104 ============================================================
2026-08-09 17:56:49,104 Starting EX5 deployment
2026-08-09 17:56:49,104 ============================================================
2026-08-09 17:56:49,104 Source EX5       : C:\mt5-license-system\compiler\output\InfinityTrader_123589_2026-09-09.ex5
2026-08-09 17:56:49,104 Source size      : 6750 bytes
2026-08-09 17:56:49,104 Discovering MT5 data folder...
2026-08-09 17:56:49,105 Discovering MT5 data folder under: C:\Users\infinityadmin\AppData\Roaming\MetaQuotes\Terminal
2026-08-09 17:56:49,108 Examined folders: ['Common', 'Community', 'D0E8209F77C8CF37AD8BF550E51FF075']
2026-08-09 17:56:49,108 Valid MT5 instances found: 1
2026-08-09 17:56:49,108 Selected MT5 instance: D0E8209F77C8CF37AD8BF550E51FF075  (score=55)
2026-08-09 17:56:49,108 MT5 data folder  : C:\Users\infinityadmin\AppData\Roaming\MetaQuotes\Terminal\D0E8209F77C8CF37AD8BF550E51FF075
2026-08-09 17:56:49,108 Experts folder   : C:\Users\infinityadmin\AppData\Roaming\MetaQuotes\Terminal\D0E8209F77C8CF37AD8BF550E51FF075\MQL5\Experts
2026-08-09 17:56:49,108 origin.txt points to MT5 install: C:\Program Files\MetaTrader 5
2026-08-09 17:56:49,110 Destination path : C:\Users\infinityadmin\AppData\Roaming\MetaQuotes\Terminal\D0E8209F77C8CF37AD8BF550E51FF075\MQL5\Experts\InfinityTrader_123589_2026-09-09.ex5
2026-08-09 17:56:49,110 Calculating source SHA-256...
2026-08-09 17:56:49,111 Source SHA-256   : cb50973e0f52fde0258ea562128f61c1d217f01a3036e555d04367e349c3850e
2026-08-09 17:56:49,111 Copying EX5 with shutil.copy2()...
2026-08-09 17:56:49,113 Destination size : 6750 bytes
2026-08-09 17:56:49,113 File sizes match [OK]
2026-08-09 17:56:49,113 Calculating destination SHA-256...
2026-08-09 17:56:49,124 Destination SHA-256: cb50973e0f52fde0258ea562128f61c1d217f01a3036e555d04367e349c3850e
2026-08-09 17:56:49,126 [WORKER] [ERROR] deploy_ex5() raised an exception for job 40: 'charmap' codec can't encode character '\u2713' in position 28: character maps to <undefined>
2026-08-09 17:56:50,057 [WORKER] [INFO] Failure reported to API for job 40
2026-08-09 17:59:01,353 [WORKER] [INFO] Starting
2026-08-09 17:59:01,354 [WORKER] [INFO] Worker ID      : windows-worker-01
2026-08-09 17:59:01,354 [WORKER] [INFO] API base URL   : https://infinity-trader-api.onrender.com/api/v1
2026-08-09 17:59:01,354 [WORKER] [INFO] Compiler dir   : C:\mt5-license-system\compiler
2026-08-09 17:59:01,354 [WORKER] [INFO] MetaEditor     : C:\Program Files\MetaTrader 5\metaeditor64.exe
2026-08-09 17:59:01,354 [WORKER] [INFO] Poll interval  : 5s
2026-08-09 17:59:01,369 [WORKER] [INFO] compile_ea imported successfully
2026-08-09 17:59:01,369 [WORKER] [INFO] deploy_ex5 imported successfully
2026-08-09 17:59:01,369 [WORKER] [INFO] MetaEditor found: C:\Program Files\MetaTrader 5\metaeditor64.exe
2026-08-09 17:59:01,369 Discovering MT5 data folder under: C:\Users\infinityadmin\AppData\Roaming\MetaQuotes\Terminal
2026-08-09 17:59:01,375 Examined folders: ['Common', 'Community', 'D0E8209F77C8CF37AD8BF550E51FF075']
2026-08-09 17:59:01,375 Valid MT5 instances found: 1
2026-08-09 17:59:01,376 Selected MT5 instance: D0E8209F77C8CF37AD8BF550E51FF075  (score=55)
2026-08-09 17:59:01,376 MT5 data folder  : C:\Users\infinityadmin\AppData\Roaming\MetaQuotes\Terminal\D0E8209F77C8CF37AD8BF550E51FF075
2026-08-09 17:59:01,376 Experts folder   : C:\Users\infinityadmin\AppData\Roaming\MetaQuotes\Terminal\D0E8209F77C8CF37AD8BF550E51FF075\MQL5\Experts
2026-08-09 17:59:01,376 origin.txt points to MT5 install: C:\Program Files\MetaTrader 5
2026-08-09 17:59:01,377 [WORKER] [INFO] MT5 instance: D0E8209F77C8CF37AD8BF550E51FF075
2026-08-09 17:59:01,377 [WORKER] [INFO] Experts folder: C:\Users\infinityadmin\AppData\Roaming\MetaQuotes\Terminal\D0E8209F77C8CF37AD8BF550E51FF075\MQL5\Experts
2026-08-09 17:59:01,377 [WORKER] [INFO] All prerequisites verified
2026-08-09 17:59:02,276 [WORKER] [INFO] API connected
2026-08-09 17:59:02,277 [WORKER] [INFO] Polling for jobs
2026-08-09 17:59:17,764 [WORKER] [INFO] Starting
2026-08-09 17:59:17,765 [WORKER] [INFO] Worker ID      : windows-worker-01
2026-08-09 17:59:17,765 [WORKER] [INFO] API base URL   : https://infinity-trader-api.onrender.com/api/v1
2026-08-09 17:59:17,765 [WORKER] [INFO] Compiler dir   : C:\mt5-license-system\compiler
2026-08-09 17:59:17,765 [WORKER] [INFO] MetaEditor     : C:\Program Files\MetaTrader 5\metaeditor64.exe
2026-08-09 17:59:17,765 [WORKER] [INFO] Poll interval  : 5s
2026-08-09 17:59:17,772 [WORKER] [INFO] compile_ea imported successfully
2026-08-09 17:59:17,772 [WORKER] [INFO] deploy_ex5 imported successfully
2026-08-09 17:59:17,772 [WORKER] [INFO] MetaEditor found: C:\Program Files\MetaTrader 5\metaeditor64.exe
2026-08-09 17:59:17,772 Discovering MT5 data folder under: C:\Users\infinityadmin\AppData\Roaming\MetaQuotes\Terminal
2026-08-09 17:59:17,775 Examined folders: ['Common', 'Community', 'D0E8209F77C8CF37AD8BF550E51FF075']
2026-08-09 17:59:17,775 Valid MT5 instances found: 1
2026-08-09 17:59:17,775 Selected MT5 instance: D0E8209F77C8CF37AD8BF550E51FF075  (score=55)
2026-08-09 17:59:17,776 MT5 data folder  : C:\Users\infinityadmin\AppData\Roaming\MetaQuotes\Terminal\D0E8209F77C8CF37AD8BF550E51FF075
2026-08-09 17:59:17,776 Experts folder   : C:\Users\infinityadmin\AppData\Roaming\MetaQuotes\Terminal\D0E8209F77C8CF37AD8BF550E51FF075\MQL5\Experts
2026-08-09 17:59:17,776 origin.txt points to MT5 install: C:\Program Files\MetaTrader 5
2026-08-09 17:59:17,776 [WORKER] [INFO] MT5 instance: D0E8209F77C8CF37AD8BF550E51FF075
2026-08-09 17:59:17,776 [WORKER] [INFO] Experts folder: C:\Users\infinityadmin\AppData\Roaming\MetaQuotes\Terminal\D0E8209F77C8CF37AD8BF550E51FF075\MQL5\Experts
2026-08-09 17:59:17,776 [WORKER] [INFO] All prerequisites verified
2026-08-09 17:59:18,794 [WORKER] [INFO] API connected
2026-08-09 17:59:18,794 [WORKER] [INFO] Polling for jobs
2026-08-09 18:00:36,956 [WORKER] [INFO] Job claimed: 41
2026-08-09 18:00:36,956 [WORKER] [INFO] MT5 ID: 2456317 | Expiry: 2026-09-09 | Plan: EA Basic Plan
2026-08-09 18:00:36,956 [WORKER] [INFO] Compilation started
2026-08-09 18:00:38,478 [WORKER] [INFO] Compilation successful
2026-08-09 18:00:38,478 [WORKER] [INFO] EX5 generated: C:\mt5-license-system\compiler\output\InfinityTrader_2456317_2026-09-09.ex5 (8442 bytes)
2026-08-09 18:00:38,478 [WORKER] [INFO] MT5 deployment started
2026-08-09 18:00:38,478 ============================================================
2026-08-09 18:00:38,478 Starting EX5 deployment
2026-08-09 18:00:38,478 ============================================================
2026-08-09 18:00:38,479 Source EX5       : C:\mt5-license-system\compiler\output\InfinityTrader_2456317_2026-09-09.ex5
2026-08-09 18:00:38,479 Source size      : 8442 bytes
2026-08-09 18:00:38,479 Discovering MT5 data folder...
2026-08-09 18:00:38,479 Discovering MT5 data folder under: C:\Users\infinityadmin\AppData\Roaming\MetaQuotes\Terminal
2026-08-09 18:00:38,481 Examined folders: ['Common', 'Community', 'D0E8209F77C8CF37AD8BF550E51FF075']
2026-08-09 18:00:38,481 Valid MT5 instances found: 1
2026-08-09 18:00:38,481 Selected MT5 instance: D0E8209F77C8CF37AD8BF550E51FF075  (score=55)
2026-08-09 18:00:38,481 MT5 data folder  : C:\Users\infinityadmin\AppData\Roaming\MetaQuotes\Terminal\D0E8209F77C8CF37AD8BF550E51FF075
2026-08-09 18:00:38,481 Experts folder   : C:\Users\infinityadmin\AppData\Roaming\MetaQuotes\Terminal\D0E8209F77C8CF37AD8BF550E51FF075\MQL5\Experts
2026-08-09 18:00:38,481 origin.txt points to MT5 install: C:\Program Files\MetaTrader 5
2026-08-09 18:00:38,482 Destination path : C:\Users\infinityadmin\AppData\Roaming\MetaQuotes\Terminal\D0E8209F77C8CF37AD8BF550E51FF075\MQL5\Experts\InfinityTrader_2456317_2026-09-09.ex5
2026-08-09 18:00:38,482 Calculating source SHA-256...
2026-08-09 18:00:38,483 Source SHA-256   : 409e1c2c93d997532ff4e20ca823598bec66d336f7ac188aafae748d2124595f
2026-08-09 18:00:38,483 Copying EX5 with shutil.copy2()...
2026-08-09 18:00:38,486 Destination size : 8442 bytes
2026-08-09 18:00:38,486 File sizes match [OK]
2026-08-09 18:00:38,486 Calculating destination SHA-256...
2026-08-09 18:00:38,497 Destination SHA-256: 409e1c2c93d997532ff4e20ca823598bec66d336f7ac188aafae748d2124595f
2026-08-09 18:00:38,498 SHA-256 hashes match [OK]
2026-08-09 18:00:38,498 EX5 deployment completed
2026-08-09 18:00:38,498 ============================================================
2026-08-09 18:00:38,498 [WORKER] [INFO] MT5 deployment successful
2026-08-09 18:00:38,498 [WORKER] [INFO] Deployed to: C:\Users\infinityadmin\AppData\Roaming\MetaQuotes\Terminal\D0E8209F77C8CF37AD8BF550E51FF075\MQL5\Experts\InfinityTrader_2456317_2026-09-09.ex5
2026-08-09 18:00:38,498 [WORKER] [INFO] Size: 8442 bytes | SHA-256 match: True
2026-08-09 18:00:38,498 [WORKER] [INFO] Upload started
2026-08-09 18:00:41,728 [WORKER] [INFO] Upload successful
2026-08-09 18:00:41,728 [WORKER] [SUCCESS] Job completed: 41
2026-08-09 18:02:11,680 [WORKER] [INFO] Job claimed: 42
2026-08-09 18:02:11,680 [WORKER] [INFO] MT5 ID: 1235698 | Expiry: 2026-09-09 | Plan: EA Basic Plan
2026-08-09 18:02:11,680 [WORKER] [INFO] Compilation started
2026-08-09 18:02:13,307 [WORKER] [INFO] Compilation successful
2026-08-09 18:02:13,307 [WORKER] [INFO] EX5 generated: C:\mt5-license-system\compiler\output\InfinityTrader_1235698_2026-09-09.ex5 (6484 bytes)
2026-08-09 18:02:13,307 [WORKER] [INFO] MT5 deployment started
2026-08-09 18:02:13,307 ============================================================
2026-08-09 18:02:13,307 Starting EX5 deployment
2026-08-09 18:02:13,307 ============================================================
2026-08-09 18:02:13,308 Source EX5       : C:\mt5-license-system\compiler\output\InfinityTrader_1235698_2026-09-09.ex5
2026-08-09 18:02:13,308 Source size      : 6484 bytes
2026-08-09 18:02:13,308 Discovering MT5 data folder...
2026-08-09 18:02:13,308 Discovering MT5 data folder under: C:\Users\infinityadmin\AppData\Roaming\MetaQuotes\Terminal
2026-08-09 18:02:13,309 Examined folders: ['Common', 'Community', 'D0E8209F77C8CF37AD8BF550E51FF075']
2026-08-09 18:02:13,309 Valid MT5 instances found: 1
2026-08-09 18:02:13,309 Selected MT5 instance: D0E8209F77C8CF37AD8BF550E51FF075  (score=55)
2026-08-09 18:02:13,309 MT5 data folder  : C:\Users\infinityadmin\AppData\Roaming\MetaQuotes\Terminal\D0E8209F77C8CF37AD8BF550E51FF075
2026-08-09 18:02:13,309 Experts folder   : C:\Users\infinityadmin\AppData\Roaming\MetaQuotes\Terminal\D0E8209F77C8CF37AD8BF550E51FF075\MQL5\Experts
2026-08-09 18:02:13,309 origin.txt points to MT5 install: C:\Program Files\MetaTrader 5
2026-08-09 18:02:13,310 Destination path : C:\Users\infinityadmin\AppData\Roaming\MetaQuotes\Terminal\D0E8209F77C8CF37AD8BF550E51FF075\MQL5\Experts\InfinityTrader_1235698_2026-09-09.ex5
2026-08-09 18:02:13,310 Calculating source SHA-256...
2026-08-09 18:02:13,310 Source SHA-256   : e4e4f2ced4a1e31ad5ba2c8528fab81da6e3abe7e151773736012446bd19f9f4
2026-08-09 18:02:13,310 Copying EX5 with shutil.copy2()...
2026-08-09 18:02:13,312 Destination size : 6484 bytes
2026-08-09 18:02:13,312 File sizes match [OK]
2026-08-09 18:02:13,312 Calculating destination SHA-256...
2026-08-09 18:02:13,324 Destination SHA-256: e4e4f2ced4a1e31ad5ba2c8528fab81da6e3abe7e151773736012446bd19f9f4
2026-08-09 18:02:13,324 SHA-256 hashes match [OK]
2026-08-09 18:02:13,324 EX5 deployment completed
2026-08-09 18:02:13,324 ============================================================
2026-08-09 18:02:13,324 [WORKER] [INFO] MT5 deployment successful
2026-08-09 18:02:13,324 [WORKER] [INFO] Deployed to: C:\Users\infinityadmin\AppData\Roaming\MetaQuotes\Terminal\D0E8209F77C8CF37AD8BF550E51FF075\MQL5\Experts\InfinityTrader_1235698_2026-09-09.ex5
2026-08-09 18:02:13,324 [WORKER] [INFO] Size: 6484 bytes | SHA-256 match: True
2026-08-09 18:02:13,324 [WORKER] [INFO] Upload started
2026-08-09 18:02:14,597 [WORKER] [INFO] Upload successful
2026-08-09 18:02:14,597 [WORKER] [SUCCESS] Job completed: 42
2026-08-09 18:07:31,575 [WORKER] [INFO] Job claimed: 43
2026-08-09 18:07:31,580 [WORKER] [INFO] MT5 ID: 5312698 | Expiry: 2026-09-09 | Plan: EA Basic Plan
2026-08-09 18:07:31,581 [WORKER] [INFO] Compilation started
2026-08-09 18:07:33,035 [WORKER] [INFO] Compilation successful
2026-08-09 18:07:33,035 [WORKER] [INFO] EX5 generated: C:\mt5-license-system\compiler\output\InfinityTrader_5312698_2026-09-09.ex5 (7506 bytes)
2026-08-09 18:07:33,035 [WORKER] [INFO] MT5 deployment started
2026-08-09 18:07:33,035 ============================================================
2026-08-09 18:07:33,036 Starting EX5 deployment
2026-08-09 18:07:33,036 ============================================================
2026-08-09 18:07:33,036 Source EX5       : C:\mt5-license-system\compiler\output\InfinityTrader_5312698_2026-09-09.ex5
2026-08-09 18:07:33,036 Source size      : 7506 bytes
2026-08-09 18:07:33,036 Discovering MT5 data folder...
2026-08-09 18:07:33,036 Discovering MT5 data folder under: C:\Users\infinityadmin\AppData\Roaming\MetaQuotes\Terminal
2026-08-09 18:07:33,045 Examined folders: ['Common', 'Community', 'D0E8209F77C8CF37AD8BF550E51FF075']
2026-08-09 18:07:33,045 Valid MT5 instances found: 1
2026-08-09 18:07:33,045 Selected MT5 instance: D0E8209F77C8CF37AD8BF550E51FF075  (score=55)
2026-08-09 18:07:33,046 MT5 data folder  : C:\Users\infinityadmin\AppData\Roaming\MetaQuotes\Terminal\D0E8209F77C8CF37AD8BF550E51FF075
2026-08-09 18:07:33,046 Experts folder   : C:\Users\infinityadmin\AppData\Roaming\MetaQuotes\Terminal\D0E8209F77C8CF37AD8BF550E51FF075\MQL5\Experts
2026-08-09 18:07:33,046 origin.txt points to MT5 install: C:\Program Files\MetaTrader 5
2026-08-09 18:07:33,048 Destination path : C:\Users\infinityadmin\AppData\Roaming\MetaQuotes\Terminal\D0E8209F77C8CF37AD8BF550E51FF075\MQL5\Experts\InfinityTrader_5312698_2026-09-09.ex5
2026-08-09 18:07:33,048 Calculating source SHA-256...
2026-08-09 18:07:33,050 Source SHA-256   : f8d9809c6cc6b8f82becdeb5be40a6028ab96acaa16023f264f9eb9aa0622feb
2026-08-09 18:07:33,050 Copying EX5 with shutil.copy2()...
2026-08-09 18:07:33,053 Destination size : 7506 bytes
2026-08-09 18:07:33,053 File sizes match [OK]
2026-08-09 18:07:33,053 Calculating destination SHA-256...
2026-08-09 18:07:33,062 Destination SHA-256: f8d9809c6cc6b8f82becdeb5be40a6028ab96acaa16023f264f9eb9aa0622feb
2026-08-09 18:07:33,062 SHA-256 hashes match [OK]
2026-08-09 18:07:33,062 EX5 deployment completed
2026-08-09 18:07:33,062 ============================================================
2026-08-09 18:07:33,063 [WORKER] [INFO] MT5 deployment successful
2026-08-09 18:07:33,063 [WORKER] [INFO] Deployed to: C:\Users\infinityadmin\AppData\Roaming\MetaQuotes\Terminal\D0E8209F77C8CF37AD8BF550E51FF075\MQL5\Experts\InfinityTrader_5312698_2026-09-09.ex5
2026-08-09 18:07:33,063 [WORKER] [INFO] Size: 7506 bytes | SHA-256 match: True
2026-08-09 18:07:33,063 [WORKER] [INFO] Upload started
2026-08-09 18:07:35,379 [WORKER] [INFO] Upload successful
2026-08-09 18:07:35,379 [WORKER] [SUCCESS] Job completed: 43
2026-08-09 18:13:48,780 [WORKER] [INFO] Job claimed: 44
2026-08-09 18:13:48,781 [WORKER] [INFO] MT5 ID: 45679754 | Expiry: 2026-09-09 | Plan: EA Basic Plan
2026-08-09 18:13:48,781 [WORKER] [INFO] Compilation started
2026-08-09 18:13:49,635 [WORKER] [INFO] Compilation successful
2026-08-09 18:13:49,636 [WORKER] [INFO] EX5 generated: C:\mt5-license-system\compiler\output\InfinityTrader_45679754_2026-09-09.ex5 (7484 bytes)
2026-08-09 18:13:49,636 [WORKER] [INFO] MT5 deployment started
2026-08-09 18:13:49,636 ============================================================
2026-08-09 18:13:49,636 Starting EX5 deployment
2026-08-09 18:13:49,636 ============================================================
2026-08-09 18:13:49,636 Source EX5       : C:\mt5-license-system\compiler\output\InfinityTrader_45679754_2026-09-09.ex5
2026-08-09 18:13:49,636 Source size      : 7484 bytes
2026-08-09 18:13:49,636 Discovering MT5 data folder...
2026-08-09 18:13:49,636 Discovering MT5 data folder under: C:\Users\infinityadmin\AppData\Roaming\MetaQuotes\Terminal
2026-08-09 18:13:49,637 Examined folders: ['Common', 'Community', 'D0E8209F77C8CF37AD8BF550E51FF075']
2026-08-09 18:13:49,637 Valid MT5 instances found: 1
2026-08-09 18:13:49,638 Selected MT5 instance: D0E8209F77C8CF37AD8BF550E51FF075  (score=55)
2026-08-09 18:13:49,638 MT5 data folder  : C:\Users\infinityadmin\AppData\Roaming\MetaQuotes\Terminal\D0E8209F77C8CF37AD8BF550E51FF075
2026-08-09 18:13:49,638 Experts folder   : C:\Users\infinityadmin\AppData\Roaming\MetaQuotes\Terminal\D0E8209F77C8CF37AD8BF550E51FF075\MQL5\Experts
2026-08-09 18:13:49,638 origin.txt points to MT5 install: C:\Program Files\MetaTrader 5
2026-08-09 18:13:49,638 Destination path : C:\Users\infinityadmin\AppData\Roaming\MetaQuotes\Terminal\D0E8209F77C8CF37AD8BF550E51FF075\MQL5\Experts\InfinityTrader_45679754_2026-09-09.ex5
2026-08-09 18:13:49,638 Calculating source SHA-256...
2026-08-09 18:13:49,639 Source SHA-256   : db83a5200d144206144926028389f9ff0570f1eccec22f9e55de86e9a9c9e876
2026-08-09 18:13:49,639 Copying EX5 with shutil.copy2()...
2026-08-09 18:13:49,640 Destination size : 7484 bytes
2026-08-09 18:13:49,640 File sizes match [OK]
2026-08-09 18:13:49,640 Calculating destination SHA-256...
2026-08-09 18:13:49,648 Destination SHA-256: db83a5200d144206144926028389f9ff0570f1eccec22f9e55de86e9a9c9e876
2026-08-09 18:13:49,648 SHA-256 hashes match [OK]
2026-08-09 18:13:49,648 EX5 deployment completed
2026-08-09 18:13:49,648 ============================================================
2026-08-09 18:13:49,648 [WORKER] [INFO] MT5 deployment successful
2026-08-09 18:13:49,648 [WORKER] [INFO] Deployed to: C:\Users\infinityadmin\AppData\Roaming\MetaQuotes\Terminal\D0E8209F77C8CF37AD8BF550E51FF075\MQL5\Experts\InfinityTrader_45679754_2026-09-09.ex5
2026-08-09 18:13:49,648 [WORKER] [INFO] Size: 7484 bytes | SHA-256 match: True
2026-08-09 18:13:49,648 [WORKER] [INFO] Upload started
2026-08-09 18:13:51,914 [WORKER] [INFO] Upload successful
2026-08-09 18:13:51,914 [WORKER] [SUCCESS] Job completed: 44
2026-08-09 18:44:58,262 [WORKER] [INFO] Job claimed: 45
2026-08-09 18:44:58,271 [WORKER] [INFO] MT5 ID: 567890 | Expiry: 2026-09-09 | Plan: EA Basic Plan
2026-08-09 18:44:58,272 [WORKER] [INFO] Compilation started
2026-08-09 18:44:59,754 [WORKER] [INFO] Compilation successful
2026-08-09 18:44:59,754 [WORKER] [INFO] EX5 generated: C:\mt5-license-system\compiler\output\InfinityTrader_567890_2026-09-09.ex5 (7194 bytes)
2026-08-09 18:44:59,754 [WORKER] [INFO] MT5 deployment started
2026-08-09 18:44:59,754 ============================================================
2026-08-09 18:44:59,754 Starting EX5 deployment
2026-08-09 18:44:59,754 ============================================================
2026-08-09 18:44:59,754 Source EX5       : C:\mt5-license-system\compiler\output\InfinityTrader_567890_2026-09-09.ex5
2026-08-09 18:44:59,755 Source size      : 7194 bytes
2026-08-09 18:44:59,755 Discovering MT5 data folder...
2026-08-09 18:44:59,755 Discovering MT5 data folder under: C:\Users\infinityadmin\AppData\Roaming\MetaQuotes\Terminal
2026-08-09 18:44:59,758 Examined folders: ['Common', 'Community', 'D0E8209F77C8CF37AD8BF550E51FF075']
2026-08-09 18:44:59,758 Valid MT5 instances found: 1
2026-08-09 18:44:59,759 Selected MT5 instance: D0E8209F77C8CF37AD8BF550E51FF075  (score=55)
2026-08-09 18:44:59,759 MT5 data folder  : C:\Users\infinityadmin\AppData\Roaming\MetaQuotes\Terminal\D0E8209F77C8CF37AD8BF550E51FF075
2026-08-09 18:44:59,759 Experts folder   : C:\Users\infinityadmin\AppData\Roaming\MetaQuotes\Terminal\D0E8209F77C8CF37AD8BF550E51FF075\MQL5\Experts
2026-08-09 18:44:59,759 origin.txt points to MT5 install: C:\Program Files\MetaTrader 5
2026-08-09 18:44:59,760 Destination path : C:\Users\infinityadmin\AppData\Roaming\MetaQuotes\Terminal\D0E8209F77C8CF37AD8BF550E51FF075\MQL5\Experts\InfinityTrader_567890_2026-09-09.ex5
2026-08-09 18:44:59,760 Calculating source SHA-256...
2026-08-09 18:44:59,762 Source SHA-256   : b746aecd7bea15b648de6b81b2f25f0439cd0faa3587946bccfb19f71a10241b
2026-08-09 18:44:59,762 Copying EX5 with shutil.copy2()...
2026-08-09 18:44:59,765 Destination size : 7194 bytes
2026-08-09 18:44:59,765 File sizes match [OK]
2026-08-09 18:44:59,765 Calculating destination SHA-256...
2026-08-09 18:44:59,773 Destination SHA-256: b746aecd7bea15b648de6b81b2f25f0439cd0faa3587946bccfb19f71a10241b
2026-08-09 18:44:59,773 SHA-256 hashes match [OK]
2026-08-09 18:44:59,773 EX5 deployment completed
2026-08-09 18:44:59,773 ============================================================
2026-08-09 18:44:59,773 [WORKER] [INFO] MT5 deployment successful
2026-08-09 18:44:59,773 [WORKER] [INFO] Deployed to: C:\Users\infinityadmin\AppData\Roaming\MetaQuotes\Terminal\D0E8209F77C8CF37AD8BF550E51FF075\MQL5\Experts\InfinityTrader_567890_2026-09-09.ex5
2026-08-09 18:44:59,774 [WORKER] [INFO] Size: 7194 bytes | SHA-256 match: True
2026-08-09 18:44:59,774 [WORKER] [INFO] Upload started
2026-08-09 18:45:02,040 [WORKER] [INFO] Upload successful
2026-08-09 18:45:02,040 [WORKER] [SUCCESS] Job completed: 45
2026-08-10 03:32:38,612 [WORKER] [INFO] Job claimed: 46
2026-08-10 03:32:38,621 [WORKER] [INFO] MT5 ID: 456784 | Expiry: 2026-09-10 | Plan: EA Basic Plan
2026-08-10 03:32:38,622 [WORKER] [INFO] Compilation started
2026-08-10 03:32:40,598 [WORKER] [INFO] Compilation successful
2026-08-10 03:32:40,598 [WORKER] [INFO] EX5 generated: C:\mt5-license-system\compiler\output\InfinityTrader_456784_2026-09-10.ex5 (7108 bytes)
2026-08-10 03:32:40,598 [WORKER] [INFO] MT5 deployment started
2026-08-10 03:32:40,598 ============================================================
2026-08-10 03:32:40,598 Starting EX5 deployment
2026-08-10 03:32:40,598 ============================================================
2026-08-10 03:32:40,598 Source EX5       : C:\mt5-license-system\compiler\output\InfinityTrader_456784_2026-09-10.ex5
2026-08-10 03:32:40,598 Source size      : 7108 bytes
2026-08-10 03:32:40,598 Discovering MT5 data folder...
2026-08-10 03:32:40,599 Discovering MT5 data folder under: C:\Users\infinityadmin\AppData\Roaming\MetaQuotes\Terminal
2026-08-10 03:32:40,642 Examined folders: ['Common', 'Community', 'D0E8209F77C8CF37AD8BF550E51FF075']
2026-08-10 03:32:40,642 Valid MT5 instances found: 1
2026-08-10 03:32:40,642 Selected MT5 instance: D0E8209F77C8CF37AD8BF550E51FF075  (score=55)
2026-08-10 03:32:40,642 MT5 data folder  : C:\Users\infinityadmin\AppData\Roaming\MetaQuotes\Terminal\D0E8209F77C8CF37AD8BF550E51FF075
2026-08-10 03:32:40,642 Experts folder   : C:\Users\infinityadmin\AppData\Roaming\MetaQuotes\Terminal\D0E8209F77C8CF37AD8BF550E51FF075\MQL5\Experts
2026-08-10 03:32:40,643 origin.txt points to MT5 install: C:\Program Files\MetaTrader 5
2026-08-10 03:32:40,643 Destination path : C:\Users\infinityadmin\AppData\Roaming\MetaQuotes\Terminal\D0E8209F77C8CF37AD8BF550E51FF075\MQL5\Experts\InfinityTrader_456784_2026-09-10.ex5
2026-08-10 03:32:40,644 Calculating source SHA-256...
2026-08-10 03:32:40,646 Source SHA-256   : 37f372e02a8e1c9844518d481a436526bc5add117a4f4e71d3e9d54cd3313706
2026-08-10 03:32:40,646 Copying EX5 with shutil.copy2()...
2026-08-10 03:32:40,649 Destination size : 7108 bytes
2026-08-10 03:32:40,649 File sizes match [OK]
2026-08-10 03:32:40,649 Calculating destination SHA-256...
2026-08-10 03:32:40,674 Destination SHA-256: 37f372e02a8e1c9844518d481a436526bc5add117a4f4e71d3e9d54cd3313706
2026-08-10 03:32:40,674 SHA-256 hashes match [OK]
2026-08-10 03:32:40,674 EX5 deployment completed
2026-08-10 03:32:40,674 ============================================================
2026-08-10 03:32:40,674 [WORKER] [INFO] MT5 deployment successful
2026-08-10 03:32:40,674 [WORKER] [INFO] Deployed to: C:\Users\infinityadmin\AppData\Roaming\MetaQuotes\Terminal\D0E8209F77C8CF37AD8BF550E51FF075\MQL5\Experts\InfinityTrader_456784_2026-09-10.ex5
2026-08-10 03:32:40,674 [WORKER] [INFO] Size: 7108 bytes | SHA-256 match: True
2026-08-10 03:32:40,674 [WORKER] [INFO] Upload started
2026-08-10 03:32:43,574 [WORKER] [INFO] Upload successful
2026-08-10 03:32:43,574 [WORKER] [SUCCESS] Job completed: 46
2026-08-10 04:27:36,920 [WORKER] [INFO] Job claimed: 47
2026-08-10 04:27:36,930 [WORKER] [INFO] MT5 ID: 76544378 | Expiry: 2026-09-10 | Plan: EA Basic Plan
2026-08-10 04:27:36,931 [WORKER] [INFO] Compilation started
2026-08-10 04:27:38,995 [WORKER] [INFO] Compilation successful
2026-08-10 04:27:38,995 [WORKER] [INFO] EX5 generated: C:\mt5-license-system\compiler\output\InfinityTrader_76544378_2026-09-10.ex5 (6810 bytes)
2026-08-10 04:27:38,995 [WORKER] [INFO] MT5 deployment started
2026-08-10 04:27:38,995 ============================================================
2026-08-10 04:27:38,995 Starting EX5 deployment
2026-08-10 04:27:38,995 ============================================================
2026-08-10 04:27:38,996 Source EX5       : C:\mt5-license-system\compiler\output\InfinityTrader_76544378_2026-09-10.ex5
2026-08-10 04:27:38,996 Source size      : 6810 bytes
2026-08-10 04:27:38,996 Discovering MT5 data folder...
2026-08-10 04:27:38,996 Discovering MT5 data folder under: C:\Users\infinityadmin\AppData\Roaming\MetaQuotes\Terminal
2026-08-10 04:27:39,003 Examined folders: ['Common', 'Community', 'D0E8209F77C8CF37AD8BF550E51FF075']
2026-08-10 04:27:39,003 Valid MT5 instances found: 1
2026-08-10 04:27:39,003 Selected MT5 instance: D0E8209F77C8CF37AD8BF550E51FF075  (score=55)
2026-08-10 04:27:39,003 MT5 data folder  : C:\Users\infinityadmin\AppData\Roaming\MetaQuotes\Terminal\D0E8209F77C8CF37AD8BF550E51FF075
2026-08-10 04:27:39,004 Experts folder   : C:\Users\infinityadmin\AppData\Roaming\MetaQuotes\Terminal\D0E8209F77C8CF37AD8BF550E51FF075\MQL5\Experts
2026-08-10 04:27:39,004 origin.txt points to MT5 install: C:\Program Files\MetaTrader 5
2026-08-10 04:27:39,005 Destination path : C:\Users\infinityadmin\AppData\Roaming\MetaQuotes\Terminal\D0E8209F77C8CF37AD8BF550E51FF075\MQL5\Experts\InfinityTrader_76544378_2026-09-10.ex5
2026-08-10 04:27:39,005 Calculating source SHA-256...
2026-08-10 04:27:39,007 Source SHA-256   : 2cbe0d4d80e5f37baca8d826dd6e402c88eb535f082f9b8b60ef32338c5def79
2026-08-10 04:27:39,007 Copying EX5 with shutil.copy2()...
2026-08-10 04:27:39,010 Destination size : 6810 bytes
2026-08-10 04:27:39,010 File sizes match [OK]
2026-08-10 04:27:39,010 Calculating destination SHA-256...
2026-08-10 04:27:39,025 Destination SHA-256: 2cbe0d4d80e5f37baca8d826dd6e402c88eb535f082f9b8b60ef32338c5def79
2026-08-10 04:27:39,025 SHA-256 hashes match [OK]
2026-08-10 04:27:39,025 EX5 deployment completed
2026-08-10 04:27:39,025 ============================================================
2026-08-10 04:27:39,025 [WORKER] [INFO] MT5 deployment successful
2026-08-10 04:27:39,025 [WORKER] [INFO] Deployed to: C:\Users\infinityadmin\AppData\Roaming\MetaQuotes\Terminal\D0E8209F77C8CF37AD8BF550E51FF075\MQL5\Experts\InfinityTrader_76544378_2026-09-10.ex5
2026-08-10 04:27:39,025 [WORKER] [INFO] Size: 6810 bytes | SHA-256 match: True
2026-08-10 04:27:39,025 [WORKER] [INFO] Upload started
2026-08-10 04:27:41,505 [WORKER] [INFO] Upload successful
2026-08-10 04:27:41,505 [WORKER] [SUCCESS] Job completed: 47
2026-08-10 04:41:53,865 [WORKER] [INFO] Job claimed: 48
2026-08-10 04:41:53,888 [WORKER] [INFO] MT5 ID: 76587687 | Expiry: 2026-08-12 | Plan: standard
2026-08-10 04:41:53,889 [WORKER] [INFO] Compilation started
2026-08-10 04:41:55,666 [WORKER] [INFO] Compilation successful
2026-08-10 04:41:55,666 [WORKER] [INFO] EX5 generated: C:\mt5-license-system\compiler\output\InfinityTrader_76587687_2026-08-12.ex5 (7064 bytes)
2026-08-10 04:41:55,666 [WORKER] [INFO] MT5 deployment started
2026-08-10 04:41:55,666 ============================================================
2026-08-10 04:41:55,666 Starting EX5 deployment
2026-08-10 04:41:55,666 ============================================================
2026-08-10 04:41:55,666 Source EX5       : C:\mt5-license-system\compiler\output\InfinityTrader_76587687_2026-08-12.ex5
2026-08-10 04:41:55,666 Source size      : 7064 bytes
2026-08-10 04:41:55,666 Discovering MT5 data folder...
2026-08-10 04:41:55,667 Discovering MT5 data folder under: C:\Users\infinityadmin\AppData\Roaming\MetaQuotes\Terminal
2026-08-10 04:41:55,672 Examined folders: ['Common', 'Community', 'D0E8209F77C8CF37AD8BF550E51FF075']
2026-08-10 04:41:55,672 Valid MT5 instances found: 1
2026-08-10 04:41:55,672 Selected MT5 instance: D0E8209F77C8CF37AD8BF550E51FF075  (score=55)
2026-08-10 04:41:55,672 MT5 data folder  : C:\Users\infinityadmin\AppData\Roaming\MetaQuotes\Terminal\D0E8209F77C8CF37AD8BF550E51FF075
2026-08-10 04:41:55,672 Experts folder   : C:\Users\infinityadmin\AppData\Roaming\MetaQuotes\Terminal\D0E8209F77C8CF37AD8BF550E51FF075\MQL5\Experts
2026-08-10 04:41:55,672 origin.txt points to MT5 install: C:\Program Files\MetaTrader 5
2026-08-10 04:41:55,674 Destination path : C:\Users\infinityadmin\AppData\Roaming\MetaQuotes\Terminal\D0E8209F77C8CF37AD8BF550E51FF075\MQL5\Experts\InfinityTrader_76587687_2026-08-12.ex5
2026-08-10 04:41:55,674 Calculating source SHA-256...
2026-08-10 04:41:55,678 Source SHA-256   : 7c1ac4761e950877afed4ffc26e87e7cddc94133eb4f3d70954193f8020df4a4
2026-08-10 04:41:55,678 Copying EX5 with shutil.copy2()...
2026-08-10 04:41:55,682 Destination size : 7064 bytes
2026-08-10 04:41:55,682 File sizes match [OK]
2026-08-10 04:41:55,682 Calculating destination SHA-256...
2026-08-10 04:41:55,693 Destination SHA-256: 7c1ac4761e950877afed4ffc26e87e7cddc94133eb4f3d70954193f8020df4a4
2026-08-10 04:41:55,693 SHA-256 hashes match [OK]
2026-08-10 04:41:55,693 EX5 deployment completed
2026-08-10 04:41:55,693 ============================================================
2026-08-10 04:41:55,693 [WORKER] [INFO] MT5 deployment successful
2026-08-10 04:41:55,693 [WORKER] [INFO] Deployed to: C:\Users\infinityadmin\AppData\Roaming\MetaQuotes\Terminal\D0E8209F77C8CF37AD8BF550E51FF075\MQL5\Experts\InfinityTrader_76587687_2026-08-12.ex5
2026-08-10 04:41:55,693 [WORKER] [INFO] Size: 7064 bytes | SHA-256 match: True
2026-08-10 04:41:55,693 [WORKER] [INFO] Upload started
2026-08-10 04:41:59,234 [WORKER] [INFO] Upload successful
2026-08-10 04:41:59,234 [WORKER] [SUCCESS] Job completed: 48
2026-08-10 04:48:04,528 [WORKER] [INFO] Job claimed: 49
2026-08-10 04:48:04,539 [WORKER] [INFO] MT5 ID: 67543798 | Expiry: 2026-08-12 | Plan: standard
2026-08-10 04:48:04,541 [WORKER] [INFO] Compilation started
2026-08-10 04:48:06,170 [WORKER] [INFO] Compilation successful
2026-08-10 04:48:06,170 [WORKER] [INFO] EX5 generated: C:\mt5-license-system\compiler\output\InfinityTrader_67543798_2026-08-12.ex5 (6734 bytes)
2026-08-10 04:48:06,170 [WORKER] [INFO] MT5 deployment started
2026-08-10 04:48:06,170 ============================================================
2026-08-10 04:48:06,170 Starting EX5 deployment
2026-08-10 04:48:06,170 ============================================================
2026-08-10 04:48:06,171 Source EX5       : C:\mt5-license-system\compiler\output\InfinityTrader_67543798_2026-08-12.ex5
2026-08-10 04:48:06,171 Source size      : 6734 bytes
2026-08-10 04:48:06,171 Discovering MT5 data folder...
2026-08-10 04:48:06,171 Discovering MT5 data folder under: C:\Users\infinityadmin\AppData\Roaming\MetaQuotes\Terminal
2026-08-10 04:48:06,192 Examined folders: ['Common', 'Community', 'D0E8209F77C8CF37AD8BF550E51FF075']
2026-08-10 04:48:06,192 Valid MT5 instances found: 1
2026-08-10 04:48:06,193 Selected MT5 instance: D0E8209F77C8CF37AD8BF550E51FF075  (score=55)
2026-08-10 04:48:06,193 MT5 data folder  : C:\Users\infinityadmin\AppData\Roaming\MetaQuotes\Terminal\D0E8209F77C8CF37AD8BF550E51FF075
2026-08-10 04:48:06,193 Experts folder   : C:\Users\infinityadmin\AppData\Roaming\MetaQuotes\Terminal\D0E8209F77C8CF37AD8BF550E51FF075\MQL5\Experts
2026-08-10 04:48:06,193 origin.txt points to MT5 install: C:\Program Files\MetaTrader 5
2026-08-10 04:48:06,196 Destination path : C:\Users\infinityadmin\AppData\Roaming\MetaQuotes\Terminal\D0E8209F77C8CF37AD8BF550E51FF075\MQL5\Experts\InfinityTrader_67543798_2026-08-12.ex5
2026-08-10 04:48:06,196 Calculating source SHA-256...
2026-08-10 04:48:06,199 Source SHA-256   : 7be9230337ac5eb8c7d630975feb643c518e087cbd72db0550277d57b0b20c7a
2026-08-10 04:48:06,199 Copying EX5 with shutil.copy2()...
2026-08-10 04:48:06,205 Destination size : 6734 bytes
2026-08-10 04:48:06,205 File sizes match [OK]
2026-08-10 04:48:06,205 Calculating destination SHA-256...
2026-08-10 04:48:06,218 Destination SHA-256: 7be9230337ac5eb8c7d630975feb643c518e087cbd72db0550277d57b0b20c7a
2026-08-10 04:48:06,218 SHA-256 hashes match [OK]
2026-08-10 04:48:06,218 EX5 deployment completed
2026-08-10 04:48:06,218 ============================================================
2026-08-10 04:48:06,218 [WORKER] [INFO] MT5 deployment successful
2026-08-10 04:48:06,218 [WORKER] [INFO] Deployed to: C:\Users\infinityadmin\AppData\Roaming\MetaQuotes\Terminal\D0E8209F77C8CF37AD8BF550E51FF075\MQL5\Experts\InfinityTrader_67543798_2026-08-12.ex5
2026-08-10 04:48:06,218 [WORKER] [INFO] Size: 6734 bytes | SHA-256 match: True
2026-08-10 04:48:06,218 [WORKER] [INFO] Upload started
2026-08-10 04:48:09,602 [WORKER] [INFO] Upload successful
2026-08-10 04:48:09,602 [WORKER] [SUCCESS] Job completed: 49
2026-08-10 05:58:39,002 [WORKER] [INFO] Job claimed: 50
2026-08-10 05:58:39,013 [WORKER] [INFO] MT5 ID: 654789 | Expiry: 2026-09-10 | Plan: EA Basic Plan
2026-08-10 05:58:39,014 [WORKER] [INFO] Compilation started
2026-08-10 05:58:40,675 [WORKER] [INFO] Compilation successful
2026-08-10 05:58:40,676 [WORKER] [INFO] EX5 generated: C:\mt5-license-system\compiler\output\InfinityTrader_654789_2026-09-10.ex5 (7502 bytes)
2026-08-10 05:58:40,676 [WORKER] [INFO] MT5 deployment started
2026-08-10 05:58:40,676 ============================================================
2026-08-10 05:58:40,676 Starting EX5 deployment
2026-08-10 05:58:40,676 ============================================================
2026-08-10 05:58:40,676 Source EX5       : C:\mt5-license-system\compiler\output\InfinityTrader_654789_2026-09-10.ex5
2026-08-10 05:58:40,676 Source size      : 7502 bytes
2026-08-10 05:58:40,676 Discovering MT5 data folder...
2026-08-10 05:58:40,677 Discovering MT5 data folder under: C:\Users\infinityadmin\AppData\Roaming\MetaQuotes\Terminal
2026-08-10 05:58:40,683 Examined folders: ['Common', 'Community', 'D0E8209F77C8CF37AD8BF550E51FF075']
2026-08-10 05:58:40,683 Valid MT5 instances found: 1
2026-08-10 05:58:40,684 Selected MT5 instance: D0E8209F77C8CF37AD8BF550E51FF075  (score=55)
2026-08-10 05:58:40,684 MT5 data folder  : C:\Users\infinityadmin\AppData\Roaming\MetaQuotes\Terminal\D0E8209F77C8CF37AD8BF550E51FF075
2026-08-10 05:58:40,684 Experts folder   : C:\Users\infinityadmin\AppData\Roaming\MetaQuotes\Terminal\D0E8209F77C8CF37AD8BF550E51FF075\MQL5\Experts
2026-08-10 05:58:40,684 origin.txt points to MT5 install: C:\Program Files\MetaTrader 5
2026-08-10 05:58:40,686 Destination path : C:\Users\infinityadmin\AppData\Roaming\MetaQuotes\Terminal\D0E8209F77C8CF37AD8BF550E51FF075\MQL5\Experts\InfinityTrader_654789_2026-09-10.ex5
2026-08-10 05:58:40,686 Calculating source SHA-256...
2026-08-10 05:58:40,689 Source SHA-256   : bf87547b398b4f1f1197ed85542bb03a03949695303ce44852e7d0ac8d20199d
2026-08-10 05:58:40,690 Copying EX5 with shutil.copy2()...
2026-08-10 05:58:40,706 Destination size : 7502 bytes
2026-08-10 05:58:40,706 File sizes match [OK]
2026-08-10 05:58:40,706 Calculating destination SHA-256...
2026-08-10 05:58:40,717 Destination SHA-256: bf87547b398b4f1f1197ed85542bb03a03949695303ce44852e7d0ac8d20199d
2026-08-10 05:58:40,717 SHA-256 hashes match [OK]
2026-08-10 05:58:40,717 EX5 deployment completed
2026-08-10 05:58:40,717 ============================================================
2026-08-10 05:58:40,717 [WORKER] [INFO] MT5 deployment successful
2026-08-10 05:58:40,717 [WORKER] [INFO] Deployed to: C:\Users\infinityadmin\AppData\Roaming\MetaQuotes\Terminal\D0E8209F77C8CF37AD8BF550E51FF075\MQL5\Experts\InfinityTrader_654789_2026-09-10.ex5
2026-08-10 05:58:40,717 [WORKER] [INFO] Size: 7502 bytes | SHA-256 match: True
2026-08-10 05:58:40,717 [WORKER] [INFO] Upload started
2026-08-10 05:58:44,950 [WORKER] [INFO] Upload successful
2026-08-10 05:58:44,950 [WORKER] [SUCCESS] Job completed: 50
2026-08-10 06:23:51,815 [WORKER] [INFO] Job claimed: 51
2026-08-10 06:23:51,823 [WORKER] [INFO] MT5 ID: 76543218 | Expiry: 2026-11-10 | Plan: EA gold (3 months)
2026-08-10 06:23:51,825 [WORKER] [INFO] Compilation started
2026-08-10 06:23:53,356 [WORKER] [INFO] Compilation successful
2026-08-10 06:23:53,356 [WORKER] [INFO] EX5 generated: C:\mt5-license-system\compiler\output\InfinityTrader_76543218_2026-11-10.ex5 (6938 bytes)
2026-08-10 06:23:53,356 [WORKER] [INFO] MT5 deployment started
2026-08-10 06:23:53,356 ============================================================
2026-08-10 06:23:53,356 Starting EX5 deployment
2026-08-10 06:23:53,356 ============================================================
2026-08-10 06:23:53,356 Source EX5       : C:\mt5-license-system\compiler\output\InfinityTrader_76543218_2026-11-10.ex5
2026-08-10 06:23:53,356 Source size      : 6938 bytes
2026-08-10 06:23:53,356 Discovering MT5 data folder...
2026-08-10 06:23:53,356 Discovering MT5 data folder under: C:\Users\infinityadmin\AppData\Roaming\MetaQuotes\Terminal
2026-08-10 06:23:53,360 Examined folders: ['Common', 'Community', 'D0E8209F77C8CF37AD8BF550E51FF075']
2026-08-10 06:23:53,360 Valid MT5 instances found: 1
2026-08-10 06:23:53,360 Selected MT5 instance: D0E8209F77C8CF37AD8BF550E51FF075  (score=55)
2026-08-10 06:23:53,361 MT5 data folder  : C:\Users\infinityadmin\AppData\Roaming\MetaQuotes\Terminal\D0E8209F77C8CF37AD8BF550E51FF075
2026-08-10 06:23:53,361 Experts folder   : C:\Users\infinityadmin\AppData\Roaming\MetaQuotes\Terminal\D0E8209F77C8CF37AD8BF550E51FF075\MQL5\Experts
2026-08-10 06:23:53,361 origin.txt points to MT5 install: C:\Program Files\MetaTrader 5
2026-08-10 06:23:53,362 Destination path : C:\Users\infinityadmin\AppData\Roaming\MetaQuotes\Terminal\D0E8209F77C8CF37AD8BF550E51FF075\MQL5\Experts\InfinityTrader_76543218_2026-11-10.ex5
2026-08-10 06:23:53,362 Calculating source SHA-256...
2026-08-10 06:23:53,364 Source SHA-256   : 829d10c658261cfa276791f1c898578c3f88164646e51dc5cd4d7700e7b809a4
2026-08-10 06:23:53,364 Copying EX5 with shutil.copy2()...
2026-08-10 06:23:53,367 Destination size : 6938 bytes
2026-08-10 06:23:53,367 File sizes match [OK]
2026-08-10 06:23:53,367 Calculating destination SHA-256...
2026-08-10 06:23:53,376 Destination SHA-256: 829d10c658261cfa276791f1c898578c3f88164646e51dc5cd4d7700e7b809a4
2026-08-10 06:23:53,376 SHA-256 hashes match [OK]
2026-08-10 06:23:53,376 EX5 deployment completed
2026-08-10 06:23:53,376 ============================================================
2026-08-10 06:23:53,376 [WORKER] [INFO] MT5 deployment successful
2026-08-10 06:23:53,376 [WORKER] [INFO] Deployed to: C:\Users\infinityadmin\AppData\Roaming\MetaQuotes\Terminal\D0E8209F77C8CF37AD8BF550E51FF075\MQL5\Experts\InfinityTrader_76543218_2026-11-10.ex5
2026-08-10 06:23:53,377 [WORKER] [INFO] Size: 6938 bytes | SHA-256 match: True
2026-08-10 06:23:53,377 [WORKER] [INFO] Upload started
2026-08-10 06:23:55,330 [WORKER] [INFO] Upload successful
2026-08-10 06:23:55,330 [WORKER] [SUCCESS] Job completed: 51
2026-08-10 11:30:14,671 [WORKER] [INFO] Job claimed: 52
2026-08-10 11:30:14,682 [WORKER] [INFO] MT5 ID: 78904321 | Expiry: 2026-11-10 | Plan: EA gold (3 months)
2026-08-10 11:30:14,683 [WORKER] [INFO] Compilation started
2026-08-10 11:30:16,153 [WORKER] [INFO] Compilation successful
2026-08-10 11:30:16,153 [WORKER] [INFO] EX5 generated: C:\mt5-license-system\compiler\output\InfinityTrader_78904321_2026-11-10.ex5 (7130 bytes)
2026-08-10 11:30:16,154 [WORKER] [INFO] MT5 deployment started
2026-08-10 11:30:16,154 ============================================================
2026-08-10 11:30:16,154 Starting EX5 deployment
2026-08-10 11:30:16,154 ============================================================
2026-08-10 11:30:16,154 Source EX5       : C:\mt5-license-system\compiler\output\InfinityTrader_78904321_2026-11-10.ex5
2026-08-10 11:30:16,154 Source size      : 7130 bytes
2026-08-10 11:30:16,154 Discovering MT5 data folder...
2026-08-10 11:30:16,154 Discovering MT5 data folder under: C:\Users\infinityadmin\AppData\Roaming\MetaQuotes\Terminal
2026-08-10 11:30:16,161 Examined folders: ['Common', 'Community', 'D0E8209F77C8CF37AD8BF550E51FF075']
2026-08-10 11:30:16,161 Valid MT5 instances found: 1
2026-08-10 11:30:16,162 Selected MT5 instance: D0E8209F77C8CF37AD8BF550E51FF075  (score=55)
2026-08-10 11:30:16,163 MT5 data folder  : C:\Users\infinityadmin\AppData\Roaming\MetaQuotes\Terminal\D0E8209F77C8CF37AD8BF550E51FF075
2026-08-10 11:30:16,163 Experts folder   : C:\Users\infinityadmin\AppData\Roaming\MetaQuotes\Terminal\D0E8209F77C8CF37AD8BF550E51FF075\MQL5\Experts
2026-08-10 11:30:16,163 origin.txt points to MT5 install: C:\Program Files\MetaTrader 5
2026-08-10 11:30:16,164 Destination path : C:\Users\infinityadmin\AppData\Roaming\MetaQuotes\Terminal\D0E8209F77C8CF37AD8BF550E51FF075\MQL5\Experts\InfinityTrader_78904321_2026-11-10.ex5
2026-08-10 11:30:16,164 Calculating source SHA-256...
2026-08-10 11:30:16,166 Source SHA-256   : 5f787b6868a95616eb3166bd7b4fa9696b88599341d9998347800f593505334b
2026-08-10 11:30:16,166 Copying EX5 with shutil.copy2()...
2026-08-10 11:30:16,170 Destination size : 7130 bytes
2026-08-10 11:30:16,170 File sizes match [OK]
2026-08-10 11:30:16,170 Calculating destination SHA-256...
2026-08-10 11:30:16,181 Destination SHA-256: 5f787b6868a95616eb3166bd7b4fa9696b88599341d9998347800f593505334b
2026-08-10 11:30:16,181 SHA-256 hashes match [OK]
2026-08-10 11:30:16,181 EX5 deployment completed
2026-08-10 11:30:16,181 ============================================================
2026-08-10 11:30:16,181 [WORKER] [INFO] MT5 deployment successful
2026-08-10 11:30:16,181 [WORKER] [INFO] Deployed to: C:\Users\infinityadmin\AppData\Roaming\MetaQuotes\Terminal\D0E8209F77C8CF37AD8BF550E51FF075\MQL5\Experts\InfinityTrader_78904321_2026-11-10.ex5
2026-08-10 11:30:16,181 [WORKER] [INFO] Size: 7130 bytes | SHA-256 match: True
2026-08-10 11:30:16,181 [WORKER] [INFO] Upload started
2026-08-10 11:30:18,655 [WORKER] [INFO] Upload successful
2026-08-10 11:30:18,655 [WORKER] [SUCCESS] Job completed: 52
2026-08-10 14:53:59,837 [WORKER] [INFO] Job claimed: 53
2026-08-10 14:53:59,848 [WORKER] [INFO] MT5 ID: 3571596240 | Expiry: 2026-11-10 | Plan: EA gold (3 months)
2026-08-10 14:53:59,849 [WORKER] [INFO] Compilation started
2026-08-10 14:54:01,434 [WORKER] [INFO] Compilation successful
2026-08-10 14:54:01,434 [WORKER] [INFO] EX5 generated: C:\mt5-license-system\compiler\output\InfinityTrader_3571596240_2026-11-10.ex5 (6792 bytes)
2026-08-10 14:54:01,434 [WORKER] [INFO] MT5 deployment started
2026-08-10 14:54:01,434 ============================================================
2026-08-10 14:54:01,434 Starting EX5 deployment
2026-08-10 14:54:01,434 ============================================================
2026-08-10 14:54:01,434 Source EX5       : C:\mt5-license-system\compiler\output\InfinityTrader_3571596240_2026-11-10.ex5
2026-08-10 14:54:01,434 Source size      : 6792 bytes
2026-08-10 14:54:01,434 Discovering MT5 data folder...
2026-08-10 14:54:01,435 Discovering MT5 data folder under: C:\Users\infinityadmin\AppData\Roaming\MetaQuotes\Terminal
2026-08-10 14:54:01,442 Examined folders: ['Common', 'Community', 'D0E8209F77C8CF37AD8BF550E51FF075']
2026-08-10 14:54:01,442 Valid MT5 instances found: 1
2026-08-10 14:54:01,442 Selected MT5 instance: D0E8209F77C8CF37AD8BF550E51FF075  (score=55)
2026-08-10 14:54:01,443 MT5 data folder  : C:\Users\infinityadmin\AppData\Roaming\MetaQuotes\Terminal\D0E8209F77C8CF37AD8BF550E51FF075
2026-08-10 14:54:01,443 Experts folder   : C:\Users\infinityadmin\AppData\Roaming\MetaQuotes\Terminal\D0E8209F77C8CF37AD8BF550E51FF075\MQL5\Experts
2026-08-10 14:54:01,443 origin.txt points to MT5 install: C:\Program Files\MetaTrader 5
2026-08-10 14:54:01,444 Destination path : C:\Users\infinityadmin\AppData\Roaming\MetaQuotes\Terminal\D0E8209F77C8CF37AD8BF550E51FF075\MQL5\Experts\InfinityTrader_3571596240_2026-11-10.ex5
2026-08-10 14:54:01,444 Calculating source SHA-256...
2026-08-10 14:54:01,446 Source SHA-256   : 80a75e07e1a05cbe4e500bd60b648837caff482240e350366ec0c59f7db13713
2026-08-10 14:54:01,446 Copying EX5 with shutil.copy2()...
2026-08-10 14:54:01,450 Destination size : 6792 bytes
2026-08-10 14:54:01,450 File sizes match [OK]
2026-08-10 14:54:01,450 Calculating destination SHA-256...
2026-08-10 14:54:01,461 Destination SHA-256: 80a75e07e1a05cbe4e500bd60b648837caff482240e350366ec0c59f7db13713
2026-08-10 14:54:01,461 SHA-256 hashes match [OK]
2026-08-10 14:54:01,461 EX5 deployment completed
2026-08-10 14:54:01,461 ============================================================
2026-08-10 14:54:01,461 [WORKER] [INFO] MT5 deployment successful
2026-08-10 14:54:01,461 [WORKER] [INFO] Deployed to: C:\Users\infinityadmin\AppData\Roaming\MetaQuotes\Terminal\D0E8209F77C8CF37AD8BF550E51FF075\MQL5\Experts\InfinityTrader_3571596240_2026-11-10.ex5
2026-08-10 14:54:01,461 [WORKER] [INFO] Size: 6792 bytes | SHA-256 match: True
2026-08-10 14:54:01,461 [WORKER] [INFO] Upload started
2026-08-10 14:54:03,543 [WORKER] [INFO] Upload successful
2026-08-10 14:54:03,544 [WORKER] [SUCCESS] Job completed: 53
2026-08-10 15:33:09,103 [WORKER] [INFO] Job claimed: 54
2026-08-10 15:33:09,114 [WORKER] [INFO] MT5 ID: 1123365 | Expiry: 2026-11-10 | Plan: EA gold (3 months)
2026-08-10 15:33:09,115 [WORKER] [INFO] Compilation started
2026-08-10 15:33:10,862 [WORKER] [INFO] Compilation successful
2026-08-10 15:33:10,862 [WORKER] [INFO] EX5 generated: C:\mt5-license-system\compiler\output\InfinityTrader_1123365_2026-11-10.ex5 (7880 bytes)
2026-08-10 15:33:10,863 [WORKER] [INFO] MT5 deployment started
2026-08-10 15:33:10,863 ============================================================
2026-08-10 15:33:10,863 Starting EX5 deployment
2026-08-10 15:33:10,863 ============================================================
2026-08-10 15:33:10,863 Source EX5       : C:\mt5-license-system\compiler\output\InfinityTrader_1123365_2026-11-10.ex5
2026-08-10 15:33:10,863 Source size      : 7880 bytes
2026-08-10 15:33:10,863 Discovering MT5 data folder...
2026-08-10 15:33:10,863 Discovering MT5 data folder under: C:\Users\infinityadmin\AppData\Roaming\MetaQuotes\Terminal
2026-08-10 15:33:10,883 Examined folders: ['Common', 'Community', 'D0E8209F77C8CF37AD8BF550E51FF075']
2026-08-10 15:33:10,883 Valid MT5 instances found: 1
2026-08-10 15:33:10,883 Selected MT5 instance: D0E8209F77C8CF37AD8BF550E51FF075  (score=55)
2026-08-10 15:33:10,883 MT5 data folder  : C:\Users\infinityadmin\AppData\Roaming\MetaQuotes\Terminal\D0E8209F77C8CF37AD8BF550E51FF075
2026-08-10 15:33:10,883 Experts folder   : C:\Users\infinityadmin\AppData\Roaming\MetaQuotes\Terminal\D0E8209F77C8CF37AD8BF550E51FF075\MQL5\Experts
2026-08-10 15:33:10,884 origin.txt points to MT5 install: C:\Program Files\MetaTrader 5
2026-08-10 15:33:10,885 Destination path : C:\Users\infinityadmin\AppData\Roaming\MetaQuotes\Terminal\D0E8209F77C8CF37AD8BF550E51FF075\MQL5\Experts\InfinityTrader_1123365_2026-11-10.ex5
2026-08-10 15:33:10,885 Calculating source SHA-256...
2026-08-10 15:33:10,887 Source SHA-256   : bdfefc7075ad301fc542e1e3a9792d3f0148fbb3ed74bf6829f4c3976947c23e
2026-08-10 15:33:10,887 Copying EX5 with shutil.copy2()...
2026-08-10 15:33:10,890 Destination size : 7880 bytes
2026-08-10 15:33:10,890 File sizes match [OK]
2026-08-10 15:33:10,890 Calculating destination SHA-256...
2026-08-10 15:33:10,898 Destination SHA-256: bdfefc7075ad301fc542e1e3a9792d3f0148fbb3ed74bf6829f4c3976947c23e
2026-08-10 15:33:10,898 SHA-256 hashes match [OK]
2026-08-10 15:33:10,898 EX5 deployment completed
2026-08-10 15:33:10,898 ============================================================
2026-08-10 15:33:10,899 [WORKER] [INFO] MT5 deployment successful
2026-08-10 15:33:10,899 [WORKER] [INFO] Deployed to: C:\Users\infinityadmin\AppData\Roaming\MetaQuotes\Terminal\D0E8209F77C8CF37AD8BF550E51FF075\MQL5\Experts\InfinityTrader_1123365_2026-11-10.ex5
2026-08-10 15:33:10,899 [WORKER] [INFO] Size: 7880 bytes | SHA-256 match: True
2026-08-10 15:33:10,899 [WORKER] [INFO] Upload started
2026-08-10 15:33:13,193 [WORKER] [INFO] Upload successful
2026-08-10 15:33:13,193 [WORKER] [SUCCESS] Job completed: 54
2026-08-11 04:10:59,234 [WORKER] [INFO] Job claimed: 55
2026-08-11 04:10:59,243 [WORKER] [INFO] MT5 ID: 32165487 | Expiry: 2026-08-13 | Plan: standard
2026-08-11 04:10:59,245 [WORKER] [INFO] Compilation started
2026-08-11 04:11:00,877 [WORKER] [INFO] Compilation successful
2026-08-11 04:11:00,878 [WORKER] [INFO] EX5 generated: C:\mt5-license-system\compiler\output\InfinityTrader_32165487_2026-08-13.ex5 (6788 bytes)
2026-08-11 04:11:00,878 [WORKER] [INFO] MT5 deployment started
2026-08-11 04:11:00,878 ============================================================
2026-08-11 04:11:00,878 Starting EX5 deployment
2026-08-11 04:11:00,878 ============================================================
2026-08-11 04:11:00,878 Source EX5       : C:\mt5-license-system\compiler\output\InfinityTrader_32165487_2026-08-13.ex5
2026-08-11 04:11:00,878 Source size      : 6788 bytes
2026-08-11 04:11:00,878 Discovering MT5 data folder...
2026-08-11 04:11:00,878 Discovering MT5 data folder under: C:\Users\infinityadmin\AppData\Roaming\MetaQuotes\Terminal
2026-08-11 04:11:00,903 Examined folders: ['Common', 'Community', 'D0E8209F77C8CF37AD8BF550E51FF075']
2026-08-11 04:11:00,903 Valid MT5 instances found: 1
2026-08-11 04:11:00,903 Selected MT5 instance: D0E8209F77C8CF37AD8BF550E51FF075  (score=55)
2026-08-11 04:11:00,903 MT5 data folder  : C:\Users\infinityadmin\AppData\Roaming\MetaQuotes\Terminal\D0E8209F77C8CF37AD8BF550E51FF075
2026-08-11 04:11:00,903 Experts folder   : C:\Users\infinityadmin\AppData\Roaming\MetaQuotes\Terminal\D0E8209F77C8CF37AD8BF550E51FF075\MQL5\Experts
2026-08-11 04:11:00,903 origin.txt points to MT5 install: C:\Program Files\MetaTrader 5
2026-08-11 04:11:00,904 Destination path : C:\Users\infinityadmin\AppData\Roaming\MetaQuotes\Terminal\D0E8209F77C8CF37AD8BF550E51FF075\MQL5\Experts\InfinityTrader_32165487_2026-08-13.ex5
2026-08-11 04:11:00,904 Calculating source SHA-256...
2026-08-11 04:11:00,906 Source SHA-256   : 08f5628f5770a2c1ea3202961b3f47fefe225882e6c8b7f52a1b3446f4aa5f40
2026-08-11 04:11:00,906 Copying EX5 with shutil.copy2()...
2026-08-11 04:11:00,910 Destination size : 6788 bytes
2026-08-11 04:11:00,910 File sizes match [OK]
2026-08-11 04:11:00,910 Calculating destination SHA-256...
2026-08-11 04:11:00,917 Destination SHA-256: 08f5628f5770a2c1ea3202961b3f47fefe225882e6c8b7f52a1b3446f4aa5f40
2026-08-11 04:11:00,917 SHA-256 hashes match [OK]
2026-08-11 04:11:00,917 EX5 deployment completed
2026-08-11 04:11:00,918 ============================================================
2026-08-11 04:11:00,918 [WORKER] [INFO] MT5 deployment successful
2026-08-11 04:11:00,918 [WORKER] [INFO] Deployed to: C:\Users\infinityadmin\AppData\Roaming\MetaQuotes\Terminal\D0E8209F77C8CF37AD8BF550E51FF075\MQL5\Experts\InfinityTrader_32165487_2026-08-13.ex5
2026-08-11 04:11:00,918 [WORKER] [INFO] Size: 6788 bytes | SHA-256 match: True
2026-08-11 04:11:00,918 [WORKER] [INFO] Upload started
2026-08-11 04:11:03,629 [WORKER] [INFO] Upload successful
2026-08-11 04:11:03,629 [WORKER] [SUCCESS] Job completed: 55
2026-08-11 04:16:18,716 [WORKER] [INFO] Job claimed: 56
2026-08-11 04:16:18,723 [WORKER] [INFO] MT5 ID: 6799766 | Expiry: 2026-08-13 | Plan: standard
2026-08-11 04:16:18,724 [WORKER] [INFO] Compilation started
2026-08-11 04:16:20,119 [WORKER] [INFO] Compilation successful
2026-08-11 04:16:20,119 [WORKER] [INFO] EX5 generated: C:\mt5-license-system\compiler\output\InfinityTrader_6799766_2026-08-13.ex5 (6610 bytes)
2026-08-11 04:16:20,119 [WORKER] [INFO] MT5 deployment started
2026-08-11 04:16:20,119 ============================================================
2026-08-11 04:16:20,119 Starting EX5 deployment
2026-08-11 04:16:20,119 ============================================================
2026-08-11 04:16:20,119 Source EX5       : C:\mt5-license-system\compiler\output\InfinityTrader_6799766_2026-08-13.ex5
2026-08-11 04:16:20,119 Source size      : 6610 bytes
2026-08-11 04:16:20,119 Discovering MT5 data folder...
2026-08-11 04:16:20,120 Discovering MT5 data folder under: C:\Users\infinityadmin\AppData\Roaming\MetaQuotes\Terminal
2026-08-11 04:16:20,122 Examined folders: ['Common', 'Community', 'D0E8209F77C8CF37AD8BF550E51FF075']
2026-08-11 04:16:20,123 Valid MT5 instances found: 1
2026-08-11 04:16:20,123 Selected MT5 instance: D0E8209F77C8CF37AD8BF550E51FF075  (score=55)
2026-08-11 04:16:20,123 MT5 data folder  : C:\Users\infinityadmin\AppData\Roaming\MetaQuotes\Terminal\D0E8209F77C8CF37AD8BF550E51FF075
2026-08-11 04:16:20,124 Experts folder   : C:\Users\infinityadmin\AppData\Roaming\MetaQuotes\Terminal\D0E8209F77C8CF37AD8BF550E51FF075\MQL5\Experts
2026-08-11 04:16:20,124 origin.txt points to MT5 install: C:\Program Files\MetaTrader 5
2026-08-11 04:16:20,125 Destination path : C:\Users\infinityadmin\AppData\Roaming\MetaQuotes\Terminal\D0E8209F77C8CF37AD8BF550E51FF075\MQL5\Experts\InfinityTrader_6799766_2026-08-13.ex5
2026-08-11 04:16:20,125 Calculating source SHA-256...
2026-08-11 04:16:20,127 Source SHA-256   : 4b755816788a4f0ced258311eae1cb7cd69b3e090a59981ac9124bd29d8e81bb
2026-08-11 04:16:20,127 Copying EX5 with shutil.copy2()...
2026-08-11 04:16:20,130 Destination size : 6610 bytes
2026-08-11 04:16:20,130 File sizes match [OK]
2026-08-11 04:16:20,130 Calculating destination SHA-256...
2026-08-11 04:16:20,139 Destination SHA-256: 4b755816788a4f0ced258311eae1cb7cd69b3e090a59981ac9124bd29d8e81bb
2026-08-11 04:16:20,139 SHA-256 hashes match [OK]
2026-08-11 04:16:20,139 EX5 deployment completed
2026-08-11 04:16:20,139 ============================================================
2026-08-11 04:16:20,139 [WORKER] [INFO] MT5 deployment successful
2026-08-11 04:16:20,140 [WORKER] [INFO] Deployed to: C:\Users\infinityadmin\AppData\Roaming\MetaQuotes\Terminal\D0E8209F77C8CF37AD8BF550E51FF075\MQL5\Experts\InfinityTrader_6799766_2026-08-13.ex5
2026-08-11 04:16:20,140 [WORKER] [INFO] Size: 6610 bytes | SHA-256 match: True
2026-08-11 04:16:20,140 [WORKER] [INFO] Upload started
2026-08-11 04:16:22,293 [WORKER] [INFO] Upload successful
2026-08-11 04:16:22,294 [WORKER] [SUCCESS] Job completed: 56
2026-08-11 05:58:42,255 [WORKER] [WARNING] Request timed out while polling. Sleeping 5s.
2026-08-11 05:59:09,074 [WORKER] [WARNING] Request timed out while polling. Sleeping 5s.
2026-08-11 05:59:41,923 [WORKER] [WARNING] Request timed out while polling. Sleeping 5s.
2026-08-11 14:42:33,673 [WORKER] [INFO] Job claimed: 57
2026-08-11 14:42:33,696 [WORKER] [INFO] MT5 ID: 88888888 | Expiry: 2026-08-13 | Plan: standard
2026-08-11 14:42:33,697 [WORKER] [INFO] Compilation started
2026-08-11 14:42:35,262 [WORKER] [INFO] Compilation successful
2026-08-11 14:42:35,263 [WORKER] [INFO] EX5 generated: C:\mt5-license-system\compiler\output\InfinityTrader_88888888_2026-08-13.ex5 (6904 bytes)
2026-08-11 14:42:35,263 [WORKER] [INFO] MT5 deployment started
2026-08-11 14:42:35,263 ============================================================
2026-08-11 14:42:35,263 Starting EX5 deployment
2026-08-11 14:42:35,263 ============================================================
2026-08-11 14:42:35,263 Source EX5       : C:\mt5-license-system\compiler\output\InfinityTrader_88888888_2026-08-13.ex5
2026-08-11 14:42:35,263 Source size      : 6904 bytes
2026-08-11 14:42:35,263 Discovering MT5 data folder...
2026-08-11 14:42:35,264 Discovering MT5 data folder under: C:\Users\infinityadmin\AppData\Roaming\MetaQuotes\Terminal
2026-08-11 14:42:35,269 Examined folders: ['Common', 'Community', 'D0E8209F77C8CF37AD8BF550E51FF075']
2026-08-11 14:42:35,269 Valid MT5 instances found: 1
2026-08-11 14:42:35,270 Selected MT5 instance: D0E8209F77C8CF37AD8BF550E51FF075  (score=55)
2026-08-11 14:42:35,270 MT5 data folder  : C:\Users\infinityadmin\AppData\Roaming\MetaQuotes\Terminal\D0E8209F77C8CF37AD8BF550E51FF075
2026-08-11 14:42:35,270 Experts folder   : C:\Users\infinityadmin\AppData\Roaming\MetaQuotes\Terminal\D0E8209F77C8CF37AD8BF550E51FF075\MQL5\Experts
2026-08-11 14:42:35,270 origin.txt points to MT5 install: C:\Program Files\MetaTrader 5
2026-08-11 14:42:35,271 Destination path : C:\Users\infinityadmin\AppData\Roaming\MetaQuotes\Terminal\D0E8209F77C8CF37AD8BF550E51FF075\MQL5\Experts\InfinityTrader_88888888_2026-08-13.ex5
2026-08-11 14:42:35,271 Calculating source SHA-256...
2026-08-11 14:42:35,273 Source SHA-256   : be97b8227ecbc34124cc48726f9ee5fac63925c021da191090501183b52b4c97
2026-08-11 14:42:35,273 Copying EX5 with shutil.copy2()...
2026-08-11 14:42:35,277 Destination size : 6904 bytes
2026-08-11 14:42:35,277 File sizes match [OK]
2026-08-11 14:42:35,277 Calculating destination SHA-256...
2026-08-11 14:42:35,291 Destination SHA-256: be97b8227ecbc34124cc48726f9ee5fac63925c021da191090501183b52b4c97
2026-08-11 14:42:35,291 SHA-256 hashes match [OK]
2026-08-11 14:42:35,291 EX5 deployment completed
2026-08-11 14:42:35,291 ============================================================
2026-08-11 14:42:35,291 [WORKER] [INFO] MT5 deployment successful
2026-08-11 14:42:35,291 [WORKER] [INFO] Deployed to: C:\Users\infinityadmin\AppData\Roaming\MetaQuotes\Terminal\D0E8209F77C8CF37AD8BF550E51FF075\MQL5\Experts\InfinityTrader_88888888_2026-08-13.ex5
2026-08-11 14:42:35,291 [WORKER] [INFO] Size: 6904 bytes | SHA-256 match: True
2026-08-11 14:42:35,291 [WORKER] [INFO] Upload started
2026-08-11 14:42:39,578 [WORKER] [INFO] Upload successful
2026-08-11 14:42:39,579 [WORKER] [SUCCESS] Job completed: 57
2026-08-12 03:45:08,636 [WORKER] [WARNING] Connection error while polling (network/Render cold start): HTTPSConnectionPool(host='infinity-trader-api.onrender.com', port=443): Max retries exceeded with url: /api/v1/jobs/claim (Caused by SSLError(SSLEOFError(8, '[SSL: UNEXPECTED_EOF_WHILE_READING] EOF occurred in violation of protocol (_ssl.c:1032)'))). Sleeping 5s.
2026-08-12 03:45:31,105 [WORKER] [WARNING] Connection error while polling (network/Render cold start): HTTPSConnectionPool(host='infinity-trader-api.onrender.com', port=443): Max retries exceeded with url: /api/v1/jobs/claim (Caused by SSLError(SSLEOFError(8, '[SSL: UNEXPECTED_EOF_WHILE_READING] EOF occurred in violation of protocol (_ssl.c:1032)'))). Sleeping 5s.
2026-08-12 04:28:26,475 [WORKER] [WARNING] Connection error while polling (network/Render cold start): HTTPSConnectionPool(host='infinity-trader-api.onrender.com', port=443): Max retries exceeded with url: /api/v1/jobs/claim (Caused by SSLError(SSLEOFError(8, '[SSL: UNEXPECTED_EOF_WHILE_READING] EOF occurred in violation of protocol (_ssl.c:1032)'))). Sleeping 5s.
2026-08-12 04:43:02,445 [WORKER] [WARNING] Connection error while polling (network/Render cold start): HTTPSConnectionPool(host='infinity-trader-api.onrender.com', port=443): Max retries exceeded with url: /api/v1/jobs/claim (Caused by SSLError(SSLEOFError(8, '[SSL: UNEXPECTED_EOF_WHILE_READING] EOF occurred in violation of protocol (_ssl.c:1032)'))). Sleeping 5s.
2026-08-12 05:07:59,311 [WORKER] [INFO] Job claimed: 58
2026-08-12 05:07:59,322 [WORKER] [INFO] MT5 ID: 1234568 | Expiry: 2026-09-12 | Plan: EA Basic Plan (1month)
2026-08-12 05:07:59,323 [WORKER] [INFO] Compilation started
2026-08-12 05:08:01,216 [WORKER] [INFO] Compilation successful
2026-08-12 05:08:01,216 [WORKER] [INFO] EX5 generated: C:\mt5-license-system\compiler\output\InfinityTrader_1234568_2026-09-12.ex5 (7936 bytes)
2026-08-12 05:08:01,216 [WORKER] [INFO] MT5 deployment started
2026-08-12 05:08:01,216 ============================================================
2026-08-12 05:08:01,216 Starting EX5 deployment
2026-08-12 05:08:01,216 ============================================================
2026-08-12 05:08:01,216 Source EX5       : C:\mt5-license-system\compiler\output\InfinityTrader_1234568_2026-09-12.ex5
2026-08-12 05:08:01,217 Source size      : 7936 bytes
2026-08-12 05:08:01,217 Discovering MT5 data folder...
2026-08-12 05:08:01,217 Discovering MT5 data folder under: C:\Users\infinityadmin\AppData\Roaming\MetaQuotes\Terminal
2026-08-12 05:08:01,237 Examined folders: ['Common', 'Community', 'D0E8209F77C8CF37AD8BF550E51FF075']
2026-08-12 05:08:01,237 Valid MT5 instances found: 1
2026-08-12 05:08:01,237 Selected MT5 instance: D0E8209F77C8CF37AD8BF550E51FF075  (score=55)
2026-08-12 05:08:01,238 MT5 data folder  : C:\Users\infinityadmin\AppData\Roaming\MetaQuotes\Terminal\D0E8209F77C8CF37AD8BF550E51FF075
2026-08-12 05:08:01,238 Experts folder   : C:\Users\infinityadmin\AppData\Roaming\MetaQuotes\Terminal\D0E8209F77C8CF37AD8BF550E51FF075\MQL5\Experts
2026-08-12 05:08:01,238 origin.txt points to MT5 install: C:\Program Files\MetaTrader 5
2026-08-12 05:08:01,238 Destination path : C:\Users\infinityadmin\AppData\Roaming\MetaQuotes\Terminal\D0E8209F77C8CF37AD8BF550E51FF075\MQL5\Experts\InfinityTrader_1234568_2026-09-12.ex5
2026-08-12 05:08:01,239 Calculating source SHA-256...
2026-08-12 05:08:01,243 Source SHA-256   : 774d9513196f801b6fd366b9e550a44b0475a51234dc8b20c9a0c04c7c17618a
2026-08-12 05:08:01,243 Copying EX5 with shutil.copy2()...
2026-08-12 05:08:01,247 Destination size : 7936 bytes
2026-08-12 05:08:01,247 File sizes match [OK]
2026-08-12 05:08:01,247 Calculating destination SHA-256...
2026-08-12 05:08:01,257 Destination SHA-256: 774d9513196f801b6fd366b9e550a44b0475a51234dc8b20c9a0c04c7c17618a
2026-08-12 05:08:01,258 SHA-256 hashes match [OK]
2026-08-12 05:08:01,258 EX5 deployment completed
2026-08-12 05:08:01,258 ============================================================
2026-08-12 05:08:01,258 [WORKER] [INFO] MT5 deployment successful
2026-08-12 05:08:01,258 [WORKER] [INFO] Deployed to: C:\Users\infinityadmin\AppData\Roaming\MetaQuotes\Terminal\D0E8209F77C8CF37AD8BF550E51FF075\MQL5\Experts\InfinityTrader_1234568_2026-09-12.ex5
2026-08-12 05:08:01,258 [WORKER] [INFO] Size: 7936 bytes | SHA-256 match: True
2026-08-12 05:08:01,258 [WORKER] [INFO] Upload started
2026-08-12 05:08:05,916 [WORKER] [INFO] Upload successful
2026-08-12 05:08:05,916 [WORKER] [SUCCESS] Job completed: 58
2026-08-12 05:11:28,060 [WORKER] [INFO] Job claimed: 59
2026-08-12 05:11:28,060 [WORKER] [INFO] MT5 ID: 12345685 | Expiry: 2026-09-12 | Plan: EA Basic Plan (1month)
2026-08-12 05:11:28,060 [WORKER] [INFO] Compilation started
2026-08-12 05:11:29,408 [WORKER] [INFO] Compilation successful
2026-08-12 05:11:29,408 [WORKER] [INFO] EX5 generated: C:\mt5-license-system\compiler\output\InfinityTrader_12345685_2026-09-12.ex5 (6826 bytes)
2026-08-12 05:11:29,408 [WORKER] [INFO] MT5 deployment started
2026-08-12 05:11:29,408 ============================================================
2026-08-12 05:11:29,408 Starting EX5 deployment
2026-08-12 05:11:29,409 ============================================================
2026-08-12 05:11:29,410 Source EX5       : C:\mt5-license-system\compiler\output\InfinityTrader_12345685_2026-09-12.ex5
2026-08-12 05:11:29,410 Source size      : 6826 bytes
2026-08-12 05:11:29,410 Discovering MT5 data folder...
2026-08-12 05:11:29,410 Discovering MT5 data folder under: C:\Users\infinityadmin\AppData\Roaming\MetaQuotes\Terminal
2026-08-12 05:11:29,414 Examined folders: ['Common', 'Community', 'D0E8209F77C8CF37AD8BF550E51FF075']
2026-08-12 05:11:29,414 Valid MT5 instances found: 1
2026-08-12 05:11:29,414 Selected MT5 instance: D0E8209F77C8CF37AD8BF550E51FF075  (score=55)
2026-08-12 05:11:29,415 MT5 data folder  : C:\Users\infinityadmin\AppData\Roaming\MetaQuotes\Terminal\D0E8209F77C8CF37AD8BF550E51FF075
2026-08-12 05:11:29,415 Experts folder   : C:\Users\infinityadmin\AppData\Roaming\MetaQuotes\Terminal\D0E8209F77C8CF37AD8BF550E51FF075\MQL5\Experts
2026-08-12 05:11:29,415 origin.txt points to MT5 install: C:\Program Files\MetaTrader 5
2026-08-12 05:11:29,416 Destination path : C:\Users\infinityadmin\AppData\Roaming\MetaQuotes\Terminal\D0E8209F77C8CF37AD8BF550E51FF075\MQL5\Experts\InfinityTrader_12345685_2026-09-12.ex5
2026-08-12 05:11:29,416 Calculating source SHA-256...
2026-08-12 05:11:29,418 Source SHA-256   : 375018775a6408914a5505c3d5cd09299da6df7af4937a45ac5ba0d5d772fe19
2026-08-12 05:11:29,418 Copying EX5 with shutil.copy2()...
2026-08-12 05:11:29,421 Destination size : 6826 bytes
2026-08-12 05:11:29,421 File sizes match [OK]
2026-08-12 05:11:29,422 Calculating destination SHA-256...
2026-08-12 05:11:29,431 Destination SHA-256: 375018775a6408914a5505c3d5cd09299da6df7af4937a45ac5ba0d5d772fe19
2026-08-12 05:11:29,431 SHA-256 hashes match [OK]
2026-08-12 05:11:29,431 EX5 deployment completed
2026-08-12 05:11:29,431 ============================================================
2026-08-12 05:11:29,431 [WORKER] [INFO] MT5 deployment successful
2026-08-12 05:11:29,431 [WORKER] [INFO] Deployed to: C:\Users\infinityadmin\AppData\Roaming\MetaQuotes\Terminal\D0E8209F77C8CF37AD8BF550E51FF075\MQL5\Experts\InfinityTrader_12345685_2026-09-12.ex5
2026-08-12 05:11:29,431 [WORKER] [INFO] Size: 6826 bytes | SHA-256 match: True
2026-08-12 05:11:29,431 [WORKER] [INFO] Upload started
2026-08-12 05:11:31,871 [WORKER] [INFO] Upload successful
2026-08-12 05:11:31,871 [WORKER] [SUCCESS] Job completed: 59
2026-08-12 05:16:41,950 [WORKER] [INFO] Job claimed: 60
2026-08-12 05:16:41,955 [WORKER] [INFO] MT5 ID: 12345668 | Expiry: 2026-09-12 | Plan: EA Basic Plan (1month)
2026-08-12 05:16:41,957 [WORKER] [INFO] Compilation started
2026-08-12 05:16:43,446 [WORKER] [INFO] Compilation successful
2026-08-12 05:16:43,446 [WORKER] [INFO] EX5 generated: C:\mt5-license-system\compiler\output\InfinityTrader_12345668_2026-09-12.ex5 (6468 bytes)
2026-08-12 05:16:43,446 [WORKER] [INFO] MT5 deployment started
2026-08-12 05:16:43,446 ============================================================
2026-08-12 05:16:43,447 Starting EX5 deployment
2026-08-12 05:16:43,447 ============================================================
2026-08-12 05:16:43,447 Source EX5       : C:\mt5-license-system\compiler\output\InfinityTrader_12345668_2026-09-12.ex5
2026-08-12 05:16:43,448 Source size      : 6468 bytes
2026-08-12 05:16:43,448 Discovering MT5 data folder...
2026-08-12 05:16:43,448 Discovering MT5 data folder under: C:\Users\infinityadmin\AppData\Roaming\MetaQuotes\Terminal
2026-08-12 05:16:43,452 Examined folders: ['Common', 'Community', 'D0E8209F77C8CF37AD8BF550E51FF075']
2026-08-12 05:16:43,452 Valid MT5 instances found: 1
2026-08-12 05:16:43,453 Selected MT5 instance: D0E8209F77C8CF37AD8BF550E51FF075  (score=55)
2026-08-12 05:16:43,453 MT5 data folder  : C:\Users\infinityadmin\AppData\Roaming\MetaQuotes\Terminal\D0E8209F77C8CF37AD8BF550E51FF075
2026-08-12 05:16:43,453 Experts folder   : C:\Users\infinityadmin\AppData\Roaming\MetaQuotes\Terminal\D0E8209F77C8CF37AD8BF550E51FF075\MQL5\Experts
2026-08-12 05:16:43,453 origin.txt points to MT5 install: C:\Program Files\MetaTrader 5
2026-08-12 05:16:43,455 Destination path : C:\Users\infinityadmin\AppData\Roaming\MetaQuotes\Terminal\D0E8209F77C8CF37AD8BF550E51FF075\MQL5\Experts\InfinityTrader_12345668_2026-09-12.ex5
2026-08-12 05:16:43,455 Calculating source SHA-256...
2026-08-12 05:16:43,458 Source SHA-256   : 87defefed11cdabe0a4de887b643c8270f0b893523f7025ccc06f00d294a6060
2026-08-12 05:16:43,459 Copying EX5 with shutil.copy2()...
2026-08-12 05:16:43,469 Destination size : 6468 bytes
2026-08-12 05:16:43,469 File sizes match [OK]
2026-08-12 05:16:43,470 Calculating destination SHA-256...
2026-08-12 05:16:43,486 Destination SHA-256: 87defefed11cdabe0a4de887b643c8270f0b893523f7025ccc06f00d294a6060
2026-08-12 05:16:43,486 SHA-256 hashes match [OK]
2026-08-12 05:16:43,486 EX5 deployment completed
2026-08-12 05:16:43,486 ============================================================
2026-08-12 05:16:43,486 [WORKER] [INFO] MT5 deployment successful
2026-08-12 05:16:43,486 [WORKER] [INFO] Deployed to: C:\Users\infinityadmin\AppData\Roaming\MetaQuotes\Terminal\D0E8209F77C8CF37AD8BF550E51FF075\MQL5\Experts\InfinityTrader_12345668_2026-09-12.ex5
2026-08-12 05:16:43,487 [WORKER] [INFO] Size: 6468 bytes | SHA-256 match: True
2026-08-12 05:16:43,487 [WORKER] [INFO] Upload started
2026-08-12 05:16:47,698 [WORKER] [INFO] Upload successful
2026-08-12 05:16:47,698 [WORKER] [SUCCESS] Job completed: 60
2026-08-12 05:36:40,215 [WORKER] [WARNING] Connection error while polling (network/Render cold start): HTTPSConnectionPool(host='infinity-trader-api.onrender.com', port=443): Max retries exceeded with url: /api/v1/jobs/claim (Caused by SSLError(SSLEOFError(8, '[SSL: UNEXPECTED_EOF_WHILE_READING] EOF occurred in violation of protocol (_ssl.c:1032)'))). Sleeping 5s.
2026-08-12 05:58:59,500 [WORKER] [INFO] Job claimed: 61
2026-08-12 05:58:59,513 [WORKER] [INFO] MT5 ID: 87543677 | Expiry: 2026-09-06 | Plan: EA Basic Plan (1month)
2026-08-12 05:58:59,514 [WORKER] [INFO] Compilation started
2026-08-12 05:59:01,212 [WORKER] [INFO] Compilation successful
2026-08-12 05:59:01,212 [WORKER] [INFO] EX5 generated: C:\mt5-license-system\compiler\output\InfinityTrader_87543677_2026-09-06.ex5 (8122 bytes)
2026-08-12 05:59:01,212 [WORKER] [INFO] MT5 deployment started
2026-08-12 05:59:01,212 ============================================================
2026-08-12 05:59:01,212 Starting EX5 deployment
2026-08-12 05:59:01,212 ============================================================
2026-08-12 05:59:01,212 Source EX5       : C:\mt5-license-system\compiler\output\InfinityTrader_87543677_2026-09-06.ex5
2026-08-12 05:59:01,212 Source size      : 8122 bytes
2026-08-12 05:59:01,213 Discovering MT5 data folder...
2026-08-12 05:59:01,213 Discovering MT5 data folder under: C:\Users\infinityadmin\AppData\Roaming\MetaQuotes\Terminal
2026-08-12 05:59:01,217 Examined folders: ['Common', 'Community', 'D0E8209F77C8CF37AD8BF550E51FF075']
2026-08-12 05:59:01,218 Valid MT5 instances found: 1
2026-08-12 05:59:01,218 Selected MT5 instance: D0E8209F77C8CF37AD8BF550E51FF075  (score=55)
2026-08-12 05:59:01,218 MT5 data folder  : C:\Users\infinityadmin\AppData\Roaming\MetaQuotes\Terminal\D0E8209F77C8CF37AD8BF550E51FF075
2026-08-12 05:59:01,218 Experts folder   : C:\Users\infinityadmin\AppData\Roaming\MetaQuotes\Terminal\D0E8209F77C8CF37AD8BF550E51FF075\MQL5\Experts
2026-08-12 05:59:01,218 origin.txt points to MT5 install: C:\Program Files\MetaTrader 5
2026-08-12 05:59:01,220 Destination path : C:\Users\infinityadmin\AppData\Roaming\MetaQuotes\Terminal\D0E8209F77C8CF37AD8BF550E51FF075\MQL5\Experts\InfinityTrader_87543677_2026-09-06.ex5
2026-08-12 05:59:01,220 Calculating source SHA-256...
2026-08-12 05:59:01,222 Source SHA-256   : 2b7b95310e2cfcde6f6652632650b227caa2f09f5052b3120281ac6c4e0d4127
2026-08-12 05:59:01,222 Copying EX5 with shutil.copy2()...
2026-08-12 05:59:01,227 Destination size : 8122 bytes
2026-08-12 05:59:01,227 File sizes match [OK]
2026-08-12 05:59:01,227 Calculating destination SHA-256...
2026-08-12 05:59:01,240 Destination SHA-256: 2b7b95310e2cfcde6f6652632650b227caa2f09f5052b3120281ac6c4e0d4127
2026-08-12 05:59:01,240 SHA-256 hashes match [OK]
2026-08-12 05:59:01,240 EX5 deployment completed
2026-08-12 05:59:01,240 ============================================================
2026-08-12 05:59:01,240 [WORKER] [INFO] MT5 deployment successful
2026-08-12 05:59:01,240 [WORKER] [INFO] Deployed to: C:\Users\infinityadmin\AppData\Roaming\MetaQuotes\Terminal\D0E8209F77C8CF37AD8BF550E51FF075\MQL5\Experts\InfinityTrader_87543677_2026-09-06.ex5
2026-08-12 05:59:01,240 [WORKER] [INFO] Size: 8122 bytes | SHA-256 match: True
2026-08-12 05:59:01,240 [WORKER] [INFO] Upload started
2026-08-12 05:59:05,067 [WORKER] [INFO] Upload successful
2026-08-12 05:59:05,067 [WORKER] [SUCCESS] Job completed: 61
2026-08-12 06:56:52,258 [WORKER] [WARNING] API server error 500 (Render may be cold-starting). Sleeping 30s.
2026-08-12 06:57:23,252 [WORKER] [WARNING] API server error 500 (Render may be cold-starting). Sleeping 30s.
2026-08-12 06:57:54,404 [WORKER] [WARNING] API server error 500 (Render may be cold-starting). Sleeping 30s.
2026-08-12 06:58:25,699 [WORKER] [WARNING] API server error 500 (Render may be cold-starting). Sleeping 30s.
2026-08-12 06:58:56,706 [WORKER] [WARNING] API server error 500 (Render may be cold-starting). Sleeping 30s.
2026-08-12 06:59:27,738 [WORKER] [WARNING] API server error 500 (Render may be cold-starting). Sleeping 30s.
2026-08-12 06:59:59,067 [WORKER] [WARNING] API server error 500 (Render may be cold-starting). Sleeping 30s.
2026-08-12 07:00:29,980 [WORKER] [WARNING] API server error 500 (Render may be cold-starting). Sleeping 30s.
2026-08-12 07:01:01,742 [WORKER] [WARNING] API server error 500 (Render may be cold-starting). Sleeping 30s.
2026-08-12 07:01:33,932 [WORKER] [WARNING] API server error 500 (Render may be cold-starting). Sleeping 30s.
2026-08-12 07:02:05,165 [WORKER] [WARNING] API server error 500 (Render may be cold-starting). Sleeping 30s.
2026-08-12 07:02:36,145 [WORKER] [WARNING] API server error 500 (Render may be cold-starting). Sleeping 30s.
2026-08-12 07:03:07,061 [WORKER] [WARNING] API server error 500 (Render may be cold-starting). Sleeping 30s.
2026-08-12 07:03:39,741 [WORKER] [WARNING] API server error 500 (Render may be cold-starting). Sleeping 30s.
2026-08-12 07:04:10,806 [WORKER] [WARNING] API server error 500 (Render may be cold-starting). Sleeping 30s.
2026-08-12 07:04:41,812 [WORKER] [WARNING] API server error 500 (Render may be cold-starting). Sleeping 30s.
2026-08-12 07:05:13,352 [WORKER] [WARNING] API server error 500 (Render may be cold-starting). Sleeping 30s.
2026-08-12 07:05:44,604 [WORKER] [WARNING] API server error 500 (Render may be cold-starting). Sleeping 30s.
2026-08-12 07:06:16,066 [WORKER] [WARNING] API server error 500 (Render may be cold-starting). Sleeping 30s.
2026-08-12 07:06:47,615 [WORKER] [WARNING] API server error 500 (Render may be cold-starting). Sleeping 30s.
2026-08-12 07:07:18,801 [WORKER] [WARNING] API server error 500 (Render may be cold-starting). Sleeping 30s.
2026-08-12 07:07:49,992 [WORKER] [WARNING] API server error 500 (Render may be cold-starting). Sleeping 30s.
2026-08-12 07:08:21,812 [WORKER] [WARNING] API server error 500 (Render may be cold-starting). Sleeping 30s.
2026-08-12 07:08:52,954 [WORKER] [WARNING] API server error 500 (Render may be cold-starting). Sleeping 30s.
2026-08-12 07:09:23,988 [WORKER] [WARNING] API server error 500 (Render may be cold-starting). Sleeping 30s.
2026-08-12 07:09:55,435 [WORKER] [WARNING] API server error 500 (Render may be cold-starting). Sleeping 30s.
2026-08-12 07:10:26,446 [WORKER] [WARNING] API server error 500 (Render may be cold-starting). Sleeping 30s.
2026-08-12 07:10:57,396 [WORKER] [WARNING] API server error 500 (Render may be cold-starting). Sleeping 30s.
2026-08-12 07:11:28,370 [WORKER] [WARNING] API server error 500 (Render may be cold-starting). Sleeping 30s.
2026-08-12 07:12:01,712 [WORKER] [WARNING] API server error 500 (Render may be cold-starting). Sleeping 30s.
2026-08-12 07:12:33,306 [WORKER] [WARNING] API server error 500 (Render may be cold-starting). Sleeping 30s.
2026-08-12 07:13:04,359 [WORKER] [WARNING] API server error 500 (Render may be cold-starting). Sleeping 30s.
2026-08-12 07:13:36,575 [WORKER] [WARNING] API server error 500 (Render may be cold-starting). Sleeping 30s.
2026-08-12 07:14:07,977 [WORKER] [WARNING] API server error 500 (Render may be cold-starting). Sleeping 30s.
2026-08-12 07:14:38,949 [WORKER] [WARNING] API server error 500 (Render may be cold-starting). Sleeping 30s.
2026-08-12 07:15:10,055 [WORKER] [WARNING] API server error 500 (Render may be cold-starting). Sleeping 30s.
2026-08-12 07:15:41,173 [WORKER] [WARNING] API server error 500 (Render may be cold-starting). Sleeping 30s.
2026-08-12 07:16:12,214 [WORKER] [INFO] Job claimed: 62
2026-08-12 07:16:12,214 [WORKER] [INFO] MT5 ID: 123546987 | Expiry: 2026-09-12 | Plan: EA Basic Plan (1month)
2026-08-12 07:16:12,217 [WORKER] [INFO] Compilation started
2026-08-12 07:16:14,178 [WORKER] [INFO] Compilation successful
2026-08-12 07:16:14,179 [WORKER] [INFO] EX5 generated: C:\mt5-license-system\compiler\output\InfinityTrader_123546987_2026-09-12.ex5 (6840 bytes)
2026-08-12 07:16:14,179 [WORKER] [INFO] MT5 deployment started
2026-08-12 07:16:14,179 ============================================================
2026-08-12 07:16:14,179 Starting EX5 deployment
2026-08-12 07:16:14,179 ============================================================
2026-08-12 07:16:14,179 Source EX5       : C:\mt5-license-system\compiler\output\InfinityTrader_123546987_2026-09-12.ex5
2026-08-12 07:16:14,179 Source size      : 6840 bytes
2026-08-12 07:16:14,179 Discovering MT5 data folder...
2026-08-12 07:16:14,179 Discovering MT5 data folder under: C:\Users\infinityadmin\AppData\Roaming\MetaQuotes\Terminal
2026-08-12 07:16:14,183 Examined folders: ['Common', 'Community', 'D0E8209F77C8CF37AD8BF550E51FF075']
2026-08-12 07:16:14,183 Valid MT5 instances found: 1
2026-08-12 07:16:14,184 Selected MT5 instance: D0E8209F77C8CF37AD8BF550E51FF075  (score=55)
2026-08-12 07:16:14,184 MT5 data folder  : C:\Users\infinityadmin\AppData\Roaming\MetaQuotes\Terminal\D0E8209F77C8CF37AD8BF550E51FF075
2026-08-12 07:16:14,184 Experts folder   : C:\Users\infinityadmin\AppData\Roaming\MetaQuotes\Terminal\D0E8209F77C8CF37AD8BF550E51FF075\MQL5\Experts
2026-08-12 07:16:14,184 origin.txt points to MT5 install: C:\Program Files\MetaTrader 5
2026-08-12 07:16:14,186 Destination path : C:\Users\infinityadmin\AppData\Roaming\MetaQuotes\Terminal\D0E8209F77C8CF37AD8BF550E51FF075\MQL5\Experts\InfinityTrader_123546987_2026-09-12.ex5
2026-08-12 07:16:14,186 Calculating source SHA-256...
2026-08-12 07:16:14,188 Source SHA-256   : 9bc91af0f481297c819ae928cf4b588ab1dc8575ce69e969cdf94b5ea0652e06
2026-08-12 07:16:14,188 Copying EX5 with shutil.copy2()...
2026-08-12 07:16:14,192 Destination size : 6840 bytes
2026-08-12 07:16:14,192 File sizes match [OK]
2026-08-12 07:16:14,192 Calculating destination SHA-256...
2026-08-12 07:16:14,207 Destination SHA-256: 9bc91af0f481297c819ae928cf4b588ab1dc8575ce69e969cdf94b5ea0652e06
2026-08-12 07:16:14,207 SHA-256 hashes match [OK]
2026-08-12 07:16:14,207 EX5 deployment completed
2026-08-12 07:16:14,207 ============================================================
2026-08-12 07:16:14,207 [WORKER] [INFO] MT5 deployment successful
2026-08-12 07:16:14,207 [WORKER] [INFO] Deployed to: C:\Users\infinityadmin\AppData\Roaming\MetaQuotes\Terminal\D0E8209F77C8CF37AD8BF550E51FF075\MQL5\Experts\InfinityTrader_123546987_2026-09-12.ex5
2026-08-12 07:16:14,207 [WORKER] [INFO] Size: 6840 bytes | SHA-256 match: True
2026-08-12 07:16:14,207 [WORKER] [INFO] Upload started
2026-08-12 07:16:18,235 [WORKER] [INFO] Upload successful
2026-08-12 07:16:18,235 [WORKER] [SUCCESS] Job completed: 62
2026-08-12 07:33:57,556 [WORKER] [INFO] Job claimed: 63
2026-08-12 07:33:57,578 [WORKER] [INFO] MT5 ID: MT5_9192f4c8 | Expiry: 2026-09-16 | Plan: EA Basic Plan (1month)
2026-08-12 07:33:57,579 [WORKER] [INFO] Compilation started
2026-08-12 07:33:59,113 [WORKER] [INFO] Compilation successful
2026-08-12 07:33:59,113 [WORKER] [INFO] EX5 generated: C:\mt5-license-system\compiler\output\InfinityTrader_MT5_9192f4c8_2026-09-16.ex5 (7448 bytes)
2026-08-12 07:33:59,113 [WORKER] [INFO] MT5 deployment started
2026-08-12 07:33:59,114 ============================================================
2026-08-12 07:33:59,114 Starting EX5 deployment
2026-08-12 07:33:59,114 ============================================================
2026-08-12 07:33:59,114 Source EX5       : C:\mt5-license-system\compiler\output\InfinityTrader_MT5_9192f4c8_2026-09-16.ex5
2026-08-12 07:33:59,114 Source size      : 7448 bytes
2026-08-12 07:33:59,114 Discovering MT5 data folder...
2026-08-12 07:33:59,114 Discovering MT5 data folder under: C:\Users\infinityadmin\AppData\Roaming\MetaQuotes\Terminal
2026-08-12 07:33:59,119 Examined folders: ['Common', 'Community', 'D0E8209F77C8CF37AD8BF550E51FF075']
2026-08-12 07:33:59,119 Valid MT5 instances found: 1
2026-08-12 07:33:59,120 Selected MT5 instance: D0E8209F77C8CF37AD8BF550E51FF075  (score=55)
2026-08-12 07:33:59,120 MT5 data folder  : C:\Users\infinityadmin\AppData\Roaming\MetaQuotes\Terminal\D0E8209F77C8CF37AD8BF550E51FF075
2026-08-12 07:33:59,120 Experts folder   : C:\Users\infinityadmin\AppData\Roaming\MetaQuotes\Terminal\D0E8209F77C8CF37AD8BF550E51FF075\MQL5\Experts
2026-08-12 07:33:59,120 origin.txt points to MT5 install: C:\Program Files\MetaTrader 5
2026-08-12 07:33:59,121 Destination path : C:\Users\infinityadmin\AppData\Roaming\MetaQuotes\Terminal\D0E8209F77C8CF37AD8BF550E51FF075\MQL5\Experts\InfinityTrader_MT5_9192f4c8_2026-09-16.ex5
2026-08-12 07:33:59,121 Calculating source SHA-256...
2026-08-12 07:33:59,124 Source SHA-256   : 0663afd618da67e8a70322fa4be841014a6bc00230e1b93a271104968e1a5791
2026-08-12 07:33:59,124 Copying EX5 with shutil.copy2()...
2026-08-12 07:33:59,128 Destination size : 7448 bytes
2026-08-12 07:33:59,128 File sizes match [OK]
2026-08-12 07:33:59,128 Calculating destination SHA-256...
2026-08-12 07:33:59,139 Destination SHA-256: 0663afd618da67e8a70322fa4be841014a6bc00230e1b93a271104968e1a5791
2026-08-12 07:33:59,139 SHA-256 hashes match [OK]
2026-08-12 07:33:59,139 EX5 deployment completed
2026-08-12 07:33:59,139 ============================================================
2026-08-12 07:33:59,139 [WORKER] [INFO] MT5 deployment successful
2026-08-12 07:33:59,139 [WORKER] [INFO] Deployed to: C:\Users\infinityadmin\AppData\Roaming\MetaQuotes\Terminal\D0E8209F77C8CF37AD8BF550E51FF075\MQL5\Experts\InfinityTrader_MT5_9192f4c8_2026-09-16.ex5
2026-08-12 07:33:59,139 [WORKER] [INFO] Size: 7448 bytes | SHA-256 match: True
2026-08-12 07:33:59,140 [WORKER] [INFO] Upload started
2026-08-12 07:34:05,758 [WORKER] [INFO] Upload successful
2026-08-12 07:34:05,758 [WORKER] [SUCCESS] Job completed: 63
2026-08-12 07:34:12,656 [WORKER] [INFO] Job claimed: 64
2026-08-12 07:34:12,656 [WORKER] [INFO] MT5 ID: MT5_9192f4c8 | Expiry: 2026-09-16 | Plan: EA Basic Plan (1month)
2026-08-12 07:34:12,656 [WORKER] [INFO] Compilation started
2026-08-12 07:34:13,546 [WORKER] [INFO] Compilation successful
2026-08-12 07:34:13,547 [WORKER] [INFO] EX5 generated: C:\mt5-license-system\compiler\output\InfinityTrader_MT5_9192f4c8_2026-09-16.ex5 (7248 bytes)
2026-08-12 07:34:13,547 [WORKER] [INFO] MT5 deployment started
2026-08-12 07:34:13,547 ============================================================
2026-08-12 07:34:13,547 Starting EX5 deployment
2026-08-12 07:34:13,547 ============================================================
2026-08-12 07:34:13,547 Source EX5       : C:\mt5-license-system\compiler\output\InfinityTrader_MT5_9192f4c8_2026-09-16.ex5
2026-08-12 07:34:13,547 Source size      : 7248 bytes
2026-08-12 07:34:13,547 Discovering MT5 data folder...
2026-08-12 07:34:13,547 Discovering MT5 data folder under: C:\Users\infinityadmin\AppData\Roaming\MetaQuotes\Terminal
2026-08-12 07:34:13,548 Examined folders: ['Common', 'Community', 'D0E8209F77C8CF37AD8BF550E51FF075']
2026-08-12 07:34:13,548 Valid MT5 instances found: 1
2026-08-12 07:34:13,549 Selected MT5 instance: D0E8209F77C8CF37AD8BF550E51FF075  (score=55)
2026-08-12 07:34:13,549 MT5 data folder  : C:\Users\infinityadmin\AppData\Roaming\MetaQuotes\Terminal\D0E8209F77C8CF37AD8BF550E51FF075
2026-08-12 07:34:13,549 Experts folder   : C:\Users\infinityadmin\AppData\Roaming\MetaQuotes\Terminal\D0E8209F77C8CF37AD8BF550E51FF075\MQL5\Experts
2026-08-12 07:34:13,549 origin.txt points to MT5 install: C:\Program Files\MetaTrader 5
2026-08-12 07:34:13,549 Destination path : C:\Users\infinityadmin\AppData\Roaming\MetaQuotes\Terminal\D0E8209F77C8CF37AD8BF550E51FF075\MQL5\Experts\InfinityTrader_MT5_9192f4c8_2026-09-16.ex5
2026-08-12 07:34:13,550 Destination file already exists — will overwrite safely
2026-08-12 07:34:13,550 Calculating source SHA-256...
2026-08-12 07:34:13,550 Source SHA-256   : 4d91c312dcb3f3a256f6b6fba185fa8a71d010b053821a6e7ba1835a6e52ce08
2026-08-12 07:34:13,550 Copying EX5 with shutil.copy2()...
2026-08-12 07:34:13,551 Destination size : 7248 bytes
2026-08-12 07:34:13,551 File sizes match [OK]
2026-08-12 07:34:13,551 Calculating destination SHA-256...
2026-08-12 07:34:13,558 Destination SHA-256: 4d91c312dcb3f3a256f6b6fba185fa8a71d010b053821a6e7ba1835a6e52ce08
2026-08-12 07:34:13,558 SHA-256 hashes match [OK]
2026-08-12 07:34:13,558 EX5 deployment completed
2026-08-12 07:34:13,558 ============================================================
2026-08-12 07:34:13,558 [WORKER] [INFO] MT5 deployment successful
2026-08-12 07:34:13,558 [WORKER] [INFO] Deployed to: C:\Users\infinityadmin\AppData\Roaming\MetaQuotes\Terminal\D0E8209F77C8CF37AD8BF550E51FF075\MQL5\Experts\InfinityTrader_MT5_9192f4c8_2026-09-16.ex5
2026-08-12 07:34:13,558 [WORKER] [INFO] Size: 7248 bytes | SHA-256 match: True
2026-08-12 07:34:13,558 [WORKER] [INFO] Upload started
2026-08-12 07:34:17,971 [WORKER] [INFO] Upload successful
2026-08-12 07:34:17,971 [WORKER] [SUCCESS] Job completed: 64
2026-08-12 07:37:29,219 [WORKER] [INFO] Job claimed: 65
2026-08-12 07:37:29,220 [WORKER] [INFO] MT5 ID: 12345688 | Expiry: 2026-09-12 | Plan: EA Basic Plan (1month)
2026-08-12 07:37:29,220 [WORKER] [INFO] Compilation started
2026-08-12 07:37:30,567 [WORKER] [INFO] Compilation successful
2026-08-12 07:37:30,567 [WORKER] [INFO] EX5 generated: C:\mt5-license-system\compiler\output\InfinityTrader_12345688_2026-09-12.ex5 (7258 bytes)
2026-08-12 07:37:30,567 [WORKER] [INFO] MT5 deployment started
2026-08-12 07:37:30,567 ============================================================
2026-08-12 07:37:30,567 Starting EX5 deployment
2026-08-12 07:37:30,567 ============================================================
2026-08-12 07:37:30,567 Source EX5       : C:\mt5-license-system\compiler\output\InfinityTrader_12345688_2026-09-12.ex5
2026-08-12 07:37:30,568 Source size      : 7258 bytes
2026-08-12 07:37:30,568 Discovering MT5 data folder...
2026-08-12 07:37:30,568 Discovering MT5 data folder under: C:\Users\infinityadmin\AppData\Roaming\MetaQuotes\Terminal
2026-08-12 07:37:30,570 Examined folders: ['Common', 'Community', 'D0E8209F77C8CF37AD8BF550E51FF075']
2026-08-12 07:37:30,570 Valid MT5 instances found: 1
2026-08-12 07:37:30,571 Selected MT5 instance: D0E8209F77C8CF37AD8BF550E51FF075  (score=55)
2026-08-12 07:37:30,571 MT5 data folder  : C:\Users\infinityadmin\AppData\Roaming\MetaQuotes\Terminal\D0E8209F77C8CF37AD8BF550E51FF075
2026-08-12 07:37:30,571 Experts folder   : C:\Users\infinityadmin\AppData\Roaming\MetaQuotes\Terminal\D0E8209F77C8CF37AD8BF550E51FF075\MQL5\Experts
2026-08-12 07:37:30,571 origin.txt points to MT5 install: C:\Program Files\MetaTrader 5
2026-08-12 07:37:30,571 Destination path : C:\Users\infinityadmin\AppData\Roaming\MetaQuotes\Terminal\D0E8209F77C8CF37AD8BF550E51FF075\MQL5\Experts\InfinityTrader_12345688_2026-09-12.ex5
2026-08-12 07:37:30,571 Calculating source SHA-256...
2026-08-12 07:37:30,572 Source SHA-256   : a048311e60a509dcf63fa8b0df727ab428f71479bccff1e5f7cdaff557d15b0c
2026-08-12 07:37:30,572 Copying EX5 with shutil.copy2()...
2026-08-12 07:37:30,575 Destination size : 7258 bytes
2026-08-12 07:37:30,576 File sizes match [OK]
2026-08-12 07:37:30,576 Calculating destination SHA-256...
2026-08-12 07:37:30,584 Destination SHA-256: a048311e60a509dcf63fa8b0df727ab428f71479bccff1e5f7cdaff557d15b0c
2026-08-12 07:37:30,584 SHA-256 hashes match [OK]
2026-08-12 07:37:30,584 EX5 deployment completed
2026-08-12 07:37:30,584 ============================================================
2026-08-12 07:37:30,584 [WORKER] [INFO] MT5 deployment successful
2026-08-12 07:37:30,584 [WORKER] [INFO] Deployed to: C:\Users\infinityadmin\AppData\Roaming\MetaQuotes\Terminal\D0E8209F77C8CF37AD8BF550E51FF075\MQL5\Experts\InfinityTrader_12345688_2026-09-12.ex5
2026-08-12 07:37:30,584 [WORKER] [INFO] Size: 7258 bytes | SHA-256 match: True
2026-08-12 07:37:30,584 [WORKER] [INFO] Upload started
2026-08-12 07:37:34,624 [WORKER] [INFO] Upload successful
2026-08-12 07:37:34,624 [WORKER] [SUCCESS] Job completed: 65
2026-08-12 07:41:20,587 [WORKER] [INFO] Job claimed: 66
2026-08-12 07:41:20,587 [WORKER] [INFO] MT5 ID: 625262637 | Expiry: 2026-09-16 | Plan: EA Basic Plan (1month)
2026-08-12 07:41:20,587 [WORKER] [INFO] Compilation started
2026-08-12 07:41:21,742 [WORKER] [INFO] Compilation successful
2026-08-12 07:41:21,742 [WORKER] [INFO] EX5 generated: C:\mt5-license-system\compiler\output\InfinityTrader_625262637_2026-09-16.ex5 (7508 bytes)
2026-08-12 07:41:21,742 [WORKER] [INFO] MT5 deployment started
2026-08-12 07:41:21,743 ============================================================
2026-08-12 07:41:21,743 Starting EX5 deployment
2026-08-12 07:41:21,743 ============================================================
2026-08-12 07:41:21,743 Source EX5       : C:\mt5-license-system\compiler\output\InfinityTrader_625262637_2026-09-16.ex5
2026-08-12 07:41:21,743 Source size      : 7508 bytes
2026-08-12 07:41:21,743 Discovering MT5 data folder...
2026-08-12 07:41:21,744 Discovering MT5 data folder under: C:\Users\infinityadmin\AppData\Roaming\MetaQuotes\Terminal
2026-08-12 07:41:21,750 Examined folders: ['Common', 'Community', 'D0E8209F77C8CF37AD8BF550E51FF075']
2026-08-12 07:41:21,750 Valid MT5 instances found: 1
2026-08-12 07:41:21,750 Selected MT5 instance: D0E8209F77C8CF37AD8BF550E51FF075  (score=55)
2026-08-12 07:41:21,750 MT5 data folder  : C:\Users\infinityadmin\AppData\Roaming\MetaQuotes\Terminal\D0E8209F77C8CF37AD8BF550E51FF075
2026-08-12 07:41:21,750 Experts folder   : C:\Users\infinityadmin\AppData\Roaming\MetaQuotes\Terminal\D0E8209F77C8CF37AD8BF550E51FF075\MQL5\Experts
2026-08-12 07:41:21,750 origin.txt points to MT5 install: C:\Program Files\MetaTrader 5
2026-08-12 07:41:21,752 Destination path : C:\Users\infinityadmin\AppData\Roaming\MetaQuotes\Terminal\D0E8209F77C8CF37AD8BF550E51FF075\MQL5\Experts\InfinityTrader_625262637_2026-09-16.ex5
2026-08-12 07:41:21,752 Calculating source SHA-256...
2026-08-12 07:41:21,755 Source SHA-256   : 83c15c7b305b9e85f75fcccd8da59b601766338055092cfc9fb2e6a35e75f9b1
2026-08-12 07:41:21,755 Copying EX5 with shutil.copy2()...
2026-08-12 07:41:21,758 Destination size : 7508 bytes
2026-08-12 07:41:21,758 File sizes match [OK]
2026-08-12 07:41:21,758 Calculating destination SHA-256...
2026-08-12 07:41:21,766 Destination SHA-256: 83c15c7b305b9e85f75fcccd8da59b601766338055092cfc9fb2e6a35e75f9b1
2026-08-12 07:41:21,766 SHA-256 hashes match [OK]
2026-08-12 07:41:21,766 EX5 deployment completed
2026-08-12 07:41:21,766 ============================================================
2026-08-12 07:41:21,767 [WORKER] [INFO] MT5 deployment successful
2026-08-12 07:41:21,767 [WORKER] [INFO] Deployed to: C:\Users\infinityadmin\AppData\Roaming\MetaQuotes\Terminal\D0E8209F77C8CF37AD8BF550E51FF075\MQL5\Experts\InfinityTrader_625262637_2026-09-16.ex5
2026-08-12 07:41:21,767 [WORKER] [INFO] Size: 7508 bytes | SHA-256 match: True
2026-08-12 07:41:21,767 [WORKER] [INFO] Upload started
2026-08-12 07:41:24,414 [WORKER] [INFO] Upload successful
2026-08-12 07:41:24,414 [WORKER] [SUCCESS] Job completed: 66
2026-08-12 07:49:34,427 [WORKER] [ERROR] Malformed job payload (missing job_id or mt5_id): {'job_id': 67, 'license_id': 63, 'mt5_id': '', 'expiry_date': '2026-09-12', 'plan': 'EA Basic Plan (1month)'}
2026-08-12 07:52:50,069 [WORKER] [ERROR] Malformed job payload (missing job_id or mt5_id): {'job_id': 68, 'license_id': 64, 'mt5_id': '', 'expiry_date': '2026-09-12', 'plan': 'EA Basic Plan (1month)'}
2026-08-12 07:53:32,470 [WORKER] [ERROR] Malformed job payload (missing job_id or mt5_id): {'job_id': 69, 'license_id': 65, 'mt5_id': '', 'expiry_date': '2026-09-12', 'plan': 'EA Basic Plan (1month)'}
2026-08-12 07:56:22,933 [WORKER] [INFO] Job claimed: 70
2026-08-12 07:56:22,934 [WORKER] [INFO] MT5 ID: 123456782 | Expiry: 2026-09-16 | Plan: Infinity Trader EA - Lifetime
2026-08-12 07:56:22,935 [WORKER] [INFO] Compilation started
2026-08-12 07:56:24,828 [WORKER] [INFO] Compilation successful
2026-08-12 07:56:24,828 [WORKER] [INFO] EX5 generated: C:\mt5-license-system\compiler\output\InfinityTrader_123456782_2026-09-16.ex5 (6384 bytes)
2026-08-12 07:56:24,829 [WORKER] [INFO] MT5 deployment started
2026-08-12 07:56:24,829 ============================================================
2026-08-12 07:56:24,829 Starting EX5 deployment
2026-08-12 07:56:24,829 ============================================================
2026-08-12 07:56:24,829 Source EX5       : C:\mt5-license-system\compiler\output\InfinityTrader_123456782_2026-09-16.ex5
2026-08-12 07:56:24,830 Source size      : 6384 bytes
2026-08-12 07:56:24,830 Discovering MT5 data folder...
2026-08-12 07:56:24,830 Discovering MT5 data folder under: C:\Users\infinityadmin\AppData\Roaming\MetaQuotes\Terminal
2026-08-12 07:56:24,835 Examined folders: ['Common', 'Community', 'D0E8209F77C8CF37AD8BF550E51FF075']
2026-08-12 07:56:24,835 Valid MT5 instances found: 1
2026-08-12 07:56:24,835 Selected MT5 instance: D0E8209F77C8CF37AD8BF550E51FF075  (score=55)
2026-08-12 07:56:24,835 MT5 data folder  : C:\Users\infinityadmin\AppData\Roaming\MetaQuotes\Terminal\D0E8209F77C8CF37AD8BF550E51FF075
2026-08-12 07:56:24,835 Experts folder   : C:\Users\infinityadmin\AppData\Roaming\MetaQuotes\Terminal\D0E8209F77C8CF37AD8BF550E51FF075\MQL5\Experts
2026-08-12 07:56:24,835 origin.txt points to MT5 install: C:\Program Files\MetaTrader 5
2026-08-12 07:56:24,837 Destination path : C:\Users\infinityadmin\AppData\Roaming\MetaQuotes\Terminal\D0E8209F77C8CF37AD8BF550E51FF075\MQL5\Experts\InfinityTrader_123456782_2026-09-16.ex5
2026-08-12 07:56:24,837 Calculating source SHA-256...
2026-08-12 07:56:24,839 Source SHA-256   : 538b5050e06acad6cc43c1b9f2e1b4c064b43043f190f77f74ee7dcd800f3334
2026-08-12 07:56:24,840 Copying EX5 with shutil.copy2()...
2026-08-12 07:56:24,845 Destination size : 6384 bytes
2026-08-12 07:56:24,846 File sizes match [OK]
2026-08-12 07:56:24,846 Calculating destination SHA-256...
2026-08-12 07:56:24,881 Destination SHA-256: 538b5050e06acad6cc43c1b9f2e1b4c064b43043f190f77f74ee7dcd800f3334
2026-08-12 07:56:24,881 SHA-256 hashes match [OK]
2026-08-12 07:56:24,881 EX5 deployment completed
2026-08-12 07:56:24,881 ============================================================
2026-08-12 07:56:24,881 [WORKER] [INFO] MT5 deployment successful
2026-08-12 07:56:24,881 [WORKER] [INFO] Deployed to: C:\Users\infinityadmin\AppData\Roaming\MetaQuotes\Terminal\D0E8209F77C8CF37AD8BF550E51FF075\MQL5\Experts\InfinityTrader_123456782_2026-09-16.ex5
2026-08-12 07:56:24,881 [WORKER] [INFO] Size: 6384 bytes | SHA-256 match: True
2026-08-12 07:56:24,881 [WORKER] [INFO] Upload started
2026-08-12 07:56:29,591 [WORKER] [INFO] Upload successful
2026-08-12 07:56:29,591 [WORKER] [SUCCESS] Job completed: 70
2026-08-12 07:56:47,227 [WORKER] [INFO] Job claimed: 71
2026-08-12 07:56:47,227 [WORKER] [INFO] MT5 ID: 123456782 | Expiry: 2026-09-16 | Plan: Infinity Trader EA - Lifetime
2026-08-12 07:56:47,227 [WORKER] [INFO] Compilation started
2026-08-12 07:56:48,046 [WORKER] [INFO] Compilation successful
2026-08-12 07:56:48,046 [WORKER] [INFO] EX5 generated: C:\mt5-license-system\compiler\output\InfinityTrader_123456782_2026-09-16.ex5 (6952 bytes)
2026-08-12 07:56:48,047 [WORKER] [INFO] MT5 deployment started
2026-08-12 07:56:48,047 ============================================================
2026-08-12 07:56:48,047 Starting EX5 deployment
2026-08-12 07:56:48,047 ============================================================
2026-08-12 07:56:48,047 Source EX5       : C:\mt5-license-system\compiler\output\InfinityTrader_123456782_2026-09-16.ex5
2026-08-12 07:56:48,047 Source size      : 6952 bytes
2026-08-12 07:56:48,047 Discovering MT5 data folder...
2026-08-12 07:56:48,047 Discovering MT5 data folder under: C:\Users\infinityadmin\AppData\Roaming\MetaQuotes\Terminal
2026-08-12 07:56:48,050 Examined folders: ['Common', 'Community', 'D0E8209F77C8CF37AD8BF550E51FF075']
2026-08-12 07:56:48,050 Valid MT5 instances found: 1
2026-08-12 07:56:48,050 Selected MT5 instance: D0E8209F77C8CF37AD8BF550E51FF075  (score=55)
2026-08-12 07:56:48,050 MT5 data folder  : C:\Users\infinityadmin\AppData\Roaming\MetaQuotes\Terminal\D0E8209F77C8CF37AD8BF550E51FF075
2026-08-12 07:56:48,050 Experts folder   : C:\Users\infinityadmin\AppData\Roaming\MetaQuotes\Terminal\D0E8209F77C8CF37AD8BF550E51FF075\MQL5\Experts
2026-08-12 07:56:48,050 origin.txt points to MT5 install: C:\Program Files\MetaTrader 5
2026-08-12 07:56:48,051 Destination path : C:\Users\infinityadmin\AppData\Roaming\MetaQuotes\Terminal\D0E8209F77C8CF37AD8BF550E51FF075\MQL5\Experts\InfinityTrader_123456782_2026-09-16.ex5
2026-08-12 07:56:48,051 Destination file already exists — will overwrite safely
2026-08-12 07:56:48,051 Calculating source SHA-256...
2026-08-12 07:56:48,051 Source SHA-256   : 066f4bdd528d5b62a507e7f0af62789b6ba2af11b9001081343d1b2b6f46d6b6
2026-08-12 07:56:48,051 Copying EX5 with shutil.copy2()...
2026-08-12 07:56:48,052 Destination size : 6952 bytes
2026-08-12 07:56:48,052 File sizes match [OK]
2026-08-12 07:56:48,052 Calculating destination SHA-256...
2026-08-12 07:56:48,061 Destination SHA-256: 066f4bdd528d5b62a507e7f0af62789b6ba2af11b9001081343d1b2b6f46d6b6
2026-08-12 07:56:48,061 SHA-256 hashes match [OK]
2026-08-12 07:56:48,061 EX5 deployment completed
2026-08-12 07:56:48,061 ============================================================
2026-08-12 07:56:48,061 [WORKER] [INFO] MT5 deployment successful
2026-08-12 07:56:48,062 [WORKER] [INFO] Deployed to: C:\Users\infinityadmin\AppData\Roaming\MetaQuotes\Terminal\D0E8209F77C8CF37AD8BF550E51FF075\MQL5\Experts\InfinityTrader_123456782_2026-09-16.ex5
2026-08-12 07:56:48,062 [WORKER] [INFO] Size: 6952 bytes | SHA-256 match: True
2026-08-12 07:56:48,062 [WORKER] [INFO] Upload started
2026-08-12 07:56:50,180 [WORKER] [INFO] Upload successful
2026-08-12 07:56:50,180 [WORKER] [SUCCESS] Job completed: 71
2026-08-12 07:57:08,067 [WORKER] [ERROR] Job 72 has no expiry_date — cannot compile. Reporting failure.
2026-08-12 07:57:08,807 [WORKER] [INFO] Failure reported to API for job 72
2026-08-12 07:57:20,707 [WORKER] [ERROR] Job 73 has no expiry_date — cannot compile. Reporting failure.
2026-08-12 07:57:21,713 [WORKER] [INFO] Failure reported to API for job 73
2026-08-12 07:58:09,363 [WORKER] [ERROR] Job 74 has no expiry_date — cannot compile. Reporting failure.
2026-08-12 07:58:10,329 [WORKER] [INFO] Failure reported to API for job 74
2026-08-12 07:59:05,910 [WORKER] [ERROR] Job 75 has no expiry_date — cannot compile. Reporting failure.
2026-08-12 07:59:06,868 [WORKER] [INFO] Failure reported to API for job 75
2026-08-12 08:00:01,202 [WORKER] [ERROR] Job 76 has no expiry_date — cannot compile. Reporting failure.
2026-08-12 08:00:02,141 [WORKER] [INFO] Failure reported to API for job 76
2026-08-12 08:01:13,070 [WORKER] [INFO] Job claimed: 77
2026-08-12 08:01:13,071 [WORKER] [INFO] MT5 ID: 123456874 | Expiry: 2026-09-16 | Plan: Infinity Trader EA - Lifetime
2026-08-12 08:01:13,071 [WORKER] [INFO] Compilation started
2026-08-12 08:01:14,426 [WORKER] [INFO] Compilation successful
2026-08-12 08:01:14,426 [WORKER] [INFO] EX5 generated: C:\mt5-license-system\compiler\output\InfinityTrader_123456874_2026-09-16.ex5 (7900 bytes)
2026-08-12 08:01:14,426 [WORKER] [INFO] MT5 deployment started
2026-08-12 08:01:14,426 ============================================================
2026-08-12 08:01:14,426 Starting EX5 deployment
2026-08-12 08:01:14,426 ============================================================
2026-08-12 08:01:14,427 Source EX5       : C:\mt5-license-system\compiler\output\InfinityTrader_123456874_2026-09-16.ex5
2026-08-12 08:01:14,427 Source size      : 7900 bytes
2026-08-12 08:01:14,427 Discovering MT5 data folder...
2026-08-12 08:01:14,427 Discovering MT5 data folder under: C:\Users\infinityadmin\AppData\Roaming\MetaQuotes\Terminal
2026-08-12 08:01:14,429 Examined folders: ['Common', 'Community', 'D0E8209F77C8CF37AD8BF550E51FF075']
2026-08-12 08:01:14,430 Valid MT5 instances found: 1
2026-08-12 08:01:14,430 Selected MT5 instance: D0E8209F77C8CF37AD8BF550E51FF075  (score=55)
2026-08-12 08:01:14,430 MT5 data folder  : C:\Users\infinityadmin\AppData\Roaming\MetaQuotes\Terminal\D0E8209F77C8CF37AD8BF550E51FF075
2026-08-12 08:01:14,430 Experts folder   : C:\Users\infinityadmin\AppData\Roaming\MetaQuotes\Terminal\D0E8209F77C8CF37AD8BF550E51FF075\MQL5\Experts
2026-08-12 08:01:14,430 origin.txt points to MT5 install: C:\Program Files\MetaTrader 5
2026-08-12 08:01:14,431 Destination path : C:\Users\infinityadmin\AppData\Roaming\MetaQuotes\Terminal\D0E8209F77C8CF37AD8BF550E51FF075\MQL5\Experts\InfinityTrader_123456874_2026-09-16.ex5
2026-08-12 08:01:14,431 Calculating source SHA-256...
2026-08-12 08:01:14,431 Source SHA-256   : 54909691a42a32abc1afdfc60aea1d1c72010b0129d1d874db4ece2764439657
2026-08-12 08:01:14,432 Copying EX5 with shutil.copy2()...
2026-08-12 08:01:14,434 Destination size : 7900 bytes
2026-08-12 08:01:14,434 File sizes match [OK]
2026-08-12 08:01:14,434 Calculating destination SHA-256...
2026-08-12 08:01:14,444 Destination SHA-256: 54909691a42a32abc1afdfc60aea1d1c72010b0129d1d874db4ece2764439657
2026-08-12 08:01:14,444 SHA-256 hashes match [OK]
2026-08-12 08:01:14,444 EX5 deployment completed
2026-08-12 08:01:14,444 ============================================================
2026-08-12 08:01:14,444 [WORKER] [INFO] MT5 deployment successful
2026-08-12 08:01:14,444 [WORKER] [INFO] Deployed to: C:\Users\infinityadmin\AppData\Roaming\MetaQuotes\Terminal\D0E8209F77C8CF37AD8BF550E51FF075\MQL5\Experts\InfinityTrader_123456874_2026-09-16.ex5
2026-08-12 08:01:14,444 [WORKER] [INFO] Size: 7900 bytes | SHA-256 match: True
2026-08-12 08:01:14,444 [WORKER] [INFO] Upload started
2026-08-12 08:01:18,526 [WORKER] [INFO] Upload successful
2026-08-12 08:01:18,526 [WORKER] [SUCCESS] Job completed: 77
2026-08-12 08:01:36,404 [WORKER] [ERROR] Job 78 has no expiry_date — cannot compile. Reporting failure.
2026-08-12 08:01:37,331 [WORKER] [INFO] Failure reported to API for job 78
2026-08-12 08:01:55,102 [WORKER] [ERROR] Job 79 has no expiry_date — cannot compile. Reporting failure.
2026-08-12 08:01:56,019 [WORKER] [INFO] Failure reported to API for job 79
2026-08-12 08:11:51,654 [WORKER] [WARNING] Connection error while polling (network/Render cold start): HTTPSConnectionPool(host='infinity-trader-api.onrender.com', port=443): Max retries exceeded with url: /api/v1/jobs/claim (Caused by SSLError(SSLEOFError(8, '[SSL: UNEXPECTED_EOF_WHILE_READING] EOF occurred in violation of protocol (_ssl.c:1032)'))). Sleeping 5s.
2026-08-12 08:14:22,021 [WORKER] [ERROR] Malformed job payload (missing job_id or mt5_id): {'job_id': 67, 'license_id': 63, 'mt5_id': '', 'expiry_date': '2026-09-12', 'plan': 'Infinity Trader EA - Lifetime'}
2026-08-12 08:14:28,277 [WORKER] [ERROR] Malformed job payload (missing job_id or mt5_id): {'job_id': 68, 'license_id': 64, 'mt5_id': '', 'expiry_date': '2026-09-12', 'plan': 'Infinity Trader EA - Lifetime'}
2026-08-12 08:14:34,213 [WORKER] [ERROR] Malformed job payload (missing job_id or mt5_id): {'job_id': 69, 'license_id': 65, 'mt5_id': '', 'expiry_date': '2026-09-12', 'plan': 'Infinity Trader EA - Lifetime'}
2026-08-12 08:27:55,625 [WORKER] [INFO] Job claimed: 80
2026-08-12 08:27:55,636 [WORKER] [INFO] MT5 ID: 45623587 | Expiry: 2026-09-16 | Plan: Infinity Trader EA - Lifetime
2026-08-12 08:27:55,637 [WORKER] [INFO] Compilation started
2026-08-12 08:27:57,849 [WORKER] [INFO] Compilation successful
2026-08-12 08:27:57,849 [WORKER] [INFO] EX5 generated: C:\mt5-license-system\compiler\output\InfinityTrader_45623587_2026-09-16.ex5 (7758 bytes)
2026-08-12 08:27:57,849 [WORKER] [INFO] MT5 deployment started
2026-08-12 08:27:57,849 ============================================================
2026-08-12 08:27:57,849 Starting EX5 deployment
2026-08-12 08:27:57,849 ============================================================
2026-08-12 08:27:57,849 Source EX5       : C:\mt5-license-system\compiler\output\InfinityTrader_45623587_2026-09-16.ex5
2026-08-12 08:27:57,849 Source size      : 7758 bytes
2026-08-12 08:27:57,849 Discovering MT5 data folder...
2026-08-12 08:27:57,849 Discovering MT5 data folder under: C:\Users\infinityadmin\AppData\Roaming\MetaQuotes\Terminal
2026-08-12 08:27:57,856 Examined folders: ['Common', 'Community', 'D0E8209F77C8CF37AD8BF550E51FF075']
2026-08-12 08:27:57,856 Valid MT5 instances found: 1
2026-08-12 08:27:57,856 Selected MT5 instance: D0E8209F77C8CF37AD8BF550E51FF075  (score=55)
2026-08-12 08:27:57,856 MT5 data folder  : C:\Users\infinityadmin\AppData\Roaming\MetaQuotes\Terminal\D0E8209F77C8CF37AD8BF550E51FF075
2026-08-12 08:27:57,856 Experts folder   : C:\Users\infinityadmin\AppData\Roaming\MetaQuotes\Terminal\D0E8209F77C8CF37AD8BF550E51FF075\MQL5\Experts
2026-08-12 08:27:57,857 origin.txt points to MT5 install: C:\Program Files\MetaTrader 5
2026-08-12 08:27:57,858 Destination path : C:\Users\infinityadmin\AppData\Roaming\MetaQuotes\Terminal\D0E8209F77C8CF37AD8BF550E51FF075\MQL5\Experts\InfinityTrader_45623587_2026-09-16.ex5
2026-08-12 08:27:57,858 Calculating source SHA-256...
2026-08-12 08:27:57,861 Source SHA-256   : 48e61568e95317860955b3ad0bdd2350a6491d9e0e0a1703ac8a9d6ba0afb404
2026-08-12 08:27:57,861 Copying EX5 with shutil.copy2()...
2026-08-12 08:27:57,866 Destination size : 7758 bytes
2026-08-12 08:27:57,866 File sizes match [OK]
2026-08-12 08:27:57,866 Calculating destination SHA-256...
2026-08-12 08:27:57,877 Destination SHA-256: 48e61568e95317860955b3ad0bdd2350a6491d9e0e0a1703ac8a9d6ba0afb404
2026-08-12 08:27:57,878 SHA-256 hashes match [OK]
2026-08-12 08:27:57,878 EX5 deployment completed
2026-08-12 08:27:57,878 ============================================================
2026-08-12 08:27:57,878 [WORKER] [INFO] MT5 deployment successful
2026-08-12 08:27:57,878 [WORKER] [INFO] Deployed to: C:\Users\infinityadmin\AppData\Roaming\MetaQuotes\Terminal\D0E8209F77C8CF37AD8BF550E51FF075\MQL5\Experts\InfinityTrader_45623587_2026-09-16.ex5
2026-08-12 08:27:57,878 [WORKER] [INFO] Size: 7758 bytes | SHA-256 match: True
2026-08-12 08:27:57,878 [WORKER] [INFO] Upload started
2026-08-12 08:28:02,302 [WORKER] [INFO] Upload successful
2026-08-12 08:28:02,302 [WORKER] [SUCCESS] Job completed: 80
2026-08-12 08:28:45,529 [WORKER] [ERROR] Job 81 has no expiry_date — cannot compile. Reporting failure.
2026-08-12 08:28:46,446 [WORKER] [INFO] Failure reported to API for job 81
2026-08-12 08:29:39,991 [WORKER] [ERROR] Job 82 has no expiry_date — cannot compile. Reporting failure.
2026-08-12 08:29:41,046 [WORKER] [INFO] Failure reported to API for job 82
2026-08-12 08:30:22,363 [WORKER] [ERROR] Job 83 has no expiry_date — cannot compile. Reporting failure.
2026-08-12 08:30:23,295 [WORKER] [INFO] Failure reported to API for job 83
2026-08-12 08:31:28,576 [WORKER] [ERROR] Job 84 has no expiry_date — cannot compile. Reporting failure.
2026-08-12 08:31:29,594 [WORKER] [INFO] Failure reported to API for job 84
2026-08-12 08:37:30,698 [WORKER] [ERROR] Malformed job payload (missing job_id or mt5_id): {'job_id': 67, 'license_id': 63, 'mt5_id': '', 'expiry_date': '2026-09-12', 'plan': 'Infinity Trader EA - Lifetime'}
2026-08-12 08:37:36,640 [WORKER] [ERROR] Malformed job payload (missing job_id or mt5_id): {'job_id': 68, 'license_id': 64, 'mt5_id': '', 'expiry_date': '2026-09-12', 'plan': 'Infinity Trader EA - Lifetime'}
2026-08-12 08:37:42,787 [WORKER] [ERROR] Malformed job payload (missing job_id or mt5_id): {'job_id': 69, 'license_id': 65, 'mt5_id': '', 'expiry_date': '2026-09-12', 'plan': 'Infinity Trader EA - Lifetime'}
2026-08-12 08:38:25,639 [WORKER] [INFO] Job claimed: 1
2026-08-12 08:38:25,639 [WORKER] [INFO] MT5 ID: 87543677 | Expiry: 2026-09-06 | Plan: Infinity Trader EA - Lifetime
2026-08-12 08:38:25,641 [WORKER] [INFO] Compilation started
2026-08-12 08:38:27,727 [WORKER] [INFO] Compilation successful
2026-08-12 08:38:27,727 [WORKER] [INFO] EX5 generated: C:\mt5-license-system\compiler\output\InfinityTrader_87543677_2026-09-06.ex5 (7512 bytes)
2026-08-12 08:38:27,727 [WORKER] [INFO] MT5 deployment started
2026-08-12 08:38:27,727 ============================================================
2026-08-12 08:38:27,728 Starting EX5 deployment
2026-08-12 08:38:27,728 ============================================================
2026-08-12 08:38:27,728 Source EX5       : C:\mt5-license-system\compiler\output\InfinityTrader_87543677_2026-09-06.ex5
2026-08-12 08:38:27,728 Source size      : 7512 bytes
2026-08-12 08:38:27,728 Discovering MT5 data folder...
2026-08-12 08:38:27,728 Discovering MT5 data folder under: C:\Users\infinityadmin\AppData\Roaming\MetaQuotes\Terminal
2026-08-12 08:38:27,734 Examined folders: ['Common', 'Community', 'D0E8209F77C8CF37AD8BF550E51FF075']
2026-08-12 08:38:27,734 Valid MT5 instances found: 1
2026-08-12 08:38:27,734 Selected MT5 instance: D0E8209F77C8CF37AD8BF550E51FF075  (score=55)
2026-08-12 08:38:27,734 MT5 data folder  : C:\Users\infinityadmin\AppData\Roaming\MetaQuotes\Terminal\D0E8209F77C8CF37AD8BF550E51FF075
2026-08-12 08:38:27,734 Experts folder   : C:\Users\infinityadmin\AppData\Roaming\MetaQuotes\Terminal\D0E8209F77C8CF37AD8BF550E51FF075\MQL5\Experts
2026-08-12 08:38:27,734 origin.txt points to MT5 install: C:\Program Files\MetaTrader 5
2026-08-12 08:38:27,735 Destination path : C:\Users\infinityadmin\AppData\Roaming\MetaQuotes\Terminal\D0E8209F77C8CF37AD8BF550E51FF075\MQL5\Experts\InfinityTrader_87543677_2026-09-06.ex5
2026-08-12 08:38:27,735 Destination file already exists — will overwrite safely
2026-08-12 08:38:27,735 Calculating source SHA-256...
2026-08-12 08:38:27,739 Source SHA-256   : 09995cd9ccae8d4c9201b50205c5613a5fa1d35554eabfc193c9f53f28dcff62
2026-08-12 08:38:27,739 Copying EX5 with shutil.copy2()...
2026-08-12 08:38:27,743 Destination size : 7512 bytes
2026-08-12 08:38:27,743 File sizes match [OK]
2026-08-12 08:38:27,743 Calculating destination SHA-256...
2026-08-12 08:38:27,753 Destination SHA-256: 09995cd9ccae8d4c9201b50205c5613a5fa1d35554eabfc193c9f53f28dcff62
2026-08-12 08:38:27,753 SHA-256 hashes match [OK]
2026-08-12 08:38:27,754 EX5 deployment completed
2026-08-12 08:38:27,754 ============================================================
2026-08-12 08:38:27,754 [WORKER] [INFO] MT5 deployment successful
2026-08-12 08:38:27,754 [WORKER] [INFO] Deployed to: C:\Users\infinityadmin\AppData\Roaming\MetaQuotes\Terminal\D0E8209F77C8CF37AD8BF550E51FF075\MQL5\Experts\InfinityTrader_87543677_2026-09-06.ex5
2026-08-12 08:38:27,754 [WORKER] [INFO] Size: 7512 bytes | SHA-256 match: True
2026-08-12 08:38:27,754 [WORKER] [INFO] Upload started
2026-08-12 08:38:31,951 [WORKER] [ERROR] Upload failed for job 1: HTTP 502
2026-08-12 08:38:31,952 [WORKER] [ERROR] Response: <!DOCTYPE html>
<html lang="en">
  <head>
    <meta charset="utf-8">
    <meta name="viewport" content="width=device-width, initial-scale=1">
    <title>502</title>
    <style>@font-face {
  font-family: "Roobert";
  font-weight: 500;
  font-style: normal;
  font-stretch: normal;
  src: url("data:fo
2026-08-12 08:38:35,069 [WORKER] [WARNING] API returned 400 when reporting failure for job 1
2026-08-12 08:38:44,631 [WORKER] [INFO] Job claimed: 2
2026-08-12 08:38:44,631 [WORKER] [INFO] MT5 ID: 123456 | Expiry: 2026-09-06 | Plan: Infinity Trader EA - Lifetime
2026-08-12 08:38:44,632 [WORKER] [INFO] Compilation started
2026-08-12 08:38:46,123 [WORKER] [INFO] Compilation successful
2026-08-12 08:38:46,123 [WORKER] [INFO] EX5 generated: C:\mt5-license-system\compiler\output\InfinityTrader_123456_2026-09-06.ex5 (6562 bytes)
2026-08-12 08:38:46,123 [WORKER] [INFO] MT5 deployment started
2026-08-12 08:38:46,123 ============================================================
2026-08-12 08:38:46,123 Starting EX5 deployment
2026-08-12 08:38:46,124 ============================================================
2026-08-12 08:38:46,124 Source EX5       : C:\mt5-license-system\compiler\output\InfinityTrader_123456_2026-09-06.ex5
2026-08-12 08:38:46,124 Source size      : 6562 bytes
2026-08-12 08:38:46,124 Discovering MT5 data folder...
2026-08-12 08:38:46,124 Discovering MT5 data folder under: C:\Users\infinityadmin\AppData\Roaming\MetaQuotes\Terminal
2026-08-12 08:38:46,127 Examined folders: ['Common', 'Community', 'D0E8209F77C8CF37AD8BF550E51FF075']
2026-08-12 08:38:46,127 Valid MT5 instances found: 1
2026-08-12 08:38:46,128 Selected MT5 instance: D0E8209F77C8CF37AD8BF550E51FF075  (score=55)
2026-08-12 08:38:46,128 MT5 data folder  : C:\Users\infinityadmin\AppData\Roaming\MetaQuotes\Terminal\D0E8209F77C8CF37AD8BF550E51FF075
2026-08-12 08:38:46,128 Experts folder   : C:\Users\infinityadmin\AppData\Roaming\MetaQuotes\Terminal\D0E8209F77C8CF37AD8BF550E51FF075\MQL5\Experts
2026-08-12 08:38:46,128 origin.txt points to MT5 install: C:\Program Files\MetaTrader 5
2026-08-12 08:38:46,130 Destination path : C:\Users\infinityadmin\AppData\Roaming\MetaQuotes\Terminal\D0E8209F77C8CF37AD8BF550E51FF075\MQL5\Experts\InfinityTrader_123456_2026-09-06.ex5
2026-08-12 08:38:46,130 Calculating source SHA-256...
2026-08-12 08:38:46,131 Source SHA-256   : 763dec84f83867edb8b668cb000cc518d6fef82f64741e61776412d3d0c3cfa6
2026-08-12 08:38:46,131 Copying EX5 with shutil.copy2()...
2026-08-12 08:38:46,136 Destination size : 6562 bytes
2026-08-12 08:38:46,136 File sizes match [OK]
2026-08-12 08:38:46,136 Calculating destination SHA-256...
2026-08-12 08:38:46,145 Destination SHA-256: 763dec84f83867edb8b668cb000cc518d6fef82f64741e61776412d3d0c3cfa6
2026-08-12 08:38:46,146 SHA-256 hashes match [OK]
2026-08-12 08:38:46,146 EX5 deployment completed
2026-08-12 08:38:46,146 ============================================================
2026-08-12 08:38:46,146 [WORKER] [INFO] MT5 deployment successful
2026-08-12 08:38:46,146 [WORKER] [INFO] Deployed to: C:\Users\infinityadmin\AppData\Roaming\MetaQuotes\Terminal\D0E8209F77C8CF37AD8BF550E51FF075\MQL5\Experts\InfinityTrader_123456_2026-09-06.ex5
2026-08-12 08:38:46,146 [WORKER] [INFO] Size: 6562 bytes | SHA-256 match: True
2026-08-12 08:38:46,146 [WORKER] [INFO] Upload started
2026-08-12 08:38:48,190 [WORKER] [INFO] Upload successful
2026-08-12 08:38:48,190 [WORKER] [SUCCESS] Job completed: 2
2026-08-12 08:38:54,103 [WORKER] [INFO] Job claimed: 38
2026-08-12 08:38:54,103 [WORKER] [INFO] MT5 ID: 357159624 | Expiry: 2026-09-09 | Plan: Infinity Trader EA - Lifetime
2026-08-12 08:38:54,103 [WORKER] [INFO] Compilation started
2026-08-12 08:38:54,938 [WORKER] [INFO] Compilation successful
2026-08-12 08:38:54,938 [WORKER] [INFO] EX5 generated: C:\mt5-license-system\compiler\output\InfinityTrader_357159624_2026-09-09.ex5 (7254 bytes)
2026-08-12 08:38:54,938 [WORKER] [INFO] MT5 deployment started
2026-08-12 08:38:54,938 ============================================================
2026-08-12 08:38:54,938 Starting EX5 deployment
2026-08-12 08:38:54,939 ============================================================
2026-08-12 08:38:54,939 Source EX5       : C:\mt5-license-system\compiler\output\InfinityTrader_357159624_2026-09-09.ex5
2026-08-12 08:38:54,939 Source size      : 7254 bytes
2026-08-12 08:38:54,939 Discovering MT5 data folder...
2026-08-12 08:38:54,939 Discovering MT5 data folder under: C:\Users\infinityadmin\AppData\Roaming\MetaQuotes\Terminal
2026-08-12 08:38:54,941 Examined folders: ['Common', 'Community', 'D0E8209F77C8CF37AD8BF550E51FF075']
2026-08-12 08:38:54,941 Valid MT5 instances found: 1
2026-08-12 08:38:54,941 Selected MT5 instance: D0E8209F77C8CF37AD8BF550E51FF075  (score=55)
2026-08-12 08:38:54,941 MT5 data folder  : C:\Users\infinityadmin\AppData\Roaming\MetaQuotes\Terminal\D0E8209F77C8CF37AD8BF550E51FF075
2026-08-12 08:38:54,941 Experts folder   : C:\Users\infinityadmin\AppData\Roaming\MetaQuotes\Terminal\D0E8209F77C8CF37AD8BF550E51FF075\MQL5\Experts
2026-08-12 08:38:54,941 origin.txt points to MT5 install: C:\Program Files\MetaTrader 5
2026-08-12 08:38:54,942 Destination path : C:\Users\infinityadmin\AppData\Roaming\MetaQuotes\Terminal\D0E8209F77C8CF37AD8BF550E51FF075\MQL5\Experts\InfinityTrader_357159624_2026-09-09.ex5
2026-08-12 08:38:54,942 Destination file already exists — will overwrite safely
2026-08-12 08:38:54,942 Calculating source SHA-256...
2026-08-12 08:38:54,942 Source SHA-256   : 1f9e80cf682be6697366ff5847e6d94f5be5bb266edac273e0b9e3004f619efd
2026-08-12 08:38:54,942 Copying EX5 with shutil.copy2()...
2026-08-12 08:38:54,943 Destination size : 7254 bytes
2026-08-12 08:38:54,943 File sizes match [OK]
2026-08-12 08:38:54,943 Calculating destination SHA-256...
2026-08-12 08:38:54,953 Destination SHA-256: 1f9e80cf682be6697366ff5847e6d94f5be5bb266edac273e0b9e3004f619efd
2026-08-12 08:38:54,953 SHA-256 hashes match [OK]
2026-08-12 08:38:54,953 EX5 deployment completed
2026-08-12 08:38:54,953 ============================================================
2026-08-12 08:38:54,953 [WORKER] [INFO] MT5 deployment successful
2026-08-12 08:38:54,953 [WORKER] [INFO] Deployed to: C:\Users\infinityadmin\AppData\Roaming\MetaQuotes\Terminal\D0E8209F77C8CF37AD8BF550E51FF075\MQL5\Experts\InfinityTrader_357159624_2026-09-09.ex5
2026-08-12 08:38:54,953 [WORKER] [INFO] Size: 7254 bytes | SHA-256 match: True
2026-08-12 08:38:54,953 [WORKER] [INFO] Upload started
2026-08-12 08:38:56,860 [WORKER] [INFO] Upload successful
2026-08-12 08:38:56,860 [WORKER] [SUCCESS] Job completed: 38
2026-08-12 08:39:02,789 [WORKER] [INFO] Job claimed: 3
2026-08-12 08:39:02,789 [WORKER] [INFO] MT5 ID: 123456 | Expiry: 2026-09-06 | Plan: Infinity Trader EA - Lifetime
2026-08-12 08:39:02,789 [WORKER] [INFO] Compilation started
2026-08-12 08:39:03,703 [WORKER] [INFO] Compilation successful
2026-08-12 08:39:03,704 [WORKER] [INFO] EX5 generated: C:\mt5-license-system\compiler\output\InfinityTrader_123456_2026-09-06.ex5 (6188 bytes)
2026-08-12 08:39:03,704 [WORKER] [INFO] MT5 deployment started
2026-08-12 08:39:03,704 ============================================================
2026-08-12 08:39:03,704 Starting EX5 deployment
2026-08-12 08:39:03,704 ============================================================
2026-08-12 08:39:03,704 Source EX5       : C:\mt5-license-system\compiler\output\InfinityTrader_123456_2026-09-06.ex5
2026-08-12 08:39:03,704 Source size      : 6188 bytes
2026-08-12 08:39:03,705 Discovering MT5 data folder...
2026-08-12 08:39:03,705 Discovering MT5 data folder under: C:\Users\infinityadmin\AppData\Roaming\MetaQuotes\Terminal
2026-08-12 08:39:03,706 Examined folders: ['Common', 'Community', 'D0E8209F77C8CF37AD8BF550E51FF075']
2026-08-12 08:39:03,706 Valid MT5 instances found: 1
2026-08-12 08:39:03,707 Selected MT5 instance: D0E8209F77C8CF37AD8BF550E51FF075  (score=55)
2026-08-12 08:39:03,707 MT5 data folder  : C:\Users\infinityadmin\AppData\Roaming\MetaQuotes\Terminal\D0E8209F77C8CF37AD8BF550E51FF075
2026-08-12 08:39:03,707 Experts folder   : C:\Users\infinityadmin\AppData\Roaming\MetaQuotes\Terminal\D0E8209F77C8CF37AD8BF550E51FF075\MQL5\Experts
2026-08-12 08:39:03,707 origin.txt points to MT5 install: C:\Program Files\MetaTrader 5
2026-08-12 08:39:03,707 Destination path : C:\Users\infinityadmin\AppData\Roaming\MetaQuotes\Terminal\D0E8209F77C8CF37AD8BF550E51FF075\MQL5\Experts\InfinityTrader_123456_2026-09-06.ex5
2026-08-12 08:39:03,707 Destination file already exists — will overwrite safely
2026-08-12 08:39:03,708 Calculating source SHA-256...
2026-08-12 08:39:03,708 Source SHA-256   : 33c353a379ea8d04842932c50dc0e829d36828dd3521a82b94b9a3306b8239bb
2026-08-12 08:39:03,708 Copying EX5 with shutil.copy2()...
2026-08-12 08:39:03,709 Destination size : 6188 bytes
2026-08-12 08:39:03,709 File sizes match [OK]
2026-08-12 08:39:03,709 Calculating destination SHA-256...
2026-08-12 08:39:03,716 Destination SHA-256: 33c353a379ea8d04842932c50dc0e829d36828dd3521a82b94b9a3306b8239bb
2026-08-12 08:39:03,717 SHA-256 hashes match [OK]
2026-08-12 08:39:03,717 EX5 deployment completed
2026-08-12 08:39:03,717 ============================================================
2026-08-12 08:39:03,717 [WORKER] [INFO] MT5 deployment successful
2026-08-12 08:39:03,717 [WORKER] [INFO] Deployed to: C:\Users\infinityadmin\AppData\Roaming\MetaQuotes\Terminal\D0E8209F77C8CF37AD8BF550E51FF075\MQL5\Experts\InfinityTrader_123456_2026-09-06.ex5
2026-08-12 08:39:03,717 [WORKER] [INFO] Size: 6188 bytes | SHA-256 match: True
2026-08-12 08:39:03,717 [WORKER] [INFO] Upload started
2026-08-12 08:39:05,351 [WORKER] [INFO] Upload successful
2026-08-12 08:39:05,351 [WORKER] [SUCCESS] Job completed: 3
2026-08-12 08:39:11,279 [WORKER] [INFO] Job claimed: 4
2026-08-12 08:39:11,279 [WORKER] [INFO] MT5 ID: 123455 | Expiry: 2026-09-06 | Plan: Infinity Trader EA - Lifetime
2026-08-12 08:39:11,280 [WORKER] [INFO] Compilation started
2026-08-12 08:39:12,082 [WORKER] [INFO] Compilation successful
2026-08-12 08:39:12,082 [WORKER] [INFO] EX5 generated: C:\mt5-license-system\compiler\output\InfinityTrader_123455_2026-09-06.ex5 (7470 bytes)
2026-08-12 08:39:12,082 [WORKER] [INFO] MT5 deployment started
2026-08-12 08:39:12,082 ============================================================
2026-08-12 08:39:12,082 Starting EX5 deployment
2026-08-12 08:39:12,082 ============================================================
2026-08-12 08:39:12,083 Source EX5       : C:\mt5-license-system\compiler\output\InfinityTrader_123455_2026-09-06.ex5
2026-08-12 08:39:12,083 Source size      : 7470 bytes
2026-08-12 08:39:12,083 Discovering MT5 data folder...
2026-08-12 08:39:12,083 Discovering MT5 data folder under: C:\Users\infinityadmin\AppData\Roaming\MetaQuotes\Terminal
2026-08-12 08:39:12,085 Examined folders: ['Common', 'Community', 'D0E8209F77C8CF37AD8BF550E51FF075']
2026-08-12 08:39:12,085 Valid MT5 instances found: 1
2026-08-12 08:39:12,086 Selected MT5 instance: D0E8209F77C8CF37AD8BF550E51FF075  (score=55)
2026-08-12 08:39:12,086 MT5 data folder  : C:\Users\infinityadmin\AppData\Roaming\MetaQuotes\Terminal\D0E8209F77C8CF37AD8BF550E51FF075
2026-08-12 08:39:12,086 Experts folder   : C:\Users\infinityadmin\AppData\Roaming\MetaQuotes\Terminal\D0E8209F77C8CF37AD8BF550E51FF075\MQL5\Experts
2026-08-12 08:39:12,086 origin.txt points to MT5 install: C:\Program Files\MetaTrader 5
2026-08-12 08:39:12,087 Destination path : C:\Users\infinityadmin\AppData\Roaming\MetaQuotes\Terminal\D0E8209F77C8CF37AD8BF550E51FF075\MQL5\Experts\InfinityTrader_123455_2026-09-06.ex5
2026-08-12 08:39:12,087 Calculating source SHA-256...
2026-08-12 08:39:12,087 Source SHA-256   : ad55d0de797f001d3d2576c932c732a0cfab54292e72483b15c1f983cff25dc5
2026-08-12 08:39:12,087 Copying EX5 with shutil.copy2()...
2026-08-12 08:39:12,088 Destination size : 7470 bytes
2026-08-12 08:39:12,088 File sizes match [OK]
2026-08-12 08:39:12,088 Calculating destination SHA-256...
2026-08-12 08:39:12,101 Destination SHA-256: ad55d0de797f001d3d2576c932c732a0cfab54292e72483b15c1f983cff25dc5
2026-08-12 08:39:12,101 SHA-256 hashes match [OK]
2026-08-12 08:39:12,101 EX5 deployment completed
2026-08-12 08:39:12,101 ============================================================
2026-08-12 08:39:12,101 [WORKER] [INFO] MT5 deployment successful
2026-08-12 08:39:12,101 [WORKER] [INFO] Deployed to: C:\Users\infinityadmin\AppData\Roaming\MetaQuotes\Terminal\D0E8209F77C8CF37AD8BF550E51FF075\MQL5\Experts\InfinityTrader_123455_2026-09-06.ex5
2026-08-12 08:39:12,101 [WORKER] [INFO] Size: 7470 bytes | SHA-256 match: True
2026-08-12 08:39:12,101 [WORKER] [INFO] Upload started
2026-08-12 08:39:13,714 [WORKER] [INFO] Upload successful
2026-08-12 08:39:13,715 [WORKER] [SUCCESS] Job completed: 4
2026-08-12 08:39:19,837 [WORKER] [INFO] Job claimed: 5
2026-08-12 08:39:19,837 [WORKER] [INFO] MT5 ID: 123456 | Expiry: 2026-09-06 | Plan: Infinity Trader EA - Lifetime
2026-08-12 08:39:19,837 [WORKER] [INFO] Compilation started
2026-08-12 08:39:20,823 [WORKER] [INFO] Compilation successful
2026-08-12 08:39:20,823 [WORKER] [INFO] EX5 generated: C:\mt5-license-system\compiler\output\InfinityTrader_123456_2026-09-06.ex5 (7078 bytes)
2026-08-12 08:39:20,823 [WORKER] [INFO] MT5 deployment started
2026-08-12 08:39:20,823 ============================================================
2026-08-12 08:39:20,823 Starting EX5 deployment
2026-08-12 08:39:20,823 ============================================================
2026-08-12 08:39:20,824 Source EX5       : C:\mt5-license-system\compiler\output\InfinityTrader_123456_2026-09-06.ex5
2026-08-12 08:39:20,824 Source size      : 7078 bytes
2026-08-12 08:39:20,824 Discovering MT5 data folder...
2026-08-12 08:39:20,824 Discovering MT5 data folder under: C:\Users\infinityadmin\AppData\Roaming\MetaQuotes\Terminal
2026-08-12 08:39:20,825 Examined folders: ['Common', 'Community', 'D0E8209F77C8CF37AD8BF550E51FF075']
2026-08-12 08:39:20,825 Valid MT5 instances found: 1
2026-08-12 08:39:20,826 Selected MT5 instance: D0E8209F77C8CF37AD8BF550E51FF075  (score=55)
2026-08-12 08:39:20,826 MT5 data folder  : C:\Users\infinityadmin\AppData\Roaming\MetaQuotes\Terminal\D0E8209F77C8CF37AD8BF550E51FF075
2026-08-12 08:39:20,826 Experts folder   : C:\Users\infinityadmin\AppData\Roaming\MetaQuotes\Terminal\D0E8209F77C8CF37AD8BF550E51FF075\MQL5\Experts
2026-08-12 08:39:20,826 origin.txt points to MT5 install: C:\Program Files\MetaTrader 5
2026-08-12 08:39:20,826 Destination path : C:\Users\infinityadmin\AppData\Roaming\MetaQuotes\Terminal\D0E8209F77C8CF37AD8BF550E51FF075\MQL5\Experts\InfinityTrader_123456_2026-09-06.ex5
2026-08-12 08:39:20,826 Destination file already exists — will overwrite safely
2026-08-12 08:39:20,826 Calculating source SHA-256...
2026-08-12 08:39:20,827 Source SHA-256   : 9006f518f85d9a36ec13f0803dc7bedfe147656b25d9fc8c859ca1babd876cda
2026-08-12 08:39:20,827 Copying EX5 with shutil.copy2()...
2026-08-12 08:39:20,827 Destination size : 7078 bytes
2026-08-12 08:39:20,828 File sizes match [OK]
2026-08-12 08:39:20,828 Calculating destination SHA-256...
2026-08-12 08:39:20,836 Destination SHA-256: 9006f518f85d9a36ec13f0803dc7bedfe147656b25d9fc8c859ca1babd876cda
2026-08-12 08:39:20,836 SHA-256 hashes match [OK]
2026-08-12 08:39:20,836 EX5 deployment completed
2026-08-12 08:39:20,836 ============================================================
2026-08-12 08:39:20,836 [WORKER] [INFO] MT5 deployment successful
2026-08-12 08:39:20,836 [WORKER] [INFO] Deployed to: C:\Users\infinityadmin\AppData\Roaming\MetaQuotes\Terminal\D0E8209F77C8CF37AD8BF550E51FF075\MQL5\Experts\InfinityTrader_123456_2026-09-06.ex5
2026-08-12 08:39:20,836 [WORKER] [INFO] Size: 7078 bytes | SHA-256 match: True
2026-08-12 08:39:20,837 [WORKER] [INFO] Upload started
2026-08-12 08:39:22,592 [WORKER] [INFO] Upload successful
2026-08-12 08:39:22,592 [WORKER] [SUCCESS] Job completed: 5
2026-08-12 08:39:28,723 [WORKER] [INFO] Job claimed: 6
2026-08-12 08:39:28,723 [WORKER] [INFO] MT5 ID: 159753 | Expiry: 2026-09-06 | Plan: Infinity Trader EA - Lifetime
2026-08-12 08:39:28,723 [WORKER] [INFO] Compilation started
2026-08-12 08:39:29,981 [WORKER] [INFO] Compilation successful
2026-08-12 08:39:29,981 [WORKER] [INFO] EX5 generated: C:\mt5-license-system\compiler\output\InfinityTrader_159753_2026-09-06.ex5 (7580 bytes)
2026-08-12 08:39:29,981 [WORKER] [INFO] MT5 deployment started
2026-08-12 08:39:29,981 ============================================================
2026-08-12 08:39:29,981 Starting EX5 deployment
2026-08-12 08:39:29,981 ============================================================
2026-08-12 08:39:29,981 Source EX5       : C:\mt5-license-system\compiler\output\InfinityTrader_159753_2026-09-06.ex5
2026-08-12 08:39:29,982 Source size      : 7580 bytes
2026-08-12 08:39:29,982 Discovering MT5 data folder...
2026-08-12 08:39:29,982 Discovering MT5 data folder under: C:\Users\infinityadmin\AppData\Roaming\MetaQuotes\Terminal
2026-08-12 08:39:29,983 Examined folders: ['Common', 'Community', 'D0E8209F77C8CF37AD8BF550E51FF075']
2026-08-12 08:39:29,983 Valid MT5 instances found: 1
2026-08-12 08:39:29,983 Selected MT5 instance: D0E8209F77C8CF37AD8BF550E51FF075  (score=55)
2026-08-12 08:39:29,983 MT5 data folder  : C:\Users\infinityadmin\AppData\Roaming\MetaQuotes\Terminal\D0E8209F77C8CF37AD8BF550E51FF075
2026-08-12 08:39:29,983 Experts folder   : C:\Users\infinityadmin\AppData\Roaming\MetaQuotes\Terminal\D0E8209F77C8CF37AD8BF550E51FF075\MQL5\Experts
2026-08-12 08:39:29,983 origin.txt points to MT5 install: C:\Program Files\MetaTrader 5
2026-08-12 08:39:29,984 Destination path : C:\Users\infinityadmin\AppData\Roaming\MetaQuotes\Terminal\D0E8209F77C8CF37AD8BF550E51FF075\MQL5\Experts\InfinityTrader_159753_2026-09-06.ex5
2026-08-12 08:39:29,984 Calculating source SHA-256...
2026-08-12 08:39:29,984 Source SHA-256   : 0672c5971c2c8f5666cac8bc5b4675ec65e6d4147f22bc88d89705e6473416d4
2026-08-12 08:39:29,984 Copying EX5 with shutil.copy2()...
2026-08-12 08:39:29,986 Destination size : 7580 bytes
2026-08-12 08:39:29,986 File sizes match [OK]
2026-08-12 08:39:29,986 Calculating destination SHA-256...
2026-08-12 08:39:30,009 Destination SHA-256: 0672c5971c2c8f5666cac8bc5b4675ec65e6d4147f22bc88d89705e6473416d4
2026-08-12 08:39:30,009 SHA-256 hashes match [OK]
2026-08-12 08:39:30,009 EX5 deployment completed
2026-08-12 08:39:30,009 ============================================================
2026-08-12 08:39:30,009 [WORKER] [INFO] MT5 deployment successful
2026-08-12 08:39:30,009 [WORKER] [INFO] Deployed to: C:\Users\infinityadmin\AppData\Roaming\MetaQuotes\Terminal\D0E8209F77C8CF37AD8BF550E51FF075\MQL5\Experts\InfinityTrader_159753_2026-09-06.ex5
2026-08-12 08:39:30,009 [WORKER] [INFO] Size: 7580 bytes | SHA-256 match: True
2026-08-12 08:39:30,009 [WORKER] [INFO] Upload started
2026-08-12 08:39:31,632 [WORKER] [INFO] Upload successful
2026-08-12 08:39:31,632 [WORKER] [SUCCESS] Job completed: 6
2026-08-12 08:39:37,584 [WORKER] [INFO] Job claimed: 39
2026-08-12 08:39:37,584 [WORKER] [INFO] MT5 ID: 357412 | Expiry: 2026-09-09 | Plan: Infinity Trader EA - Lifetime
2026-08-12 08:39:37,584 [WORKER] [INFO] Compilation started
2026-08-12 08:39:38,853 [WORKER] [INFO] Compilation successful
2026-08-12 08:39:38,853 [WORKER] [INFO] EX5 generated: C:\mt5-license-system\compiler\output\InfinityTrader_357412_2026-09-09.ex5 (7594 bytes)
2026-08-12 08:39:38,853 [WORKER] [INFO] MT5 deployment started
2026-08-12 08:39:38,853 ============================================================
2026-08-12 08:39:38,853 Starting EX5 deployment
2026-08-12 08:39:38,853 ============================================================
2026-08-12 08:39:38,853 Source EX5       : C:\mt5-license-system\compiler\output\InfinityTrader_357412_2026-09-09.ex5
2026-08-12 08:39:38,854 Source size      : 7594 bytes
2026-08-12 08:39:38,854 Discovering MT5 data folder...
2026-08-12 08:39:38,854 Discovering MT5 data folder under: C:\Users\infinityadmin\AppData\Roaming\MetaQuotes\Terminal
2026-08-12 08:39:38,856 Examined folders: ['Common', 'Community', 'D0E8209F77C8CF37AD8BF550E51FF075']
2026-08-12 08:39:38,856 Valid MT5 instances found: 1
2026-08-12 08:39:38,856 Selected MT5 instance: D0E8209F77C8CF37AD8BF550E51FF075  (score=55)
2026-08-12 08:39:38,856 MT5 data folder  : C:\Users\infinityadmin\AppData\Roaming\MetaQuotes\Terminal\D0E8209F77C8CF37AD8BF550E51FF075
2026-08-12 08:39:38,856 Experts folder   : C:\Users\infinityadmin\AppData\Roaming\MetaQuotes\Terminal\D0E8209F77C8CF37AD8BF550E51FF075\MQL5\Experts
2026-08-12 08:39:38,857 origin.txt points to MT5 install: C:\Program Files\MetaTrader 5
2026-08-12 08:39:38,858 Destination path : C:\Users\infinityadmin\AppData\Roaming\MetaQuotes\Terminal\D0E8209F77C8CF37AD8BF550E51FF075\MQL5\Experts\InfinityTrader_357412_2026-09-09.ex5
2026-08-12 08:39:38,858 Destination file already exists — will overwrite safely
2026-08-12 08:39:38,858 Calculating source SHA-256...
2026-08-12 08:39:38,858 Source SHA-256   : 4d2d2cd756e9b53d455a1349c5d74f8ac14418e3ea50ad511ac2473e241edac9
2026-08-12 08:39:38,858 Copying EX5 with shutil.copy2()...
2026-08-12 08:39:38,859 Destination size : 7594 bytes
2026-08-12 08:39:38,859 File sizes match [OK]
2026-08-12 08:39:38,859 Calculating destination SHA-256...
2026-08-12 08:39:38,873 Destination SHA-256: 4d2d2cd756e9b53d455a1349c5d74f8ac14418e3ea50ad511ac2473e241edac9
2026-08-12 08:39:38,873 SHA-256 hashes match [OK]
2026-08-12 08:39:38,873 EX5 deployment completed
2026-08-12 08:39:38,873 ============================================================
2026-08-12 08:39:38,873 [WORKER] [INFO] MT5 deployment successful
2026-08-12 08:39:38,873 [WORKER] [INFO] Deployed to: C:\Users\infinityadmin\AppData\Roaming\MetaQuotes\Terminal\D0E8209F77C8CF37AD8BF550E51FF075\MQL5\Experts\InfinityTrader_357412_2026-09-09.ex5
2026-08-12 08:39:38,873 [WORKER] [INFO] Size: 7594 bytes | SHA-256 match: True
2026-08-12 08:39:38,873 [WORKER] [INFO] Upload started
2026-08-12 08:39:41,584 [WORKER] [INFO] Upload successful
2026-08-12 08:39:41,584 [WORKER] [SUCCESS] Job completed: 39
2026-08-12 08:39:47,825 [WORKER] [INFO] Job claimed: 40
2026-08-12 08:39:47,825 [WORKER] [INFO] MT5 ID: 123589 | Expiry: 2026-09-09 | Plan: Infinity Trader EA - Lifetime
2026-08-12 08:39:47,825 [WORKER] [INFO] Compilation started
2026-08-12 08:39:48,952 [WORKER] [INFO] Compilation successful
2026-08-12 08:39:48,952 [WORKER] [INFO] EX5 generated: C:\mt5-license-system\compiler\output\InfinityTrader_123589_2026-09-09.ex5 (7768 bytes)
2026-08-12 08:39:48,952 [WORKER] [INFO] MT5 deployment started
2026-08-12 08:39:48,952 ============================================================
2026-08-12 08:39:48,952 Starting EX5 deployment
2026-08-12 08:39:48,952 ============================================================
2026-08-12 08:39:48,953 Source EX5       : C:\mt5-license-system\compiler\output\InfinityTrader_123589_2026-09-09.ex5
2026-08-12 08:39:48,953 Source size      : 7768 bytes
2026-08-12 08:39:48,953 Discovering MT5 data folder...
2026-08-12 08:39:48,953 Discovering MT5 data folder under: C:\Users\infinityadmin\AppData\Roaming\MetaQuotes\Terminal
2026-08-12 08:39:48,954 Examined folders: ['Common', 'Community', 'D0E8209F77C8CF37AD8BF550E51FF075']
2026-08-12 08:39:48,954 Valid MT5 instances found: 1
2026-08-12 08:39:48,955 Selected MT5 instance: D0E8209F77C8CF37AD8BF550E51FF075  (score=55)
2026-08-12 08:39:48,955 MT5 data folder  : C:\Users\infinityadmin\AppData\Roaming\MetaQuotes\Terminal\D0E8209F77C8CF37AD8BF550E51FF075
2026-08-12 08:39:48,955 Experts folder   : C:\Users\infinityadmin\AppData\Roaming\MetaQuotes\Terminal\D0E8209F77C8CF37AD8BF550E51FF075\MQL5\Experts
2026-08-12 08:39:48,955 origin.txt points to MT5 install: C:\Program Files\MetaTrader 5
2026-08-12 08:39:48,955 Destination path : C:\Users\infinityadmin\AppData\Roaming\MetaQuotes\Terminal\D0E8209F77C8CF37AD8BF550E51FF075\MQL5\Experts\InfinityTrader_123589_2026-09-09.ex5
2026-08-12 08:39:48,955 Destination file already exists — will overwrite safely
2026-08-12 08:39:48,955 Calculating source SHA-256...
2026-08-12 08:39:48,956 Source SHA-256   : 8a29a0be3481ba12b46c0820e5caa8a966f6f0e986609530fecd4522490844ae
2026-08-12 08:39:48,956 Copying EX5 with shutil.copy2()...
2026-08-12 08:39:48,956 Destination size : 7768 bytes
2026-08-12 08:39:48,956 File sizes match [OK]
2026-08-12 08:39:48,957 Calculating destination SHA-256...
2026-08-12 08:39:48,965 Destination SHA-256: 8a29a0be3481ba12b46c0820e5caa8a966f6f0e986609530fecd4522490844ae
2026-08-12 08:39:48,965 SHA-256 hashes match [OK]
2026-08-12 08:39:48,965 EX5 deployment completed
2026-08-12 08:39:48,965 ============================================================
2026-08-12 08:39:48,965 [WORKER] [INFO] MT5 deployment successful
2026-08-12 08:39:48,965 [WORKER] [INFO] Deployed to: C:\Users\infinityadmin\AppData\Roaming\MetaQuotes\Terminal\D0E8209F77C8CF37AD8BF550E51FF075\MQL5\Experts\InfinityTrader_123589_2026-09-09.ex5
2026-08-12 08:39:48,965 [WORKER] [INFO] Size: 7768 bytes | SHA-256 match: True
2026-08-12 08:39:48,965 [WORKER] [INFO] Upload started
2026-08-12 08:39:50,694 [WORKER] [INFO] Upload successful
2026-08-12 08:39:50,695 [WORKER] [SUCCESS] Job completed: 40
2026-08-12 08:39:57,514 [WORKER] [INFO] Job claimed: 21
2026-08-12 08:39:57,514 [WORKER] [INFO] MT5 ID: 3571592 | Expiry: 2026-09-07 | Plan: Infinity Trader EA - Lifetime
2026-08-12 08:39:57,514 [WORKER] [INFO] Compilation started
2026-08-12 08:39:59,399 [WORKER] [INFO] Compilation successful
2026-08-12 08:39:59,399 [WORKER] [INFO] EX5 generated: C:\mt5-license-system\compiler\output\InfinityTrader_3571592_2026-09-07.ex5 (7264 bytes)
2026-08-12 08:39:59,399 [WORKER] [INFO] MT5 deployment started
2026-08-12 08:39:59,399 ============================================================
2026-08-12 08:39:59,399 Starting EX5 deployment
2026-08-12 08:39:59,399 ============================================================
2026-08-12 08:39:59,400 Source EX5       : C:\mt5-license-system\compiler\output\InfinityTrader_3571592_2026-09-07.ex5
2026-08-12 08:39:59,400 Source size      : 7264 bytes
2026-08-12 08:39:59,400 Discovering MT5 data folder...
2026-08-12 08:39:59,400 Discovering MT5 data folder under: C:\Users\infinityadmin\AppData\Roaming\MetaQuotes\Terminal
2026-08-12 08:39:59,401 Examined folders: ['Common', 'Community', 'D0E8209F77C8CF37AD8BF550E51FF075']
2026-08-12 08:39:59,401 Valid MT5 instances found: 1
2026-08-12 08:39:59,402 Selected MT5 instance: D0E8209F77C8CF37AD8BF550E51FF075  (score=55)
2026-08-12 08:39:59,402 MT5 data folder  : C:\Users\infinityadmin\AppData\Roaming\MetaQuotes\Terminal\D0E8209F77C8CF37AD8BF550E51FF075
2026-08-12 08:39:59,402 Experts folder   : C:\Users\infinityadmin\AppData\Roaming\MetaQuotes\Terminal\D0E8209F77C8CF37AD8BF550E51FF075\MQL5\Experts
2026-08-12 08:39:59,402 origin.txt points to MT5 install: C:\Program Files\MetaTrader 5
2026-08-12 08:39:59,403 Destination path : C:\Users\infinityadmin\AppData\Roaming\MetaQuotes\Terminal\D0E8209F77C8CF37AD8BF550E51FF075\MQL5\Experts\InfinityTrader_3571592_2026-09-07.ex5
2026-08-12 08:39:59,403 Calculating source SHA-256...
2026-08-12 08:39:59,403 Source SHA-256   : 627c01dd0a9113e2b31672979d08e22efcfa10875368b7a87dba8b029f6cfac3
2026-08-12 08:39:59,403 Copying EX5 with shutil.copy2()...
2026-08-12 08:39:59,405 Destination size : 7264 bytes
2026-08-12 08:39:59,405 File sizes match [OK]
2026-08-12 08:39:59,405 Calculating destination SHA-256...
2026-08-12 08:39:59,415 Destination SHA-256: 627c01dd0a9113e2b31672979d08e22efcfa10875368b7a87dba8b029f6cfac3
2026-08-12 08:39:59,415 SHA-256 hashes match [OK]
2026-08-12 08:39:59,415 EX5 deployment completed
2026-08-12 08:39:59,415 ============================================================
2026-08-12 08:39:59,415 [WORKER] [INFO] MT5 deployment successful
2026-08-12 08:39:59,415 [WORKER] [INFO] Deployed to: C:\Users\infinityadmin\AppData\Roaming\MetaQuotes\Terminal\D0E8209F77C8CF37AD8BF550E51FF075\MQL5\Experts\InfinityTrader_3571592_2026-09-07.ex5
2026-08-12 08:39:59,415 [WORKER] [INFO] Size: 7264 bytes | SHA-256 match: True
2026-08-12 08:39:59,415 [WORKER] [INFO] Upload started
2026-08-12 08:40:01,306 [WORKER] [INFO] Upload successful
2026-08-12 08:40:01,306 [WORKER] [SUCCESS] Job completed: 21
2026-08-12 08:40:07,665 [WORKER] [INFO] Job claimed: 33
2026-08-12 08:40:07,665 [WORKER] [INFO] MT5 ID: 357896 | Expiry: 2026-09-08 | Plan: Infinity Trader EA - 3 Months
2026-08-12 08:40:07,665 [WORKER] [INFO] Compilation started
2026-08-12 08:40:08,473 [WORKER] [INFO] Compilation successful
2026-08-12 08:40:08,473 [WORKER] [INFO] EX5 generated: C:\mt5-license-system\compiler\output\InfinityTrader_357896_2026-09-08.ex5 (7306 bytes)
2026-08-12 08:40:08,474 [WORKER] [INFO] MT5 deployment started
2026-08-12 08:40:08,474 ============================================================
2026-08-12 08:40:08,474 Starting EX5 deployment
2026-08-12 08:40:08,474 ============================================================
2026-08-12 08:40:08,474 Source EX5       : C:\mt5-license-system\compiler\output\InfinityTrader_357896_2026-09-08.ex5
2026-08-12 08:40:08,474 Source size      : 7306 bytes
2026-08-12 08:40:08,474 Discovering MT5 data folder...
2026-08-12 08:40:08,474 Discovering MT5 data folder under: C:\Users\infinityadmin\AppData\Roaming\MetaQuotes\Terminal
2026-08-12 08:40:08,476 Examined folders: ['Common', 'Community', 'D0E8209F77C8CF37AD8BF550E51FF075']
2026-08-12 08:40:08,476 Valid MT5 instances found: 1
2026-08-12 08:40:08,477 Selected MT5 instance: D0E8209F77C8CF37AD8BF550E51FF075  (score=55)
2026-08-12 08:40:08,477 MT5 data folder  : C:\Users\infinityadmin\AppData\Roaming\MetaQuotes\Terminal\D0E8209F77C8CF37AD8BF550E51FF075
2026-08-12 08:40:08,477 Experts folder   : C:\Users\infinityadmin\AppData\Roaming\MetaQuotes\Terminal\D0E8209F77C8CF37AD8BF550E51FF075\MQL5\Experts
2026-08-12 08:40:08,477 origin.txt points to MT5 install: C:\Program Files\MetaTrader 5
2026-08-12 08:40:08,477 Destination path : C:\Users\infinityadmin\AppData\Roaming\MetaQuotes\Terminal\D0E8209F77C8CF37AD8BF550E51FF075\MQL5\Experts\InfinityTrader_357896_2026-09-08.ex5
2026-08-12 08:40:08,477 Destination file already exists — will overwrite safely
2026-08-12 08:40:08,478 Calculating source SHA-256...
2026-08-12 08:40:08,478 Source SHA-256   : 583f8dfe2780eb1a5bb3a2e9478a98e6c5dfaa83e8657a464db1647a3503ea7f
2026-08-12 08:40:08,478 Copying EX5 with shutil.copy2()...
2026-08-12 08:40:08,479 Destination size : 7306 bytes
2026-08-12 08:40:08,479 File sizes match [OK]
2026-08-12 08:40:08,479 Calculating destination SHA-256...
2026-08-12 08:40:08,486 Destination SHA-256: 583f8dfe2780eb1a5bb3a2e9478a98e6c5dfaa83e8657a464db1647a3503ea7f
2026-08-12 08:40:08,486 SHA-256 hashes match [OK]
2026-08-12 08:40:08,486 EX5 deployment completed
2026-08-12 08:40:08,486 ============================================================
2026-08-12 08:40:08,486 [WORKER] [INFO] MT5 deployment successful
2026-08-12 08:40:08,486 [WORKER] [INFO] Deployed to: C:\Users\infinityadmin\AppData\Roaming\MetaQuotes\Terminal\D0E8209F77C8CF37AD8BF550E51FF075\MQL5\Experts\InfinityTrader_357896_2026-09-08.ex5
2026-08-12 08:40:08,487 [WORKER] [INFO] Size: 7306 bytes | SHA-256 match: True
2026-08-12 08:40:08,487 [WORKER] [INFO] Upload started
2026-08-12 08:40:10,534 [WORKER] [INFO] Upload successful
2026-08-12 08:40:10,535 [WORKER] [SUCCESS] Job completed: 33
2026-08-12 08:40:16,494 [WORKER] [INFO] Job claimed: 22
2026-08-12 08:40:16,494 [WORKER] [INFO] MT5 ID: 123548 | Expiry: 2026-09-07 | Plan: Infinity Trader EA - Lifetime
2026-08-12 08:40:16,494 [WORKER] [INFO] Compilation started
2026-08-12 08:40:17,348 [WORKER] [INFO] Compilation successful
2026-08-12 08:40:17,348 [WORKER] [INFO] EX5 generated: C:\mt5-license-system\compiler\output\InfinityTrader_123548_2026-09-07.ex5 (6796 bytes)
2026-08-12 08:40:17,349 [WORKER] [INFO] MT5 deployment started
2026-08-12 08:40:17,349 ============================================================
2026-08-12 08:40:17,349 Starting EX5 deployment
2026-08-12 08:40:17,349 ============================================================
2026-08-12 08:40:17,349 Source EX5       : C:\mt5-license-system\compiler\output\InfinityTrader_123548_2026-09-07.ex5
2026-08-12 08:40:17,349 Source size      : 6796 bytes
2026-08-12 08:40:17,349 Discovering MT5 data folder...
2026-08-12 08:40:17,349 Discovering MT5 data folder under: C:\Users\infinityadmin\AppData\Roaming\MetaQuotes\Terminal
2026-08-12 08:40:17,351 Examined folders: ['Common', 'Community', 'D0E8209F77C8CF37AD8BF550E51FF075']
2026-08-12 08:40:17,351 Valid MT5 instances found: 1
2026-08-12 08:40:17,351 Selected MT5 instance: D0E8209F77C8CF37AD8BF550E51FF075  (score=55)
2026-08-12 08:40:17,351 MT5 data folder  : C:\Users\infinityadmin\AppData\Roaming\MetaQuotes\Terminal\D0E8209F77C8CF37AD8BF550E51FF075
2026-08-12 08:40:17,351 Experts folder   : C:\Users\infinityadmin\AppData\Roaming\MetaQuotes\Terminal\D0E8209F77C8CF37AD8BF550E51FF075\MQL5\Experts
2026-08-12 08:40:17,351 origin.txt points to MT5 install: C:\Program Files\MetaTrader 5
2026-08-12 08:40:17,352 Destination path : C:\Users\infinityadmin\AppData\Roaming\MetaQuotes\Terminal\D0E8209F77C8CF37AD8BF550E51FF075\MQL5\Experts\InfinityTrader_123548_2026-09-07.ex5
2026-08-12 08:40:17,352 Destination file already exists — will overwrite safely
2026-08-12 08:40:17,352 Calculating source SHA-256...
2026-08-12 08:40:17,352 Source SHA-256   : f48c23a678b551149f1fd5244237303e3228f0ddd4c373df85ff244ad3d3fc9d
2026-08-12 08:40:17,352 Copying EX5 with shutil.copy2()...
2026-08-12 08:40:17,353 Destination size : 6796 bytes
2026-08-12 08:40:17,353 File sizes match [OK]
2026-08-12 08:40:17,353 Calculating destination SHA-256...
2026-08-12 08:40:17,360 Destination SHA-256: f48c23a678b551149f1fd5244237303e3228f0ddd4c373df85ff244ad3d3fc9d
2026-08-12 08:40:17,360 SHA-256 hashes match [OK]
2026-08-12 08:40:17,361 EX5 deployment completed
2026-08-12 08:40:17,361 ============================================================
2026-08-12 08:40:17,361 [WORKER] [INFO] MT5 deployment successful
2026-08-12 08:40:17,361 [WORKER] [INFO] Deployed to: C:\Users\infinityadmin\AppData\Roaming\MetaQuotes\Terminal\D0E8209F77C8CF37AD8BF550E51FF075\MQL5\Experts\InfinityTrader_123548_2026-09-07.ex5
2026-08-12 08:40:17,361 [WORKER] [INFO] Size: 6796 bytes | SHA-256 match: True
2026-08-12 08:40:17,361 [WORKER] [INFO] Upload started
2026-08-12 08:40:19,248 [WORKER] [INFO] Upload successful
2026-08-12 08:40:19,249 [WORKER] [SUCCESS] Job completed: 22
2026-08-12 08:40:25,242 [WORKER] [INFO] Job claimed: 37
2026-08-12 08:40:25,242 [WORKER] [INFO] MT5 ID: 25836914 | Expiry: 2026-09-09 | Plan: Infinity Trader EA - Lifetime
2026-08-12 08:40:25,242 [WORKER] [INFO] Compilation started
2026-08-12 08:40:26,574 [WORKER] [INFO] Compilation successful
2026-08-12 08:40:26,574 [WORKER] [INFO] EX5 generated: C:\mt5-license-system\compiler\output\InfinityTrader_25836914_2026-09-09.ex5 (7064 bytes)
2026-08-12 08:40:26,574 [WORKER] [INFO] MT5 deployment started
2026-08-12 08:40:26,574 ============================================================
2026-08-12 08:40:26,574 Starting EX5 deployment
2026-08-12 08:40:26,574 ============================================================
2026-08-12 08:40:26,574 Source EX5       : C:\mt5-license-system\compiler\output\InfinityTrader_25836914_2026-09-09.ex5
2026-08-12 08:40:26,574 Source size      : 7064 bytes
2026-08-12 08:40:26,574 Discovering MT5 data folder...
2026-08-12 08:40:26,574 Discovering MT5 data folder under: C:\Users\infinityadmin\AppData\Roaming\MetaQuotes\Terminal
2026-08-12 08:40:26,576 Examined folders: ['Common', 'Community', 'D0E8209F77C8CF37AD8BF550E51FF075']
2026-08-12 08:40:26,576 Valid MT5 instances found: 1
2026-08-12 08:40:26,577 Selected MT5 instance: D0E8209F77C8CF37AD8BF550E51FF075  (score=55)
2026-08-12 08:40:26,577 MT5 data folder  : C:\Users\infinityadmin\AppData\Roaming\MetaQuotes\Terminal\D0E8209F77C8CF37AD8BF550E51FF075
2026-08-12 08:40:26,577 Experts folder   : C:\Users\infinityadmin\AppData\Roaming\MetaQuotes\Terminal\D0E8209F77C8CF37AD8BF550E51FF075\MQL5\Experts
2026-08-12 08:40:26,577 origin.txt points to MT5 install: C:\Program Files\MetaTrader 5
2026-08-12 08:40:26,579 Destination path : C:\Users\infinityadmin\AppData\Roaming\MetaQuotes\Terminal\D0E8209F77C8CF37AD8BF550E51FF075\MQL5\Experts\InfinityTrader_25836914_2026-09-09.ex5
2026-08-12 08:40:26,579 Destination file already exists — will overwrite safely
2026-08-12 08:40:26,579 Calculating source SHA-256...
2026-08-12 08:40:26,579 Source SHA-256   : ed72815de277ac02af666926c22fc814cceec76c3dc3351628a7571f573c717e
2026-08-12 08:40:26,579 Copying EX5 with shutil.copy2()...
2026-08-12 08:40:26,580 Destination size : 7064 bytes
2026-08-12 08:40:26,580 File sizes match [OK]
2026-08-12 08:40:26,580 Calculating destination SHA-256...
2026-08-12 08:40:26,588 Destination SHA-256: ed72815de277ac02af666926c22fc814cceec76c3dc3351628a7571f573c717e
2026-08-12 08:40:26,588 SHA-256 hashes match [OK]
2026-08-12 08:40:26,588 EX5 deployment completed
2026-08-12 08:40:26,588 ============================================================
2026-08-12 08:40:26,588 [WORKER] [INFO] MT5 deployment successful
2026-08-12 08:40:26,588 [WORKER] [INFO] Deployed to: C:\Users\infinityadmin\AppData\Roaming\MetaQuotes\Terminal\D0E8209F77C8CF37AD8BF550E51FF075\MQL5\Experts\InfinityTrader_25836914_2026-09-09.ex5
2026-08-12 08:40:26,588 [WORKER] [INFO] Size: 7064 bytes | SHA-256 match: True
2026-08-12 08:40:26,588 [WORKER] [INFO] Upload started
2026-08-12 08:40:29,150 [WORKER] [INFO] Upload successful
2026-08-12 08:40:29,150 [WORKER] [SUCCESS] Job completed: 37
2026-08-12 08:40:35,149 [WORKER] [ERROR] Job 84 has no expiry_date — cannot compile. Reporting failure.
2026-08-12 08:40:36,163 [WORKER] [INFO] Failure reported to API for job 84
2026-08-12 08:40:42,274 [WORKER] [ERROR] Malformed job payload (missing job_id or mt5_id): {'job_id': 67, 'license_id': 63, 'mt5_id': '', 'expiry_date': '2026-09-12', 'plan': 'Infinity Trader EA - Lifetime'}
2026-08-12 08:40:48,200 [WORKER] [ERROR] Malformed job payload (missing job_id or mt5_id): {'job_id': 68, 'license_id': 64, 'mt5_id': '', 'expiry_date': '2026-09-12', 'plan': 'Infinity Trader EA - Lifetime'}
2026-08-12 08:40:53,956 [WORKER] [ERROR] Malformed job payload (missing job_id or mt5_id): {'job_id': 69, 'license_id': 65, 'mt5_id': '', 'expiry_date': '2026-09-12', 'plan': 'Infinity Trader EA - Lifetime'}
2026-08-12 08:41:00,168 [WORKER] [ERROR] Job 73 has no expiry_date — cannot compile. Reporting failure.
2026-08-12 08:41:01,132 [WORKER] [INFO] Failure reported to API for job 73
2026-08-12 08:41:07,092 [WORKER] [ERROR] Job 74 has no expiry_date — cannot compile. Reporting failure.
2026-08-12 08:41:08,058 [WORKER] [INFO] Failure reported to API for job 74
2026-08-12 08:41:14,428 [WORKER] [ERROR] Job 72 has no expiry_date — cannot compile. Reporting failure.
2026-08-12 08:41:15,501 [WORKER] [INFO] Failure reported to API for job 72
2026-08-12 08:41:21,457 [WORKER] [ERROR] Job 75 has no expiry_date — cannot compile. Reporting failure.
2026-08-12 08:41:22,517 [WORKER] [INFO] Failure reported to API for job 75
2026-08-12 08:41:28,425 [WORKER] [ERROR] Job 76 has no expiry_date — cannot compile. Reporting failure.
2026-08-12 08:41:29,554 [WORKER] [INFO] Failure reported to API for job 76
2026-08-12 08:41:35,464 [WORKER] [ERROR] Job 78 has no expiry_date — cannot compile. Reporting failure.
2026-08-12 08:41:36,417 [WORKER] [INFO] Failure reported to API for job 78
2026-08-12 08:41:42,325 [WORKER] [ERROR] Job 79 has no expiry_date — cannot compile. Reporting failure.
2026-08-12 08:41:43,433 [WORKER] [INFO] Failure reported to API for job 79
2026-08-12 08:41:49,455 [WORKER] [ERROR] Job 81 has no expiry_date — cannot compile. Reporting failure.
2026-08-12 08:41:50,401 [WORKER] [INFO] Failure reported to API for job 81
2026-08-12 08:41:56,910 [WORKER] [ERROR] Job 82 has no expiry_date — cannot compile. Reporting failure.
2026-08-12 08:41:57,950 [WORKER] [INFO] Failure reported to API for job 82
2026-08-12 08:42:03,923 [WORKER] [ERROR] Job 83 has no expiry_date — cannot compile. Reporting failure.
2026-08-12 08:42:05,506 [WORKER] [INFO] Failure reported to API for job 83
2026-08-12 08:42:17,145 [WORKER] [ERROR] Job 73 has no expiry_date — cannot compile. Reporting failure.
2026-08-12 08:42:18,075 [WORKER] [INFO] Failure reported to API for job 73
2026-08-12 08:42:24,061 [WORKER] [ERROR] Job 81 has no expiry_date — cannot compile. Reporting failure.
2026-08-12 08:42:25,068 [WORKER] [INFO] Failure reported to API for job 81
2026-08-12 08:42:31,004 [WORKER] [ERROR] Job 74 has no expiry_date — cannot compile. Reporting failure.
2026-08-12 08:42:31,952 [WORKER] [INFO] Failure reported to API for job 74
2026-08-12 08:42:37,952 [WORKER] [ERROR] Job 72 has no expiry_date — cannot compile. Reporting failure.
2026-08-12 08:42:38,958 [WORKER] [INFO] Failure reported to API for job 72
2026-08-12 08:42:45,132 [WORKER] [ERROR] Job 82 has no expiry_date — cannot compile. Reporting failure.
2026-08-12 08:42:46,250 [WORKER] [INFO] Failure reported to API for job 82
2026-08-12 08:42:52,184 [WORKER] [ERROR] Job 75 has no expiry_date — cannot compile. Reporting failure.
2026-08-12 08:42:53,094 [WORKER] [INFO] Failure reported to API for job 75
2026-08-12 08:42:58,839 [WORKER] [ERROR] Job 83 has no expiry_date — cannot compile. Reporting failure.
2026-08-12 08:42:59,857 [WORKER] [INFO] Failure reported to API for job 83
2026-08-12 08:43:05,815 [WORKER] [ERROR] Malformed job payload (missing job_id or mt5_id): {'job_id': 67, 'license_id': 63, 'mt5_id': '', 'expiry_date': '2026-09-12', 'plan': 'Infinity Trader EA - Lifetime'}
2026-08-12 08:43:11,727 [WORKER] [ERROR] Malformed job payload (missing job_id or mt5_id): {'job_id': 69, 'license_id': 65, 'mt5_id': '', 'expiry_date': '2026-09-12', 'plan': 'Infinity Trader EA - Lifetime'}
2026-08-12 08:43:17,642 [WORKER] [ERROR] Job 78 has no expiry_date — cannot compile. Reporting failure.
2026-08-12 08:43:18,559 [WORKER] [INFO] Failure reported to API for job 78
2026-08-12 08:43:24,470 [WORKER] [ERROR] Job 79 has no expiry_date — cannot compile. Reporting failure.
2026-08-12 08:43:25,535 [WORKER] [INFO] Failure reported to API for job 79
2026-08-12 08:47:06,556 [WORKER] [INFO] Starting
2026-08-12 08:47:06,557 [WORKER] [INFO] Worker ID      : windows-worker-01
2026-08-12 08:47:06,557 [WORKER] [INFO] API base URL   : https://infinity-trader-api.onrender.com/api/v1
2026-08-12 08:47:06,557 [WORKER] [INFO] Compiler dir   : C:\mt5-license-system\compiler
2026-08-12 08:47:06,557 [WORKER] [INFO] MetaEditor     : C:\Program Files\MetaTrader 5\metaeditor64.exe
2026-08-12 08:47:06,557 [WORKER] [INFO] Poll interval  : 5s
2026-08-12 08:47:06,571 [WORKER] [INFO] compile_ea imported successfully
2026-08-12 08:47:06,571 [WORKER] [INFO] deploy_ex5 imported successfully
2026-08-12 08:47:06,571 [WORKER] [INFO] MetaEditor found: C:\Program Files\MetaTrader 5\metaeditor64.exe
2026-08-12 08:47:06,571 Discovering MT5 data folder under: C:\Users\infinityadmin\AppData\Roaming\MetaQuotes\Terminal
2026-08-12 08:47:06,578 Examined folders: ['Common', 'Community', 'D0E8209F77C8CF37AD8BF550E51FF075']
2026-08-12 08:47:06,578 Valid MT5 instances found: 1
2026-08-12 08:47:06,578 Selected MT5 instance: D0E8209F77C8CF37AD8BF550E51FF075  (score=55)
2026-08-12 08:47:06,578 MT5 data folder  : C:\Users\infinityadmin\AppData\Roaming\MetaQuotes\Terminal\D0E8209F77C8CF37AD8BF550E51FF075
2026-08-12 08:47:06,579 Experts folder   : C:\Users\infinityadmin\AppData\Roaming\MetaQuotes\Terminal\D0E8209F77C8CF37AD8BF550E51FF075\MQL5\Experts
2026-08-12 08:47:06,579 origin.txt points to MT5 install: C:\Program Files\MetaTrader 5
2026-08-12 08:47:06,579 [WORKER] [INFO] MT5 instance: D0E8209F77C8CF37AD8BF550E51FF075
2026-08-12 08:47:06,579 [WORKER] [INFO] Experts folder: C:\Users\infinityadmin\AppData\Roaming\MetaQuotes\Terminal\D0E8209F77C8CF37AD8BF550E51FF075\MQL5\Experts
2026-08-12 08:47:06,580 [WORKER] [INFO] All prerequisites verified
2026-08-12 08:47:07,674 [WORKER] [INFO] API connected
2026-08-12 08:47:07,674 [WORKER] [INFO] Polling for jobs
2026-08-12 08:47:20,849 [WORKER] [INFO] Job 72: expiry_date is None — treating as LIFETIME license
2026-08-12 08:47:20,849 [WORKER] [INFO] Job claimed: 72
2026-08-12 08:47:20,849 [WORKER] [INFO] MT5 ID: 123456782 | Expiry: lifetime | Plan: Infinity Trader EA - Lifetime
2026-08-12 08:47:20,849 [WORKER] [INFO] Job 72: expiry_date is None/empty — treating as LIFETIME license
2026-08-12 08:47:20,849 [WORKER] [INFO] Compilation started
2026-08-12 08:47:22,635 [WORKER] [INFO] Compilation successful
2026-08-12 08:47:22,636 [WORKER] [INFO] EX5 generated: C:\mt5-license-system\compiler\output\InfinityTrader_123456782_lifetime.ex5 (7146 bytes)
2026-08-12 08:47:22,636 [WORKER] [INFO] MT5 deployment started
2026-08-12 08:47:22,636 ============================================================
2026-08-12 08:47:22,636 Starting EX5 deployment
2026-08-12 08:47:22,636 ============================================================
2026-08-12 08:47:22,636 Source EX5       : C:\mt5-license-system\compiler\output\InfinityTrader_123456782_lifetime.ex5
2026-08-12 08:47:22,637 Source size      : 7146 bytes
2026-08-12 08:47:22,637 Discovering MT5 data folder...
2026-08-12 08:47:22,637 Discovering MT5 data folder under: C:\Users\infinityadmin\AppData\Roaming\MetaQuotes\Terminal
2026-08-12 08:47:22,638 Examined folders: ['Common', 'Community', 'D0E8209F77C8CF37AD8BF550E51FF075']
2026-08-12 08:47:22,638 Valid MT5 instances found: 1
2026-08-12 08:47:22,639 Selected MT5 instance: D0E8209F77C8CF37AD8BF550E51FF075  (score=55)
2026-08-12 08:47:22,639 MT5 data folder  : C:\Users\infinityadmin\AppData\Roaming\MetaQuotes\Terminal\D0E8209F77C8CF37AD8BF550E51FF075
2026-08-12 08:47:22,639 Experts folder   : C:\Users\infinityadmin\AppData\Roaming\MetaQuotes\Terminal\D0E8209F77C8CF37AD8BF550E51FF075\MQL5\Experts
2026-08-12 08:47:22,639 origin.txt points to MT5 install: C:\Program Files\MetaTrader 5
2026-08-12 08:47:22,640 Destination path : C:\Users\infinityadmin\AppData\Roaming\MetaQuotes\Terminal\D0E8209F77C8CF37AD8BF550E51FF075\MQL5\Experts\InfinityTrader_123456782_lifetime.ex5
2026-08-12 08:47:22,640 Calculating source SHA-256...
2026-08-12 08:47:22,641 Source SHA-256   : f773432c6261193b8fadd8099538563139c27ad45fc8bd47a6e8e394965870b6
2026-08-12 08:47:22,641 Copying EX5 with shutil.copy2()...
2026-08-12 08:47:22,644 Destination size : 7146 bytes
2026-08-12 08:47:22,644 File sizes match [OK]
2026-08-12 08:47:22,644 Calculating destination SHA-256...
2026-08-12 08:47:22,653 Destination SHA-256: f773432c6261193b8fadd8099538563139c27ad45fc8bd47a6e8e394965870b6
2026-08-12 08:47:22,653 SHA-256 hashes match [OK]
2026-08-12 08:47:22,653 EX5 deployment completed
2026-08-12 08:47:22,653 ============================================================
2026-08-12 08:47:22,653 [WORKER] [INFO] MT5 deployment successful
2026-08-12 08:47:22,653 [WORKER] [INFO] Deployed to: C:\Users\infinityadmin\AppData\Roaming\MetaQuotes\Terminal\D0E8209F77C8CF37AD8BF550E51FF075\MQL5\Experts\InfinityTrader_123456782_lifetime.ex5
2026-08-12 08:47:22,653 [WORKER] [INFO] Size: 7146 bytes | SHA-256 match: True
2026-08-12 08:47:22,653 [WORKER] [INFO] Upload started
2026-08-12 08:47:26,688 [WORKER] [INFO] Upload successful
2026-08-12 08:47:26,688 [WORKER] [SUCCESS] Job completed: 72
2026-08-12 08:47:32,702 [WORKER] [INFO] Job 78: expiry_date is None — treating as LIFETIME license
2026-08-12 08:47:32,702 [WORKER] [INFO] Job claimed: 78
2026-08-12 08:47:32,702 [WORKER] [INFO] MT5 ID: 123456874 | Expiry: lifetime | Plan: Infinity Trader EA - Lifetime
2026-08-12 08:47:32,702 [WORKER] [INFO] Job 78: expiry_date is None/empty — treating as LIFETIME license
2026-08-12 08:47:32,702 [WORKER] [INFO] Compilation started
2026-08-12 08:47:33,857 [WORKER] [INFO] Compilation successful
2026-08-12 08:47:33,857 [WORKER] [INFO] EX5 generated: C:\mt5-license-system\compiler\output\InfinityTrader_123456874_lifetime.ex5 (6980 bytes)
2026-08-12 08:47:33,857 [WORKER] [INFO] MT5 deployment started
2026-08-12 08:47:33,858 ============================================================
2026-08-12 08:47:33,858 Starting EX5 deployment
2026-08-12 08:47:33,858 ============================================================
2026-08-12 08:47:33,858 Source EX5       : C:\mt5-license-system\compiler\output\InfinityTrader_123456874_lifetime.ex5
2026-08-12 08:47:33,858 Source size      : 6980 bytes
2026-08-12 08:47:33,858 Discovering MT5 data folder...
2026-08-12 08:47:33,859 Discovering MT5 data folder under: C:\Users\infinityadmin\AppData\Roaming\MetaQuotes\Terminal
2026-08-12 08:47:33,860 Examined folders: ['Common', 'Community', 'D0E8209F77C8CF37AD8BF550E51FF075']
2026-08-12 08:47:33,860 Valid MT5 instances found: 1
2026-08-12 08:47:33,861 Selected MT5 instance: D0E8209F77C8CF37AD8BF550E51FF075  (score=55)
2026-08-12 08:47:33,861 MT5 data folder  : C:\Users\infinityadmin\AppData\Roaming\MetaQuotes\Terminal\D0E8209F77C8CF37AD8BF550E51FF075
2026-08-12 08:47:33,861 Experts folder   : C:\Users\infinityadmin\AppData\Roaming\MetaQuotes\Terminal\D0E8209F77C8CF37AD8BF550E51FF075\MQL5\Experts
2026-08-12 08:47:33,861 origin.txt points to MT5 install: C:\Program Files\MetaTrader 5
2026-08-12 08:47:33,862 Destination path : C:\Users\infinityadmin\AppData\Roaming\MetaQuotes\Terminal\D0E8209F77C8CF37AD8BF550E51FF075\MQL5\Experts\InfinityTrader_123456874_lifetime.ex5
2026-08-12 08:47:33,862 Calculating source SHA-256...
2026-08-12 08:47:33,862 Source SHA-256   : 77f8cbbaa9d9a4a38ba47eb26b5707d5969ebe83619deed4c8ad8c2aaa2b3d86
2026-08-12 08:47:33,862 Copying EX5 with shutil.copy2()...
2026-08-12 08:47:33,863 Destination size : 6980 bytes
2026-08-12 08:47:33,864 File sizes match [OK]
2026-08-12 08:47:33,864 Calculating destination SHA-256...
2026-08-12 08:47:33,872 Destination SHA-256: 77f8cbbaa9d9a4a38ba47eb26b5707d5969ebe83619deed4c8ad8c2aaa2b3d86
2026-08-12 08:47:33,872 SHA-256 hashes match [OK]
2026-08-12 08:47:33,872 EX5 deployment completed
2026-08-12 08:47:33,872 ============================================================
2026-08-12 08:47:33,872 [WORKER] [INFO] MT5 deployment successful
2026-08-12 08:47:33,872 [WORKER] [INFO] Deployed to: C:\Users\infinityadmin\AppData\Roaming\MetaQuotes\Terminal\D0E8209F77C8CF37AD8BF550E51FF075\MQL5\Experts\InfinityTrader_123456874_lifetime.ex5
2026-08-12 08:47:33,872 [WORKER] [INFO] Size: 6980 bytes | SHA-256 match: True
2026-08-12 08:47:33,873 [WORKER] [INFO] Upload started
2026-08-12 08:47:36,275 [WORKER] [INFO] Upload successful
2026-08-12 08:47:36,275 [WORKER] [SUCCESS] Job completed: 78
2026-08-12 08:47:42,214 [WORKER] [INFO] Job 82: expiry_date is None — treating as LIFETIME license
2026-08-12 08:47:42,215 [WORKER] [INFO] Job claimed: 82
2026-08-12 08:47:42,215 [WORKER] [INFO] MT5 ID: 5698741256 | Expiry: lifetime | Plan: Infinity Trader EA - Lifetime
2026-08-12 08:47:42,215 [WORKER] [INFO] Job 82: expiry_date is None/empty — treating as LIFETIME license
2026-08-12 08:47:42,215 [WORKER] [INFO] Compilation started
2026-08-12 08:47:43,246 [WORKER] [INFO] Compilation successful
2026-08-12 08:47:43,246 [WORKER] [INFO] EX5 generated: C:\mt5-license-system\compiler\output\InfinityTrader_5698741256_lifetime.ex5 (6272 bytes)
2026-08-12 08:47:43,246 [WORKER] [INFO] MT5 deployment started
2026-08-12 08:47:43,246 ============================================================
2026-08-12 08:47:43,246 Starting EX5 deployment
2026-08-12 08:47:43,246 ============================================================
2026-08-12 08:47:43,247 Source EX5       : C:\mt5-license-system\compiler\output\InfinityTrader_5698741256_lifetime.ex5
2026-08-12 08:47:43,247 Source size      : 6272 bytes
2026-08-12 08:47:43,247 Discovering MT5 data folder...
2026-08-12 08:47:43,247 Discovering MT5 data folder under: C:\Users\infinityadmin\AppData\Roaming\MetaQuotes\Terminal
2026-08-12 08:47:43,248 Examined folders: ['Common', 'Community', 'D0E8209F77C8CF37AD8BF550E51FF075']
2026-08-12 08:47:43,249 Valid MT5 instances found: 1
2026-08-12 08:47:43,249 Selected MT5 instance: D0E8209F77C8CF37AD8BF550E51FF075  (score=55)
2026-08-12 08:47:43,249 MT5 data folder  : C:\Users\infinityadmin\AppData\Roaming\MetaQuotes\Terminal\D0E8209F77C8CF37AD8BF550E51FF075
2026-08-12 08:47:43,249 Experts folder   : C:\Users\infinityadmin\AppData\Roaming\MetaQuotes\Terminal\D0E8209F77C8CF37AD8BF550E51FF075\MQL5\Experts
2026-08-12 08:47:43,249 origin.txt points to MT5 install: C:\Program Files\MetaTrader 5
2026-08-12 08:47:43,250 Destination path : C:\Users\infinityadmin\AppData\Roaming\MetaQuotes\Terminal\D0E8209F77C8CF37AD8BF550E51FF075\MQL5\Experts\InfinityTrader_5698741256_lifetime.ex5
2026-08-12 08:47:43,250 Calculating source SHA-256...
2026-08-12 08:47:43,250 Source SHA-256   : bf6e5f56a359ee5513362329ac08e24daf621acd9d752827ead4fad68dcba3ee
2026-08-12 08:47:43,250 Copying EX5 with shutil.copy2()...
2026-08-12 08:47:43,255 Destination size : 6272 bytes
2026-08-12 08:47:43,255 File sizes match [OK]
2026-08-12 08:47:43,255 Calculating destination SHA-256...
2026-08-12 08:47:43,265 Destination SHA-256: bf6e5f56a359ee5513362329ac08e24daf621acd9d752827ead4fad68dcba3ee
2026-08-12 08:47:43,265 SHA-256 hashes match [OK]
2026-08-12 08:47:43,265 EX5 deployment completed
2026-08-12 08:47:43,265 ============================================================
2026-08-12 08:47:43,265 [WORKER] [INFO] MT5 deployment successful
2026-08-12 08:47:43,265 [WORKER] [INFO] Deployed to: C:\Users\infinityadmin\AppData\Roaming\MetaQuotes\Terminal\D0E8209F77C8CF37AD8BF550E51FF075\MQL5\Experts\InfinityTrader_5698741256_lifetime.ex5
2026-08-12 08:47:43,265 [WORKER] [INFO] Size: 6272 bytes | SHA-256 match: True
2026-08-12 08:47:43,265 [WORKER] [INFO] Upload started
2026-08-12 08:47:45,200 [WORKER] [INFO] Upload successful
2026-08-12 08:47:45,201 [WORKER] [SUCCESS] Job completed: 82
2026-08-12 08:47:51,127 [WORKER] [INFO] Job 79: expiry_date is None — treating as LIFETIME license
2026-08-12 08:47:51,128 [WORKER] [INFO] Job claimed: 79
2026-08-12 08:47:51,128 [WORKER] [INFO] MT5 ID: 123456874 | Expiry: lifetime | Plan: Infinity Trader EA - Lifetime
2026-08-12 08:47:51,128 [WORKER] [INFO] Job 79: expiry_date is None/empty — treating as LIFETIME license
2026-08-12 08:47:51,128 [WORKER] [INFO] Compilation started
2026-08-12 08:47:52,204 [WORKER] [INFO] Compilation successful
2026-08-12 08:47:52,204 [WORKER] [INFO] EX5 generated: C:\mt5-license-system\compiler\output\InfinityTrader_123456874_lifetime.ex5 (7248 bytes)
2026-08-12 08:47:52,204 [WORKER] [INFO] MT5 deployment started
2026-08-12 08:47:52,204 ============================================================
2026-08-12 08:47:52,204 Starting EX5 deployment
2026-08-12 08:47:52,204 ============================================================
2026-08-12 08:47:52,204 Source EX5       : C:\mt5-license-system\compiler\output\InfinityTrader_123456874_lifetime.ex5
2026-08-12 08:47:52,205 Source size      : 7248 bytes
2026-08-12 08:47:52,205 Discovering MT5 data folder...
2026-08-12 08:47:52,205 Discovering MT5 data folder under: C:\Users\infinityadmin\AppData\Roaming\MetaQuotes\Terminal
2026-08-12 08:47:52,207 Examined folders: ['Common', 'Community', 'D0E8209F77C8CF37AD8BF550E51FF075']
2026-08-12 08:47:52,207 Valid MT5 instances found: 1
2026-08-12 08:47:52,207 Selected MT5 instance: D0E8209F77C8CF37AD8BF550E51FF075  (score=55)
2026-08-12 08:47:52,207 MT5 data folder  : C:\Users\infinityadmin\AppData\Roaming\MetaQuotes\Terminal\D0E8209F77C8CF37AD8BF550E51FF075
2026-08-12 08:47:52,207 Experts folder   : C:\Users\infinityadmin\AppData\Roaming\MetaQuotes\Terminal\D0E8209F77C8CF37AD8BF550E51FF075\MQL5\Experts
2026-08-12 08:47:52,207 origin.txt points to MT5 install: C:\Program Files\MetaTrader 5
2026-08-12 08:47:52,208 Destination path : C:\Users\infinityadmin\AppData\Roaming\MetaQuotes\Terminal\D0E8209F77C8CF37AD8BF550E51FF075\MQL5\Experts\InfinityTrader_123456874_lifetime.ex5
2026-08-12 08:47:52,208 Destination file already exists — will overwrite safely
2026-08-12 08:47:52,208 Calculating source SHA-256...
2026-08-12 08:47:52,208 Source SHA-256   : bd140a6427c37fc27d2c27508eeb59a5d045ed7737f8115c4a0d46b4ea07b3d3
2026-08-12 08:47:52,208 Copying EX5 with shutil.copy2()...
2026-08-12 08:47:52,209 Destination size : 7248 bytes
2026-08-12 08:47:52,209 File sizes match [OK]
2026-08-12 08:47:52,210 Calculating destination SHA-256...
2026-08-12 08:47:52,228 Destination SHA-256: bd140a6427c37fc27d2c27508eeb59a5d045ed7737f8115c4a0d46b4ea07b3d3
2026-08-12 08:47:52,228 SHA-256 hashes match [OK]
2026-08-12 08:47:52,229 EX5 deployment completed
2026-08-12 08:47:52,229 ============================================================
2026-08-12 08:47:52,229 [WORKER] [INFO] MT5 deployment successful
2026-08-12 08:47:52,229 [WORKER] [INFO] Deployed to: C:\Users\infinityadmin\AppData\Roaming\MetaQuotes\Terminal\D0E8209F77C8CF37AD8BF550E51FF075\MQL5\Experts\InfinityTrader_123456874_lifetime.ex5
2026-08-12 08:47:52,229 [WORKER] [INFO] Size: 7248 bytes | SHA-256 match: True
2026-08-12 08:47:52,229 [WORKER] [INFO] Upload started
2026-08-12 08:47:54,405 [WORKER] [INFO] Upload successful
2026-08-12 08:47:54,405 [WORKER] [SUCCESS] Job completed: 79
2026-08-12 08:48:00,464 [WORKER] [INFO] Job 73: expiry_date is None — treating as LIFETIME license
2026-08-12 08:48:00,464 [WORKER] [INFO] Job claimed: 73
2026-08-12 08:48:00,464 [WORKER] [INFO] MT5 ID: 123456782 | Expiry: lifetime | Plan: Infinity Trader EA - Lifetime
2026-08-12 08:48:00,464 [WORKER] [INFO] Job 73: expiry_date is None/empty — treating as LIFETIME license
2026-08-12 08:48:00,464 [WORKER] [INFO] Compilation started
2026-08-12 08:48:02,240 [WORKER] [INFO] Compilation successful
2026-08-12 08:48:02,240 [WORKER] [INFO] EX5 generated: C:\mt5-license-system\compiler\output\InfinityTrader_123456782_lifetime.ex5 (7694 bytes)
2026-08-12 08:48:02,240 [WORKER] [INFO] MT5 deployment started
2026-08-12 08:48:02,240 ============================================================
2026-08-12 08:48:02,240 Starting EX5 deployment
2026-08-12 08:48:02,240 ============================================================
2026-08-12 08:48:02,241 Source EX5       : C:\mt5-license-system\compiler\output\InfinityTrader_123456782_lifetime.ex5
2026-08-12 08:48:02,241 Source size      : 7694 bytes
2026-08-12 08:48:02,241 Discovering MT5 data folder...
2026-08-12 08:48:02,241 Discovering MT5 data folder under: C:\Users\infinityadmin\AppData\Roaming\MetaQuotes\Terminal
2026-08-12 08:48:02,243 Examined folders: ['Common', 'Community', 'D0E8209F77C8CF37AD8BF550E51FF075']
2026-08-12 08:48:02,243 Valid MT5 instances found: 1
2026-08-12 08:48:02,243 Selected MT5 instance: D0E8209F77C8CF37AD8BF550E51FF075  (score=55)
2026-08-12 08:48:02,243 MT5 data folder  : C:\Users\infinityadmin\AppData\Roaming\MetaQuotes\Terminal\D0E8209F77C8CF37AD8BF550E51FF075
2026-08-12 08:48:02,243 Experts folder   : C:\Users\infinityadmin\AppData\Roaming\MetaQuotes\Terminal\D0E8209F77C8CF37AD8BF550E51FF075\MQL5\Experts
2026-08-12 08:48:02,244 origin.txt points to MT5 install: C:\Program Files\MetaTrader 5
2026-08-12 08:48:02,244 Destination path : C:\Users\infinityadmin\AppData\Roaming\MetaQuotes\Terminal\D0E8209F77C8CF37AD8BF550E51FF075\MQL5\Experts\InfinityTrader_123456782_lifetime.ex5
2026-08-12 08:48:02,244 Destination file already exists — will overwrite safely
2026-08-12 08:48:02,244 Calculating source SHA-256...
2026-08-12 08:48:02,245 Source SHA-256   : 487fef38ece38fdc69fe43e2ca7979883ec87d7dc9499486dbf23e026d0136d4
2026-08-12 08:48:02,245 Copying EX5 with shutil.copy2()...
2026-08-12 08:48:02,246 Destination size : 7694 bytes
2026-08-12 08:48:02,246 File sizes match [OK]
2026-08-12 08:48:02,246 Calculating destination SHA-256...
2026-08-12 08:48:02,256 Destination SHA-256: 487fef38ece38fdc69fe43e2ca7979883ec87d7dc9499486dbf23e026d0136d4
2026-08-12 08:48:02,256 SHA-256 hashes match [OK]
2026-08-12 08:48:02,256 EX5 deployment completed
2026-08-12 08:48:02,256 ============================================================
2026-08-12 08:48:02,256 [WORKER] [INFO] MT5 deployment successful
2026-08-12 08:48:02,256 [WORKER] [INFO] Deployed to: C:\Users\infinityadmin\AppData\Roaming\MetaQuotes\Terminal\D0E8209F77C8CF37AD8BF550E51FF075\MQL5\Experts\InfinityTrader_123456782_lifetime.ex5
2026-08-12 08:48:02,257 [WORKER] [INFO] Size: 7694 bytes | SHA-256 match: True
2026-08-12 08:48:02,257 [WORKER] [INFO] Upload started
2026-08-12 08:48:03,852 [WORKER] [INFO] Upload successful
2026-08-12 08:48:03,852 [WORKER] [SUCCESS] Job completed: 73
2026-08-12 08:48:09,933 [WORKER] [INFO] Job 81: expiry_date is None — treating as LIFETIME license
2026-08-12 08:48:09,933 [WORKER] [INFO] Job claimed: 81
2026-08-12 08:48:09,933 [WORKER] [INFO] MT5 ID: 45623587 | Expiry: lifetime | Plan: Infinity Trader EA - Lifetime
2026-08-12 08:48:09,933 [WORKER] [INFO] Job 81: expiry_date is None/empty — treating as LIFETIME license
2026-08-12 08:48:09,933 [WORKER] [INFO] Compilation started
2026-08-12 08:48:10,964 [WORKER] [INFO] Compilation successful
2026-08-12 08:48:10,965 [WORKER] [INFO] EX5 generated: C:\mt5-license-system\compiler\output\InfinityTrader_45623587_lifetime.ex5 (7726 bytes)
2026-08-12 08:48:10,965 [WORKER] [INFO] MT5 deployment started
2026-08-12 08:48:10,965 ============================================================
2026-08-12 08:48:10,965 Starting EX5 deployment
2026-08-12 08:48:10,965 ============================================================
2026-08-12 08:48:10,965 Source EX5       : C:\mt5-license-system\compiler\output\InfinityTrader_45623587_lifetime.ex5
2026-08-12 08:48:10,966 Source size      : 7726 bytes
2026-08-12 08:48:10,966 Discovering MT5 data folder...
2026-08-12 08:48:10,966 Discovering MT5 data folder under: C:\Users\infinityadmin\AppData\Roaming\MetaQuotes\Terminal
2026-08-12 08:48:10,967 Examined folders: ['Common', 'Community', 'D0E8209F77C8CF37AD8BF550E51FF075']
2026-08-12 08:48:10,968 Valid MT5 instances found: 1
2026-08-12 08:48:10,968 Selected MT5 instance: D0E8209F77C8CF37AD8BF550E51FF075  (score=55)
2026-08-12 08:48:10,968 MT5 data folder  : C:\Users\infinityadmin\AppData\Roaming\MetaQuotes\Terminal\D0E8209F77C8CF37AD8BF550E51FF075
2026-08-12 08:48:10,969 Experts folder   : C:\Users\infinityadmin\AppData\Roaming\MetaQuotes\Terminal\D0E8209F77C8CF37AD8BF550E51FF075\MQL5\Experts
2026-08-12 08:48:10,969 origin.txt points to MT5 install: C:\Program Files\MetaTrader 5
2026-08-12 08:48:10,969 Destination path : C:\Users\infinityadmin\AppData\Roaming\MetaQuotes\Terminal\D0E8209F77C8CF37AD8BF550E51FF075\MQL5\Experts\InfinityTrader_45623587_lifetime.ex5
2026-08-12 08:48:10,970 Calculating source SHA-256...
2026-08-12 08:48:10,970 Source SHA-256   : cdf48b4bdc19bf75f4808bd2d60f98967f01c9411ce3bf5a54173fe1c4130e00
2026-08-12 08:48:10,970 Copying EX5 with shutil.copy2()...
2026-08-12 08:48:10,972 Destination size : 7726 bytes
2026-08-12 08:48:10,972 File sizes match [OK]
2026-08-12 08:48:10,972 Calculating destination SHA-256...
2026-08-12 08:48:10,980 Destination SHA-256: cdf48b4bdc19bf75f4808bd2d60f98967f01c9411ce3bf5a54173fe1c4130e00
2026-08-12 08:48:10,981 SHA-256 hashes match [OK]
2026-08-12 08:48:10,981 EX5 deployment completed
2026-08-12 08:48:10,981 ============================================================
2026-08-12 08:48:10,981 [WORKER] [INFO] MT5 deployment successful
2026-08-12 08:48:10,981 [WORKER] [INFO] Deployed to: C:\Users\infinityadmin\AppData\Roaming\MetaQuotes\Terminal\D0E8209F77C8CF37AD8BF550E51FF075\MQL5\Experts\InfinityTrader_45623587_lifetime.ex5
2026-08-12 08:48:10,981 [WORKER] [INFO] Size: 7726 bytes | SHA-256 match: True
2026-08-12 08:48:10,981 [WORKER] [INFO] Upload started
2026-08-12 08:48:13,379 [WORKER] [INFO] Upload successful
2026-08-12 08:48:13,380 [WORKER] [SUCCESS] Job completed: 81
2026-08-12 08:48:19,305 [WORKER] [INFO] Job 74: expiry_date is None — treating as LIFETIME license
2026-08-12 08:48:19,305 [WORKER] [INFO] Job claimed: 74
2026-08-12 08:48:19,305 [WORKER] [INFO] MT5 ID: 123 | Expiry: lifetime | Plan: Infinity Trader EA - Lifetime
2026-08-12 08:48:19,305 [WORKER] [INFO] Job 74: expiry_date is None/empty — treating as LIFETIME license
2026-08-12 08:48:19,305 [WORKER] [INFO] Compilation started
2026-08-12 08:48:20,356 [WORKER] [INFO] Compilation successful
2026-08-12 08:48:20,356 [WORKER] [INFO] EX5 generated: C:\mt5-license-system\compiler\output\InfinityTrader_123_lifetime.ex5 (7372 bytes)
2026-08-12 08:48:20,356 [WORKER] [INFO] MT5 deployment started
2026-08-12 08:48:20,356 ============================================================
2026-08-12 08:48:20,357 Starting EX5 deployment
2026-08-12 08:48:20,357 ============================================================
2026-08-12 08:48:20,357 Source EX5       : C:\mt5-license-system\compiler\output\InfinityTrader_123_lifetime.ex5
2026-08-12 08:48:20,357 Source size      : 7372 bytes
2026-08-12 08:48:20,357 Discovering MT5 data folder...
2026-08-12 08:48:20,357 Discovering MT5 data folder under: C:\Users\infinityadmin\AppData\Roaming\MetaQuotes\Terminal
2026-08-12 08:48:20,359 Examined folders: ['Common', 'Community', 'D0E8209F77C8CF37AD8BF550E51FF075']
2026-08-12 08:48:20,359 Valid MT5 instances found: 1
2026-08-12 08:48:20,359 Selected MT5 instance: D0E8209F77C8CF37AD8BF550E51FF075  (score=55)
2026-08-12 08:48:20,360 MT5 data folder  : C:\Users\infinityadmin\AppData\Roaming\MetaQuotes\Terminal\D0E8209F77C8CF37AD8BF550E51FF075
2026-08-12 08:48:20,360 Experts folder   : C:\Users\infinityadmin\AppData\Roaming\MetaQuotes\Terminal\D0E8209F77C8CF37AD8BF550E51FF075\MQL5\Experts
2026-08-12 08:48:20,360 origin.txt points to MT5 install: C:\Program Files\MetaTrader 5
2026-08-12 08:48:20,360 Destination path : C:\Users\infinityadmin\AppData\Roaming\MetaQuotes\Terminal\D0E8209F77C8CF37AD8BF550E51FF075\MQL5\Experts\InfinityTrader_123_lifetime.ex5
2026-08-12 08:48:20,361 Calculating source SHA-256...
2026-08-12 08:48:20,361 Source SHA-256   : a9df42b9187838df0ee6f29ad861596a854a35b62536b7e1d6aa186245cbeeea
2026-08-12 08:48:20,361 Copying EX5 with shutil.copy2()...
2026-08-12 08:48:20,362 Destination size : 7372 bytes
2026-08-12 08:48:20,362 File sizes match [OK]
2026-08-12 08:48:20,362 Calculating destination SHA-256...
2026-08-12 08:48:20,371 Destination SHA-256: a9df42b9187838df0ee6f29ad861596a854a35b62536b7e1d6aa186245cbeeea
2026-08-12 08:48:20,371 SHA-256 hashes match [OK]
2026-08-12 08:48:20,371 EX5 deployment completed
2026-08-12 08:48:20,371 ============================================================
2026-08-12 08:48:20,371 [WORKER] [INFO] MT5 deployment successful
2026-08-12 08:48:20,371 [WORKER] [INFO] Deployed to: C:\Users\infinityadmin\AppData\Roaming\MetaQuotes\Terminal\D0E8209F77C8CF37AD8BF550E51FF075\MQL5\Experts\InfinityTrader_123_lifetime.ex5
2026-08-12 08:48:20,371 [WORKER] [INFO] Size: 7372 bytes | SHA-256 match: True
2026-08-12 08:48:20,371 [WORKER] [INFO] Upload started
2026-08-12 08:48:22,259 [WORKER] [INFO] Upload successful
2026-08-12 08:48:22,260 [WORKER] [SUCCESS] Job completed: 74
2026-08-12 08:48:29,180 [WORKER] [INFO] Job 75: expiry_date is None — treating as LIFETIME license
2026-08-12 08:48:29,181 [WORKER] [INFO] Job claimed: 75
2026-08-12 08:48:29,181 [WORKER] [INFO] MT5 ID: 456987412 | Expiry: lifetime | Plan: Infinity Trader EA - Lifetime
2026-08-12 08:48:29,181 [WORKER] [INFO] Job 75: expiry_date is None/empty — treating as LIFETIME license
2026-08-12 08:48:29,181 [WORKER] [INFO] Compilation started
2026-08-12 08:48:30,642 [WORKER] [INFO] Compilation successful
2026-08-12 08:48:30,643 [WORKER] [INFO] EX5 generated: C:\mt5-license-system\compiler\output\InfinityTrader_456987412_lifetime.ex5 (7648 bytes)
2026-08-12 08:48:30,643 [WORKER] [INFO] MT5 deployment started
2026-08-12 08:48:30,643 ============================================================
2026-08-12 08:48:30,643 Starting EX5 deployment
2026-08-12 08:48:30,643 ============================================================
2026-08-12 08:48:30,643 Source EX5       : C:\mt5-license-system\compiler\output\InfinityTrader_456987412_lifetime.ex5
2026-08-12 08:48:30,643 Source size      : 7648 bytes
2026-08-12 08:48:30,644 Discovering MT5 data folder...
2026-08-12 08:48:30,644 Discovering MT5 data folder under: C:\Users\infinityadmin\AppData\Roaming\MetaQuotes\Terminal
2026-08-12 08:48:30,645 Examined folders: ['Common', 'Community', 'D0E8209F77C8CF37AD8BF550E51FF075']
2026-08-12 08:48:30,646 Valid MT5 instances found: 1
2026-08-12 08:48:30,646 Selected MT5 instance: D0E8209F77C8CF37AD8BF550E51FF075  (score=55)
2026-08-12 08:48:30,646 MT5 data folder  : C:\Users\infinityadmin\AppData\Roaming\MetaQuotes\Terminal\D0E8209F77C8CF37AD8BF550E51FF075
2026-08-12 08:48:30,646 Experts folder   : C:\Users\infinityadmin\AppData\Roaming\MetaQuotes\Terminal\D0E8209F77C8CF37AD8BF550E51FF075\MQL5\Experts
2026-08-12 08:48:30,646 origin.txt points to MT5 install: C:\Program Files\MetaTrader 5
2026-08-12 08:48:30,647 Destination path : C:\Users\infinityadmin\AppData\Roaming\MetaQuotes\Terminal\D0E8209F77C8CF37AD8BF550E51FF075\MQL5\Experts\InfinityTrader_456987412_lifetime.ex5
2026-08-12 08:48:30,647 Calculating source SHA-256...
2026-08-12 08:48:30,647 Source SHA-256   : b36eb72e39467082b116fa816081bf5cb429cf1c382c5b575dc49afe358c36fc
2026-08-12 08:48:30,647 Copying EX5 with shutil.copy2()...
2026-08-12 08:48:30,648 Destination size : 7648 bytes
2026-08-12 08:48:30,649 File sizes match [OK]
2026-08-12 08:48:30,649 Calculating destination SHA-256...
2026-08-12 08:48:30,661 Destination SHA-256: b36eb72e39467082b116fa816081bf5cb429cf1c382c5b575dc49afe358c36fc
2026-08-12 08:48:30,661 SHA-256 hashes match [OK]
2026-08-12 08:48:30,661 EX5 deployment completed
2026-08-12 08:48:30,662 ============================================================
2026-08-12 08:48:30,662 [WORKER] [INFO] MT5 deployment successful
2026-08-12 08:48:30,662 [WORKER] [INFO] Deployed to: C:\Users\infinityadmin\AppData\Roaming\MetaQuotes\Terminal\D0E8209F77C8CF37AD8BF550E51FF075\MQL5\Experts\InfinityTrader_456987412_lifetime.ex5
2026-08-12 08:48:30,662 [WORKER] [INFO] Size: 7648 bytes | SHA-256 match: True
2026-08-12 08:48:30,662 [WORKER] [INFO] Upload started
2026-08-12 08:48:32,759 [WORKER] [INFO] Upload successful
2026-08-12 08:48:32,759 [WORKER] [SUCCESS] Job completed: 75
2026-08-12 08:48:38,698 [WORKER] [INFO] Job 83: expiry_date is None — treating as LIFETIME license
2026-08-12 08:48:38,698 [WORKER] [INFO] Job claimed: 83
2026-08-12 08:48:38,698 [WORKER] [INFO] MT5 ID: 45623587 | Expiry: lifetime | Plan: Infinity Trader EA - Lifetime
2026-08-12 08:48:38,698 [WORKER] [INFO] Job 83: expiry_date is None/empty — treating as LIFETIME license
2026-08-12 08:48:38,698 [WORKER] [INFO] Compilation started
2026-08-12 08:48:40,834 [WORKER] [INFO] Compilation successful
2026-08-12 08:48:40,834 [WORKER] [INFO] EX5 generated: C:\mt5-license-system\compiler\output\InfinityTrader_45623587_lifetime.ex5 (7268 bytes)
2026-08-12 08:48:40,834 [WORKER] [INFO] MT5 deployment started
2026-08-12 08:48:40,834 ============================================================
2026-08-12 08:48:40,834 Starting EX5 deployment
2026-08-12 08:48:40,834 ============================================================
2026-08-12 08:48:40,834 Source EX5       : C:\mt5-license-system\compiler\output\InfinityTrader_45623587_lifetime.ex5
2026-08-12 08:48:40,835 Source size      : 7268 bytes
2026-08-12 08:48:40,835 Discovering MT5 data folder...
2026-08-12 08:48:40,835 Discovering MT5 data folder under: C:\Users\infinityadmin\AppData\Roaming\MetaQuotes\Terminal
2026-08-12 08:48:40,837 Examined folders: ['Common', 'Community', 'D0E8209F77C8CF37AD8BF550E51FF075']
2026-08-12 08:48:40,837 Valid MT5 instances found: 1
2026-08-12 08:48:40,837 Selected MT5 instance: D0E8209F77C8CF37AD8BF550E51FF075  (score=55)
2026-08-12 08:48:40,837 MT5 data folder  : C:\Users\infinityadmin\AppData\Roaming\MetaQuotes\Terminal\D0E8209F77C8CF37AD8BF550E51FF075
2026-08-12 08:48:40,838 Experts folder   : C:\Users\infinityadmin\AppData\Roaming\MetaQuotes\Terminal\D0E8209F77C8CF37AD8BF550E51FF075\MQL5\Experts
2026-08-12 08:48:40,838 origin.txt points to MT5 install: C:\Program Files\MetaTrader 5
2026-08-12 08:48:40,838 Destination path : C:\Users\infinityadmin\AppData\Roaming\MetaQuotes\Terminal\D0E8209F77C8CF37AD8BF550E51FF075\MQL5\Experts\InfinityTrader_45623587_lifetime.ex5
2026-08-12 08:48:40,839 Destination file already exists — will overwrite safely
2026-08-12 08:48:40,839 Calculating source SHA-256...
2026-08-12 08:48:40,839 Source SHA-256   : dd0d21e0d020ebb2bb4a941b54d828cd3a40445e8c884633ae89e7846947a3f2
2026-08-12 08:48:40,839 Copying EX5 with shutil.copy2()...
2026-08-12 08:48:40,840 Destination size : 7268 bytes
2026-08-12 08:48:40,840 File sizes match [OK]
2026-08-12 08:48:40,840 Calculating destination SHA-256...
2026-08-12 08:48:40,854 Destination SHA-256: dd0d21e0d020ebb2bb4a941b54d828cd3a40445e8c884633ae89e7846947a3f2
2026-08-12 08:48:40,854 SHA-256 hashes match [OK]
2026-08-12 08:48:40,854 EX5 deployment completed
2026-08-12 08:48:40,854 ============================================================
2026-08-12 08:48:40,854 [WORKER] [INFO] MT5 deployment successful
2026-08-12 08:48:40,855 [WORKER] [INFO] Deployed to: C:\Users\infinityadmin\AppData\Roaming\MetaQuotes\Terminal\D0E8209F77C8CF37AD8BF550E51FF075\MQL5\Experts\InfinityTrader_45623587_lifetime.ex5
2026-08-12 08:48:40,855 [WORKER] [INFO] Size: 7268 bytes | SHA-256 match: True
2026-08-12 08:48:40,855 [WORKER] [INFO] Upload started
2026-08-12 08:48:43,325 [WORKER] [INFO] Upload successful
2026-08-12 08:48:43,326 [WORKER] [SUCCESS] Job completed: 83
2026-08-12 08:52:49,880 [WORKER] [INFO] Job 85: expiry_date is None — treating as LIFETIME license
2026-08-12 08:52:49,880 [WORKER] [INFO] Job claimed: 85
2026-08-12 08:52:49,880 [WORKER] [INFO] MT5 ID: 456789523 | Expiry: lifetime | Plan: Infinity Trader EA - Lifetime
2026-08-12 08:52:49,880 [WORKER] [INFO] Job 85: expiry_date is None/empty — treating as LIFETIME license
2026-08-12 08:52:49,880 [WORKER] [INFO] Compilation started
2026-08-12 08:52:50,950 [WORKER] [INFO] Compilation successful
2026-08-12 08:52:50,950 [WORKER] [INFO] EX5 generated: C:\mt5-license-system\compiler\output\InfinityTrader_456789523_lifetime.ex5 (6582 bytes)
2026-08-12 08:52:50,950 [WORKER] [INFO] MT5 deployment started
2026-08-12 08:52:50,950 ============================================================
2026-08-12 08:52:50,950 Starting EX5 deployment
2026-08-12 08:52:50,951 ============================================================
2026-08-12 08:52:50,951 Source EX5       : C:\mt5-license-system\compiler\output\InfinityTrader_456789523_lifetime.ex5
2026-08-12 08:52:50,951 Source size      : 6582 bytes
2026-08-12 08:52:50,951 Discovering MT5 data folder...
2026-08-12 08:52:50,951 Discovering MT5 data folder under: C:\Users\infinityadmin\AppData\Roaming\MetaQuotes\Terminal
2026-08-12 08:52:50,953 Examined folders: ['Common', 'Community', 'D0E8209F77C8CF37AD8BF550E51FF075']
2026-08-12 08:52:50,953 Valid MT5 instances found: 1
2026-08-12 08:52:50,953 Selected MT5 instance: D0E8209F77C8CF37AD8BF550E51FF075  (score=55)
2026-08-12 08:52:50,953 MT5 data folder  : C:\Users\infinityadmin\AppData\Roaming\MetaQuotes\Terminal\D0E8209F77C8CF37AD8BF550E51FF075
2026-08-12 08:52:50,953 Experts folder   : C:\Users\infinityadmin\AppData\Roaming\MetaQuotes\Terminal\D0E8209F77C8CF37AD8BF550E51FF075\MQL5\Experts
2026-08-12 08:52:50,953 origin.txt points to MT5 install: C:\Program Files\MetaTrader 5
2026-08-12 08:52:50,954 Destination path : C:\Users\infinityadmin\AppData\Roaming\MetaQuotes\Terminal\D0E8209F77C8CF37AD8BF550E51FF075\MQL5\Experts\InfinityTrader_456789523_lifetime.ex5
2026-08-12 08:52:50,954 Calculating source SHA-256...
2026-08-12 08:52:50,954 Source SHA-256   : f6c2c9439c0ecb2757ff7a11b80b51880759433add2f7a60ead56d60134553ab
2026-08-12 08:52:50,954 Copying EX5 with shutil.copy2()...
2026-08-12 08:52:50,955 Destination size : 6582 bytes
2026-08-12 08:52:50,955 File sizes match [OK]
2026-08-12 08:52:50,956 Calculating destination SHA-256...
2026-08-12 08:52:50,964 Destination SHA-256: f6c2c9439c0ecb2757ff7a11b80b51880759433add2f7a60ead56d60134553ab
2026-08-12 08:52:50,964 SHA-256 hashes match [OK]
2026-08-12 08:52:50,964 EX5 deployment completed
2026-08-12 08:52:50,964 ============================================================
2026-08-12 08:52:50,964 [WORKER] [INFO] MT5 deployment successful
2026-08-12 08:52:50,964 [WORKER] [INFO] Deployed to: C:\Users\infinityadmin\AppData\Roaming\MetaQuotes\Terminal\D0E8209F77C8CF37AD8BF550E51FF075\MQL5\Experts\InfinityTrader_456789523_lifetime.ex5
2026-08-12 08:52:50,965 [WORKER] [INFO] Size: 6582 bytes | SHA-256 match: True
2026-08-12 08:52:50,965 [WORKER] [INFO] Upload started
2026-08-12 08:52:55,554 [WORKER] [INFO] Upload successful
2026-08-12 08:52:55,554 [WORKER] [SUCCESS] Job completed: 85
2026-08-12 08:53:19,488 [WORKER] [INFO] Job claimed: 86
2026-08-12 08:53:19,488 [WORKER] [INFO] MT5 ID: 45698745 | Expiry: 2026-08-15 | Plan: standard
2026-08-12 08:53:19,488 [WORKER] [INFO] Compilation started
2026-08-12 08:53:20,311 [WORKER] [INFO] Compilation successful
2026-08-12 08:53:20,312 [WORKER] [INFO] EX5 generated: C:\mt5-license-system\compiler\output\InfinityTrader_45698745_2026-08-15.ex5 (7104 bytes)
2026-08-12 08:53:20,312 [WORKER] [INFO] MT5 deployment started
2026-08-12 08:53:20,312 ============================================================
2026-08-12 08:53:20,312 Starting EX5 deployment
2026-08-12 08:53:20,312 ============================================================
2026-08-12 08:53:20,312 Source EX5       : C:\mt5-license-system\compiler\output\InfinityTrader_45698745_2026-08-15.ex5
2026-08-12 08:53:20,312 Source size      : 7104 bytes
2026-08-12 08:53:20,313 Discovering MT5 data folder...
2026-08-12 08:53:20,313 Discovering MT5 data folder under: C:\Users\infinityadmin\AppData\Roaming\MetaQuotes\Terminal
2026-08-12 08:53:20,318 Examined folders: ['Common', 'Community', 'D0E8209F77C8CF37AD8BF550E51FF075']
2026-08-12 08:53:20,318 Valid MT5 instances found: 1
2026-08-12 08:53:20,319 Selected MT5 instance: D0E8209F77C8CF37AD8BF550E51FF075  (score=55)
2026-08-12 08:53:20,319 MT5 data folder  : C:\Users\infinityadmin\AppData\Roaming\MetaQuotes\Terminal\D0E8209F77C8CF37AD8BF550E51FF075
2026-08-12 08:53:20,319 Experts folder   : C:\Users\infinityadmin\AppData\Roaming\MetaQuotes\Terminal\D0E8209F77C8CF37AD8BF550E51FF075\MQL5\Experts
2026-08-12 08:53:20,319 origin.txt points to MT5 install: C:\Program Files\MetaTrader 5
2026-08-12 08:53:20,320 Destination path : C:\Users\infinityadmin\AppData\Roaming\MetaQuotes\Terminal\D0E8209F77C8CF37AD8BF550E51FF075\MQL5\Experts\InfinityTrader_45698745_2026-08-15.ex5
2026-08-12 08:53:20,320 Calculating source SHA-256...
2026-08-12 08:53:20,320 Source SHA-256   : 26897dc1928fde4644c45b4b6a748f9fc69c77263661cdd8ccb10fc4a359656d
2026-08-12 08:53:20,320 Copying EX5 with shutil.copy2()...
2026-08-12 08:53:20,321 Destination size : 7104 bytes
2026-08-12 08:53:20,322 File sizes match [OK]
2026-08-12 08:53:20,322 Calculating destination SHA-256...
2026-08-12 08:53:20,329 Destination SHA-256: 26897dc1928fde4644c45b4b6a748f9fc69c77263661cdd8ccb10fc4a359656d
2026-08-12 08:53:20,329 SHA-256 hashes match [OK]
2026-08-12 08:53:20,329 EX5 deployment completed
2026-08-12 08:53:20,330 ============================================================
2026-08-12 08:53:20,330 [WORKER] [INFO] MT5 deployment successful
2026-08-12 08:53:20,330 [WORKER] [INFO] Deployed to: C:\Users\infinityadmin\AppData\Roaming\MetaQuotes\Terminal\D0E8209F77C8CF37AD8BF550E51FF075\MQL5\Experts\InfinityTrader_45698745_2026-08-15.ex5
2026-08-12 08:53:20,330 [WORKER] [INFO] Size: 7104 bytes | SHA-256 match: True
2026-08-12 08:53:20,330 [WORKER] [INFO] Upload started
2026-08-12 08:53:22,103 [WORKER] [INFO] Upload successful
2026-08-12 08:53:22,103 [WORKER] [SUCCESS] Job completed: 86
2026-08-12 08:54:46,142 [WORKER] [INFO] Job claimed: 87
2026-08-12 08:54:46,142 [WORKER] [INFO] MT5 ID: 456987123 | Expiry: 2026-09-16 | Plan: Infinity Trader EA - Lifetime
2026-08-12 08:54:46,142 [WORKER] [INFO] Compilation started
2026-08-12 08:54:47,022 [WORKER] [INFO] Compilation successful
2026-08-12 08:54:47,022 [WORKER] [INFO] EX5 generated: C:\mt5-license-system\compiler\output\InfinityTrader_456987123_2026-09-16.ex5 (7358 bytes)
2026-08-12 08:54:47,022 [WORKER] [INFO] MT5 deployment started
2026-08-12 08:54:47,022 ============================================================
2026-08-12 08:54:47,022 Starting EX5 deployment
2026-08-12 08:54:47,023 ============================================================
2026-08-12 08:54:47,023 Source EX5       : C:\mt5-license-system\compiler\output\InfinityTrader_456987123_2026-09-16.ex5
2026-08-12 08:54:47,023 Source size      : 7358 bytes
2026-08-12 08:54:47,023 Discovering MT5 data folder...
2026-08-12 08:54:47,023 Discovering MT5 data folder under: C:\Users\infinityadmin\AppData\Roaming\MetaQuotes\Terminal
2026-08-12 08:54:47,025 Examined folders: ['Common', 'Community', 'D0E8209F77C8CF37AD8BF550E51FF075']
2026-08-12 08:54:47,025 Valid MT5 instances found: 1
2026-08-12 08:54:47,026 Selected MT5 instance: D0E8209F77C8CF37AD8BF550E51FF075  (score=55)
2026-08-12 08:54:47,026 MT5 data folder  : C:\Users\infinityadmin\AppData\Roaming\MetaQuotes\Terminal\D0E8209F77C8CF37AD8BF550E51FF075
2026-08-12 08:54:47,026 Experts folder   : C:\Users\infinityadmin\AppData\Roaming\MetaQuotes\Terminal\D0E8209F77C8CF37AD8BF550E51FF075\MQL5\Experts
2026-08-12 08:54:47,026 origin.txt points to MT5 install: C:\Program Files\MetaTrader 5
2026-08-12 08:54:47,027 Destination path : C:\Users\infinityadmin\AppData\Roaming\MetaQuotes\Terminal\D0E8209F77C8CF37AD8BF550E51FF075\MQL5\Experts\InfinityTrader_456987123_2026-09-16.ex5
2026-08-12 08:54:47,027 Calculating source SHA-256...
2026-08-12 08:54:47,027 Source SHA-256   : ada8cb96f4f9e7cf55d9794035f5847a5a30e2eaad1c77eca2e4d1f464646745
2026-08-12 08:54:47,027 Copying EX5 with shutil.copy2()...
2026-08-12 08:54:47,028 Destination size : 7358 bytes
2026-08-12 08:54:47,028 File sizes match [OK]
2026-08-12 08:54:47,028 Calculating destination SHA-256...
2026-08-12 08:54:47,040 Destination SHA-256: ada8cb96f4f9e7cf55d9794035f5847a5a30e2eaad1c77eca2e4d1f464646745
2026-08-12 08:54:47,040 SHA-256 hashes match [OK]
2026-08-12 08:54:47,040 EX5 deployment completed
2026-08-12 08:54:47,040 ============================================================
2026-08-12 08:54:47,040 [WORKER] [INFO] MT5 deployment successful
2026-08-12 08:54:47,040 [WORKER] [INFO] Deployed to: C:\Users\infinityadmin\AppData\Roaming\MetaQuotes\Terminal\D0E8209F77C8CF37AD8BF550E51FF075\MQL5\Experts\InfinityTrader_456987123_2026-09-16.ex5
2026-08-12 08:54:47,040 [WORKER] [INFO] Size: 7358 bytes | SHA-256 match: True
2026-08-12 08:54:47,041 [WORKER] [INFO] Upload started
2026-08-12 08:54:49,359 [WORKER] [INFO] Upload successful
2026-08-12 08:54:49,360 [WORKER] [SUCCESS] Job completed: 87
2026-08-12 08:55:07,634 [WORKER] [INFO] Job 88: expiry_date is None — treating as LIFETIME license
2026-08-12 08:55:07,634 [WORKER] [INFO] Job claimed: 88
2026-08-12 08:55:07,634 [WORKER] [INFO] MT5 ID: 456987123 | Expiry: lifetime | Plan: Infinity Trader EA - Lifetime
2026-08-12 08:55:07,634 [WORKER] [INFO] Job 88: expiry_date is None/empty — treating as LIFETIME license
2026-08-12 08:55:07,634 [WORKER] [INFO] Compilation started
2026-08-12 08:55:08,492 [WORKER] [INFO] Compilation successful
2026-08-12 08:55:08,492 [WORKER] [INFO] EX5 generated: C:\mt5-license-system\compiler\output\InfinityTrader_456987123_lifetime.ex5 (6500 bytes)
2026-08-12 08:55:08,492 [WORKER] [INFO] MT5 deployment started
2026-08-12 08:55:08,493 ============================================================
2026-08-12 08:55:08,493 Starting EX5 deployment
2026-08-12 08:55:08,493 ============================================================
2026-08-12 08:55:08,493 Source EX5       : C:\mt5-license-system\compiler\output\InfinityTrader_456987123_lifetime.ex5
2026-08-12 08:55:08,493 Source size      : 6500 bytes
2026-08-12 08:55:08,493 Discovering MT5 data folder...
2026-08-12 08:55:08,493 Discovering MT5 data folder under: C:\Users\infinityadmin\AppData\Roaming\MetaQuotes\Terminal
2026-08-12 08:55:08,495 Examined folders: ['Common', 'Community', 'D0E8209F77C8CF37AD8BF550E51FF075']
2026-08-12 08:55:08,496 Valid MT5 instances found: 1
2026-08-12 08:55:08,496 Selected MT5 instance: D0E8209F77C8CF37AD8BF550E51FF075  (score=55)
2026-08-12 08:55:08,496 MT5 data folder  : C:\Users\infinityadmin\AppData\Roaming\MetaQuotes\Terminal\D0E8209F77C8CF37AD8BF550E51FF075
2026-08-12 08:55:08,496 Experts folder   : C:\Users\infinityadmin\AppData\Roaming\MetaQuotes\Terminal\D0E8209F77C8CF37AD8BF550E51FF075\MQL5\Experts
2026-08-12 08:55:08,496 origin.txt points to MT5 install: C:\Program Files\MetaTrader 5
2026-08-12 08:55:08,497 Destination path : C:\Users\infinityadmin\AppData\Roaming\MetaQuotes\Terminal\D0E8209F77C8CF37AD8BF550E51FF075\MQL5\Experts\InfinityTrader_456987123_lifetime.ex5
2026-08-12 08:55:08,497 Calculating source SHA-256...
2026-08-12 08:55:08,498 Source SHA-256   : 2bb266cb752d8ccfcea99b575100b7a6a822d5bca08b6b41895e502a00a01285
2026-08-12 08:55:08,498 Copying EX5 with shutil.copy2()...
2026-08-12 08:55:08,499 Destination size : 6500 bytes
2026-08-12 08:55:08,499 File sizes match [OK]
2026-08-12 08:55:08,499 Calculating destination SHA-256...
2026-08-12 08:55:08,510 Destination SHA-256: 2bb266cb752d8ccfcea99b575100b7a6a822d5bca08b6b41895e502a00a01285
2026-08-12 08:55:08,510 SHA-256 hashes match [OK]
2026-08-12 08:55:08,510 EX5 deployment completed
2026-08-12 08:55:08,510 ============================================================
2026-08-12 08:55:08,510 [WORKER] [INFO] MT5 deployment successful
2026-08-12 08:55:08,510 [WORKER] [INFO] Deployed to: C:\Users\infinityadmin\AppData\Roaming\MetaQuotes\Terminal\D0E8209F77C8CF37AD8BF550E51FF075\MQL5\Experts\InfinityTrader_456987123_lifetime.ex5
2026-08-12 08:55:08,510 [WORKER] [INFO] Size: 6500 bytes | SHA-256 match: True
2026-08-12 08:55:08,510 [WORKER] [INFO] Upload started
2026-08-12 08:55:10,691 [WORKER] [INFO] Upload successful
2026-08-12 08:55:10,691 [WORKER] [SUCCESS] Job completed: 88
2026-08-17 06:15:31,668 [WORKER] [INFO] Starting
2026-08-17 06:15:31,669 [WORKER] [INFO] Worker ID      : windows-worker-01
2026-08-17 06:15:31,669 [WORKER] [INFO] API base URL   : https://infinity-trader-api-o0m7.onrender.com/api/v1
2026-08-17 06:15:31,669 [WORKER] [INFO] Compiler dir   : C:\mt5-license-system\compiler
2026-08-17 06:15:31,669 [WORKER] [INFO] MetaEditor     : C:\Program Files\MetaTrader 5\metaeditor64.exe
2026-08-17 06:15:31,669 [WORKER] [INFO] Poll interval  : 5s
2026-08-17 06:15:31,704 [WORKER] [INFO] compile_ea imported successfully
2026-08-17 06:15:31,704 [WORKER] [INFO] deploy_ex5 imported successfully
2026-08-17 06:15:31,704 [WORKER] [INFO] MetaEditor found: C:\Program Files\MetaTrader 5\metaeditor64.exe
2026-08-17 06:15:31,704 Discovering MT5 data folder under: C:\Users\infinityadmin\AppData\Roaming\MetaQuotes\Terminal
2026-08-17 06:15:31,730 Examined folders: ['Common', 'Community', 'D0E8209F77C8CF37AD8BF550E51FF075']
2026-08-17 06:15:31,730 Valid MT5 instances found: 1
2026-08-17 06:15:31,730 Selected MT5 instance: D0E8209F77C8CF37AD8BF550E51FF075  (score=55)
2026-08-17 06:15:31,730 MT5 data folder  : C:\Users\infinityadmin\AppData\Roaming\MetaQuotes\Terminal\D0E8209F77C8CF37AD8BF550E51FF075
2026-08-17 06:15:31,731 Experts folder   : C:\Users\infinityadmin\AppData\Roaming\MetaQuotes\Terminal\D0E8209F77C8CF37AD8BF550E51FF075\MQL5\Experts
2026-08-17 06:15:31,731 origin.txt points to MT5 install: C:\Program Files\MetaTrader 5
2026-08-17 06:15:31,731 [WORKER] [INFO] MT5 instance: D0E8209F77C8CF37AD8BF550E51FF075
2026-08-17 06:15:31,731 [WORKER] [INFO] Experts folder: C:\Users\infinityadmin\AppData\Roaming\MetaQuotes\Terminal\D0E8209F77C8CF37AD8BF550E51FF075\MQL5\Experts
2026-08-17 06:15:31,731 [WORKER] [INFO] All prerequisites verified
2026-08-17 06:15:47,229 [WORKER] [WARNING] Initial API connectivity check failed (Render may be cold-starting): HTTPSConnectionPool(host='infinity-trader-api-o0m7.onrender.com', port=443): Read timed out. (read timeout=15)
2026-08-17 06:16:07,577 [WORKER] [WARNING] Could not reach API to sync EA template: HTTPSConnectionPool(host='infinity-trader-api-o0m7.onrender.com', port=443): Read timed out. (read timeout=20). Using local copy.
2026-08-17 06:16:07,578 [WORKER] [INFO] Polling for jobs
2026-08-17 06:16:27,875 [WORKER] [WARNING] Request timed out while polling. Sleeping 5s.
2026-08-17 06:16:53,184 [WORKER] [WARNING] Request timed out while polling. Sleeping 5s.
2026-08-17 06:17:18,506 [WORKER] [WARNING] Request timed out while polling. Sleeping 5s.
2026-08-17 06:17:43,830 [WORKER] [WARNING] Request timed out while polling. Sleeping 5s.
2026-08-17 06:18:09,128 [WORKER] [WARNING] Request timed out while polling. Sleeping 5s.
2026-08-17 06:18:34,452 [WORKER] [WARNING] Request timed out while polling. Sleeping 5s.
2026-08-17 06:18:59,776 [WORKER] [WARNING] Request timed out while polling. Sleeping 5s.
2026-08-17 06:19:25,100 [WORKER] [WARNING] Request timed out while polling. Sleeping 5s.
2026-08-17 06:19:50,409 [WORKER] [WARNING] Request timed out while polling. Sleeping 5s.
2026-08-17 06:20:15,766 [WORKER] [WARNING] Request timed out while polling. Sleeping 5s.
2026-08-17 06:20:41,075 [WORKER] [WARNING] Request timed out while polling. Sleeping 5s.
2026-08-17 06:21:06,466 [WORKER] [WARNING] Request timed out while polling. Sleeping 5s.
2026-08-17 06:21:31,774 [WORKER] [WARNING] Request timed out while polling. Sleeping 5s.
2026-08-17 06:21:57,097 [WORKER] [WARNING] Request timed out while polling. Sleeping 5s.
2026-08-17 06:22:22,412 [WORKER] [WARNING] Request timed out while polling. Sleeping 5s.
2026-08-17 06:22:47,735 [WORKER] [WARNING] Request timed out while polling. Sleeping 5s.
2026-08-17 06:23:13,070 [WORKER] [WARNING] Request timed out while polling. Sleeping 5s.
2026-08-17 06:23:38,382 [WORKER] [WARNING] Request timed out while polling. Sleeping 5s.
2026-08-17 06:24:03,907 [WORKER] [WARNING] Request timed out while polling. Sleeping 5s.
2026-08-17 06:24:29,332 [WORKER] [WARNING] Request timed out while polling. Sleeping 5s.
2026-08-17 06:24:54,683 [WORKER] [WARNING] Request timed out while polling. Sleeping 5s.
2026-08-17 06:25:20,002 [WORKER] [WARNING] Request timed out while polling. Sleeping 5s.
2026-08-17 06:25:45,374 [WORKER] [WARNING] Request timed out while polling. Sleeping 5s.
2026-08-17 06:26:10,795 [WORKER] [WARNING] Request timed out while polling. Sleeping 5s.
2026-08-17 06:26:36,133 [WORKER] [WARNING] Request timed out while polling. Sleeping 5s.
2026-08-17 06:27:01,490 [WORKER] [WARNING] Request timed out while polling. Sleeping 5s.
2026-08-17 06:27:26,799 [WORKER] [WARNING] Request timed out while polling. Sleeping 5s.
2026-08-17 06:27:52,116 [WORKER] [WARNING] Request timed out while polling. Sleeping 5s.
2026-08-17 06:28:17,423 [WORKER] [WARNING] Request timed out while polling. Sleeping 5s.
2026-08-17 06:28:42,766 [WORKER] [WARNING] Request timed out while polling. Sleeping 5s.
2026-08-17 06:29:08,123 [WORKER] [WARNING] Request timed out while polling. Sleeping 5s.
2026-08-17 06:29:33,851 [WORKER] [WARNING] Request timed out while polling. Sleeping 5s.
2026-08-17 06:29:59,199 [WORKER] [WARNING] Request timed out while polling. Sleeping 5s.
2026-08-17 06:30:24,593 [WORKER] [WARNING] Request timed out while polling. Sleeping 5s.
2026-08-17 06:30:49,887 [WORKER] [WARNING] Request timed out while polling. Sleeping 5s.
2026-08-17 06:31:15,272 [WORKER] [WARNING] Request timed out while polling. Sleeping 5s.
2026-08-17 06:31:40,587 [WORKER] [WARNING] Request timed out while polling. Sleeping 5s.
2026-08-17 06:32:05,917 [WORKER] [WARNING] Request timed out while polling. Sleeping 5s.
2026-08-17 06:32:31,713 [WORKER] [WARNING] Request timed out while polling. Sleeping 5s.
2026-08-17 06:32:57,021 [WORKER] [WARNING] Request timed out while polling. Sleeping 5s.
2026-08-17 06:33:22,362 [WORKER] [WARNING] Request timed out while polling. Sleeping 5s.
2026-08-17 06:33:47,695 [WORKER] [WARNING] Request timed out while polling. Sleeping 5s.
2026-08-17 06:34:13,104 [WORKER] [WARNING] Request timed out while polling. Sleeping 5s.
2026-08-17 06:34:38,450 [WORKER] [WARNING] Request timed out while polling. Sleeping 5s.
2026-08-17 06:35:03,792 [WORKER] [WARNING] Request timed out while polling. Sleeping 5s.
2026-08-17 06:35:29,107 [WORKER] [WARNING] Request timed out while polling. Sleeping 5s.
2026-08-17 06:35:54,436 [WORKER] [WARNING] Request timed out while polling. Sleeping 5s.
2026-08-17 06:36:19,876 [WORKER] [WARNING] Request timed out while polling. Sleeping 5s.
2026-08-17 06:36:45,178 [WORKER] [WARNING] Request timed out while polling. Sleeping 5s.
2026-08-17 06:37:10,488 [WORKER] [WARNING] Request timed out while polling. Sleeping 5s.
2026-08-17 06:37:35,819 [WORKER] [WARNING] Request timed out while polling. Sleeping 5s.
2026-08-17 06:38:01,161 [WORKER] [WARNING] Request timed out while polling. Sleeping 5s.
2026-08-17 06:38:26,563 [WORKER] [WARNING] Request timed out while polling. Sleeping 5s.
2026-08-17 06:38:51,882 [WORKER] [WARNING] Request timed out while polling. Sleeping 5s.
2026-08-17 06:39:17,198 [WORKER] [WARNING] Request timed out while polling. Sleeping 5s.
2026-08-17 06:39:42,530 [WORKER] [WARNING] Request timed out while polling. Sleeping 5s.
2026-08-17 06:40:07,887 [WORKER] [WARNING] Request timed out while polling. Sleeping 5s.
2026-08-17 06:40:33,189 [WORKER] [WARNING] Request timed out while polling. Sleeping 5s.
2026-08-17 06:40:58,504 [WORKER] [WARNING] Request timed out while polling. Sleeping 5s.
2026-08-17 06:41:23,905 [WORKER] [WARNING] Request timed out while polling. Sleeping 5s.
2026-08-17 06:41:49,241 [WORKER] [WARNING] Request timed out while polling. Sleeping 5s.
2026-08-17 06:42:14,559 [WORKER] [WARNING] Request timed out while polling. Sleeping 5s.
2026-08-17 06:42:39,998 [WORKER] [WARNING] Request timed out while polling. Sleeping 5s.
2026-08-17 06:43:05,324 [WORKER] [WARNING] Request timed out while polling. Sleeping 5s.
2026-08-17 06:43:30,652 [WORKER] [WARNING] Request timed out while polling. Sleeping 5s.
2026-08-17 06:43:55,965 [WORKER] [WARNING] Request timed out while polling. Sleeping 5s.
2026-08-17 06:44:21,284 [WORKER] [WARNING] Request timed out while polling. Sleeping 5s.
2026-08-17 06:44:46,611 [WORKER] [WARNING] Request timed out while polling. Sleeping 5s.
2026-08-17 06:45:11,916 [WORKER] [WARNING] Request timed out while polling. Sleeping 5s.
2026-08-17 06:45:37,235 [WORKER] [WARNING] Request timed out while polling. Sleeping 5s.
2026-08-17 06:46:02,555 [WORKER] [WARNING] Request timed out while polling. Sleeping 5s.
2026-08-17 06:46:27,981 [WORKER] [WARNING] Request timed out while polling. Sleeping 5s.
2026-08-17 06:46:53,341 [WORKER] [WARNING] Request timed out while polling. Sleeping 5s.
2026-08-17 06:47:18,679 [WORKER] [WARNING] Request timed out while polling. Sleeping 5s.
2026-08-17 06:47:44,003 [WORKER] [WARNING] Request timed out while polling. Sleeping 5s.
2026-08-17 06:48:09,369 [WORKER] [WARNING] Request timed out while polling. Sleeping 5s.
2026-08-17 06:48:34,761 [WORKER] [WARNING] Request timed out while polling. Sleeping 5s.
2026-08-17 06:49:00,077 [WORKER] [WARNING] Request timed out while polling. Sleeping 5s.
2026-08-17 06:49:25,415 [WORKER] [WARNING] Request timed out while polling. Sleeping 5s.
2026-08-17 06:49:50,734 [WORKER] [WARNING] Request timed out while polling. Sleeping 5s.
2026-08-17 06:50:30,453 [WORKER] [WARNING] Request timed out while polling. Sleeping 5s.
2026-08-17 06:50:55,849 [WORKER] [WARNING] Request timed out while polling. Sleeping 5s.
2026-08-17 06:51:21,158 [WORKER] [WARNING] Request timed out while polling. Sleeping 5s.
2026-08-17 06:51:46,610 [WORKER] [WARNING] Request timed out while polling. Sleeping 5s.
2026-08-17 06:52:12,160 [WORKER] [WARNING] Request timed out while polling. Sleeping 5s.
2026-08-17 06:52:41,125 [WORKER] [WARNING] Request timed out while polling. Sleeping 5s.
2026-08-17 06:53:06,713 [WORKER] [WARNING] Request timed out while polling. Sleeping 5s.
2026-08-17 06:53:32,138 [WORKER] [WARNING] Request timed out while polling. Sleeping 5s.
2026-08-17 06:53:57,521 [WORKER] [WARNING] Request timed out while polling. Sleeping 5s.
2026-08-17 06:54:22,928 [WORKER] [WARNING] Request timed out while polling. Sleeping 5s.
2026-08-17 06:54:48,315 [WORKER] [WARNING] Request timed out while polling. Sleeping 5s.
2026-08-17 06:55:14,016 [WORKER] [WARNING] Request timed out while polling. Sleeping 5s.
2026-08-17 06:55:39,347 [WORKER] [WARNING] Request timed out while polling. Sleeping 5s.
2026-08-17 06:56:04,655 [WORKER] [WARNING] Request timed out while polling. Sleeping 5s.
2026-08-17 06:56:29,981 [WORKER] [WARNING] Request timed out while polling. Sleeping 5s.
2026-08-17 06:56:55,410 [WORKER] [WARNING] Request timed out while polling. Sleeping 5s.
2026-08-17 06:57:20,797 [WORKER] [WARNING] Request timed out while polling. Sleeping 5s.
2026-08-17 06:57:46,372 [WORKER] [WARNING] Request timed out while polling. Sleeping 5s.
2026-08-17 06:58:11,687 [WORKER] [WARNING] Request timed out while polling. Sleeping 5s.
2026-08-17 06:58:36,988 [WORKER] [WARNING] Request timed out while polling. Sleeping 5s.
2026-08-17 06:59:02,301 [WORKER] [WARNING] Request timed out while polling. Sleeping 5s.
2026-08-17 06:59:27,645 [WORKER] [WARNING] Request timed out while polling. Sleeping 5s.
2026-08-17 06:59:52,976 [WORKER] [WARNING] Request timed out while polling. Sleeping 5s.
2026-08-17 07:00:18,294 [WORKER] [WARNING] Request timed out while polling. Sleeping 5s.
2026-08-17 07:00:43,649 [WORKER] [WARNING] Request timed out while polling. Sleeping 5s.
2026-08-17 07:01:08,986 [WORKER] [WARNING] Request timed out while polling. Sleeping 5s.
2026-08-17 07:01:34,380 [WORKER] [WARNING] Request timed out while polling. Sleeping 5s.
2026-08-17 07:01:59,764 [WORKER] [WARNING] Request timed out while polling. Sleeping 5s.
2026-08-17 07:02:25,086 [WORKER] [WARNING] Request timed out while polling. Sleeping 5s.
2026-08-17 07:02:50,409 [WORKER] [WARNING] Request timed out while polling. Sleeping 5s.
2026-08-17 07:03:15,710 [WORKER] [WARNING] Request timed out while polling. Sleeping 5s.
2026-08-17 07:03:41,030 [WORKER] [WARNING] Request timed out while polling. Sleeping 5s.
2026-08-17 07:04:06,479 [WORKER] [WARNING] Request timed out while polling. Sleeping 5s.
2026-08-17 07:04:31,844 [WORKER] [WARNING] Request timed out while polling. Sleeping 5s.
2026-08-17 07:04:57,177 [WORKER] [WARNING] Request timed out while polling. Sleeping 5s.
2026-08-17 07:05:22,473 [WORKER] [WARNING] Request timed out while polling. Sleeping 5s.
2026-08-17 07:05:47,777 [WORKER] [WARNING] Request timed out while polling. Sleeping 5s.
2026-08-17 07:06:13,077 [WORKER] [WARNING] Request timed out while polling. Sleeping 5s.
2026-08-17 07:06:38,387 [WORKER] [WARNING] Request timed out while polling. Sleeping 5s.
2026-08-17 07:07:04,826 [WORKER] [WARNING] Request timed out while polling. Sleeping 5s.
2026-08-17 07:07:31,459 [WORKER] [WARNING] Request timed out while polling. Sleeping 5s.
2026-08-17 07:07:59,003 [WORKER] [WARNING] Request timed out while polling. Sleeping 5s.
2026-08-17 07:08:25,169 [WORKER] [WARNING] Request timed out while polling. Sleeping 5s.
2026-08-17 07:08:50,540 [WORKER] [WARNING] Request timed out while polling. Sleeping 5s.
2026-08-17 07:09:15,896 [WORKER] [WARNING] Request timed out while polling. Sleeping 5s.
2026-08-17 07:09:41,508 [WORKER] [WARNING] Request timed out while polling. Sleeping 5s.
2026-08-17 07:10:07,128 [WORKER] [WARNING] Request timed out while polling. Sleeping 5s.
2026-08-17 07:10:32,432 [WORKER] [WARNING] Request timed out while polling. Sleeping 5s.
2026-08-17 07:10:57,856 [WORKER] [WARNING] Request timed out while polling. Sleeping 5s.
2026-08-17 07:11:23,572 [WORKER] [WARNING] Request timed out while polling. Sleeping 5s.
2026-08-17 07:11:49,059 [WORKER] [WARNING] Request timed out while polling. Sleeping 5s.
2026-08-17 07:12:14,846 [WORKER] [WARNING] Request timed out while polling. Sleeping 5s.
2026-08-17 07:12:40,291 [WORKER] [WARNING] Request timed out while polling. Sleeping 5s.
2026-08-17 07:13:05,654 [WORKER] [WARNING] Request timed out while polling. Sleeping 5s.
2026-08-17 07:13:31,110 [WORKER] [WARNING] Request timed out while polling. Sleeping 5s.
2026-08-17 07:13:56,733 [WORKER] [WARNING] Request timed out while polling. Sleeping 5s.
2026-08-17 07:14:22,074 [WORKER] [WARNING] Request timed out while polling. Sleeping 5s.
2026-08-17 07:14:47,413 [WORKER] [WARNING] Request timed out while polling. Sleeping 5s.
2026-08-17 07:15:12,731 [WORKER] [WARNING] Request timed out while polling. Sleeping 5s.
2026-08-17 07:15:38,117 [WORKER] [WARNING] Request timed out while polling. Sleeping 5s.
2026-08-17 07:16:03,887 [WORKER] [WARNING] Request timed out while polling. Sleeping 5s.
2026-08-17 07:16:29,255 [WORKER] [WARNING] Request timed out while polling. Sleeping 5s.
2026-08-17 07:16:54,775 [WORKER] [WARNING] Request timed out while polling. Sleeping 5s.
2026-08-17 07:17:20,383 [WORKER] [WARNING] Request timed out while polling. Sleeping 5s.
2026-08-17 07:17:45,713 [WORKER] [WARNING] Request timed out while polling. Sleeping 5s.
2026-08-17 07:18:11,844 [WORKER] [WARNING] Request timed out while polling. Sleeping 5s.
2026-08-17 07:18:37,287 [WORKER] [WARNING] Request timed out while polling. Sleeping 5s.
2026-08-17 07:19:02,630 [WORKER] [WARNING] Request timed out while polling. Sleeping 5s.
2026-08-17 07:19:27,963 [WORKER] [WARNING] Request timed out while polling. Sleeping 5s.
2026-08-17 07:19:53,347 [WORKER] [WARNING] Request timed out while polling. Sleeping 5s.
2026-08-17 07:20:18,652 [WORKER] [WARNING] Request timed out while polling. Sleeping 5s.
2026-08-17 07:20:43,966 [WORKER] [WARNING] Request timed out while polling. Sleeping 5s.
2026-08-17 07:21:09,305 [WORKER] [WARNING] Request timed out while polling. Sleeping 5s.
2026-08-17 07:21:34,596 [WORKER] [WARNING] Request timed out while polling. Sleeping 5s.
2026-08-17 07:21:59,904 [WORKER] [WARNING] Request timed out while polling. Sleeping 5s.
2026-08-17 07:22:15,946 [WORKER] [WARNING] Connection error while polling (network/Render cold start): HTTPSConnectionPool(host='infinity-trader-api-o0m7.onrender.com', port=443): Max retries exceeded with url: /api/v1/jobs/claim (Caused by NameResolutionError("HTTPSConnection(host='infinity-trader-api-o0m7.onrender.com', port=443): Failed to resolve 'infinity-trader-api-o0m7.onrender.com' ([Errno 11001] getaddrinfo failed)")). Sleeping 5s.
2026-08-17 07:22:43,028 [WORKER] [WARNING] Request timed out while polling. Sleeping 5s.
2026-08-17 07:23:12,027 [WORKER] [WARNING] Request timed out while polling. Sleeping 5s.
2026-08-17 07:23:37,538 [WORKER] [WARNING] Request timed out while polling. Sleeping 5s.
2026-08-17 07:24:02,941 [WORKER] [WARNING] Request timed out while polling. Sleeping 5s.
2026-08-17 07:24:28,289 [WORKER] [WARNING] Request timed out while polling. Sleeping 5s.
2026-08-17 07:24:53,614 [WORKER] [WARNING] Request timed out while polling. Sleeping 5s.
2026-08-17 07:25:18,971 [WORKER] [WARNING] Request timed out while polling. Sleeping 5s.
2026-08-17 07:25:44,309 [WORKER] [WARNING] Request timed out while polling. Sleeping 5s.
2026-08-17 07:26:09,708 [WORKER] [WARNING] Request timed out while polling. Sleeping 5s.
2026-08-17 07:26:35,058 [WORKER] [WARNING] Request timed out while polling. Sleeping 5s.
2026-08-17 07:27:01,618 [WORKER] [WARNING] Request timed out while polling. Sleeping 5s.
2026-08-17 07:27:29,641 [WORKER] [WARNING] Request timed out while polling. Sleeping 5s.
2026-08-17 07:27:55,068 [WORKER] [WARNING] Request timed out while polling. Sleeping 5s.
2026-08-17 07:28:00,678 [WORKER] [WARNING] Unexpected API response 404: Not Found
. Sleeping 5s.
2026-08-17 07:28:06,191 [WORKER] [WARNING] Unexpected API response 404: Not Found
. Sleeping 5s.
2026-08-17 07:28:11,668 [WORKER] [WARNING] Unexpected API response 404: Not Found
. Sleeping 5s.
2026-08-17 07:28:17,186 [WORKER] [WARNING] Unexpected API response 404: Not Found
. Sleeping 5s.
2026-08-17 07:28:22,744 [WORKER] [WARNING] Unexpected API response 404: Not Found
. Sleeping 5s.
2026-08-17 07:28:28,423 [WORKER] [WARNING] Unexpected API response 404: Not Found
. Sleeping 5s.
2026-08-17 07:28:33,922 [WORKER] [WARNING] Unexpected API response 404: Not Found
. Sleeping 5s.
2026-08-17 07:28:39,402 [WORKER] [WARNING] Unexpected API response 404: Not Found
. Sleeping 5s.
2026-08-17 07:28:44,866 [WORKER] [WARNING] Unexpected API response 404: Not Found
. Sleeping 5s.
2026-08-17 07:28:50,336 [WORKER] [WARNING] Unexpected API response 404: Not Found
. Sleeping 5s.
2026-08-17 07:28:55,794 [WORKER] [WARNING] Unexpected API response 404: Not Found
. Sleeping 5s.
2026-08-17 07:29:01,472 [WORKER] [WARNING] Unexpected API response 404: Not Found
. Sleeping 5s.
2026-08-17 07:29:06,963 [WORKER] [WARNING] Unexpected API response 404: Not Found
. Sleeping 5s.
2026-08-17 07:29:12,439 [WORKER] [WARNING] Unexpected API response 404: Not Found
. Sleeping 5s.
2026-08-17 07:29:17,965 [WORKER] [WARNING] Unexpected API response 404: Not Found
. Sleeping 5s.
2026-08-17 07:29:23,485 [WORKER] [WARNING] Unexpected API response 404: Not Found
. Sleeping 5s.
2026-08-17 07:29:29,103 [WORKER] [WARNING] Unexpected API response 404: Not Found
. Sleeping 5s.
2026-08-17 07:29:34,638 [WORKER] [WARNING] Unexpected API response 404: Not Found
. Sleeping 5s.
2026-08-17 07:29:40,139 [WORKER] [WARNING] Unexpected API response 404: Not Found
. Sleeping 5s.
2026-08-17 07:29:45,822 [WORKER] [WARNING] Unexpected API response 404: Not Found
. Sleeping 5s.
2026-08-17 07:29:51,297 [WORKER] [WARNING] Unexpected API response 404: Not Found
. Sleeping 5s.
2026-08-17 07:29:56,769 [WORKER] [WARNING] Unexpected API response 404: Not Found
. Sleeping 5s.
2026-08-17 07:30:02,289 [WORKER] [WARNING] Unexpected API response 404: Not Found
. Sleeping 5s.
2026-08-17 07:30:07,773 [WORKER] [WARNING] Unexpected API response 404: Not Found
. Sleeping 5s.
2026-08-17 07:30:13,266 [WORKER] [WARNING] Unexpected API response 404: Not Found
. Sleeping 5s.
2026-08-17 07:30:18,780 [WORKER] [WARNING] Unexpected API response 404: Not Found
. Sleeping 5s.
2026-08-17 07:30:24,281 [WORKER] [WARNING] Unexpected API response 404: Not Found
. Sleeping 5s.
2026-08-17 07:30:29,774 [WORKER] [WARNING] Unexpected API response 404: Not Found
. Sleeping 5s.
2026-08-17 07:30:35,287 [WORKER] [WARNING] Unexpected API response 404: Not Found
. Sleeping 5s.
2026-08-17 07:30:40,831 [WORKER] [WARNING] Unexpected API response 404: Not Found
. Sleeping 5s.
2026-08-17 07:30:46,338 [WORKER] [WARNING] Unexpected API response 404: Not Found
. Sleeping 5s.
2026-08-17 07:30:51,891 [WORKER] [WARNING] Unexpected API response 404: Not Found
. Sleeping 5s.
2026-08-17 07:30:57,381 [WORKER] [WARNING] Unexpected API response 404: Not Found
. Sleeping 5s.
2026-08-17 07:31:02,844 [WORKER] [WARNING] Unexpected API response 404: Not Found
. Sleeping 5s.
2026-08-17 07:31:08,325 [WORKER] [WARNING] Unexpected API response 404: Not Found
. Sleeping 5s.
2026-08-17 07:31:14,118 [WORKER] [WARNING] Unexpected API response 404: Not Found
. Sleeping 5s.
2026-08-17 07:31:19,578 [WORKER] [WARNING] Unexpected API response 404: Not Found
. Sleeping 5s.
2026-08-17 07:31:25,106 [WORKER] [WARNING] Unexpected API response 404: Not Found
. Sleeping 5s.
2026-08-17 07:31:30,575 [WORKER] [WARNING] Unexpected API response 404: Not Found
. Sleeping 5s.
2026-08-17 07:31:36,076 [WORKER] [WARNING] Unexpected API response 404: Not Found
. Sleeping 5s.
2026-08-17 07:31:41,559 [WORKER] [WARNING] Unexpected API response 404: Not Found
. Sleeping 5s.
2026-08-17 07:31:47,093 [WORKER] [WARNING] Unexpected API response 404: Not Found
. Sleeping 5s.
2026-08-17 07:31:52,575 [WORKER] [WARNING] Unexpected API response 404: Not Found
. Sleeping 5s.
2026-08-17 07:31:58,083 [WORKER] [WARNING] Unexpected API response 404: Not Found
. Sleeping 5s.
2026-08-17 07:32:03,645 [WORKER] [WARNING] Unexpected API response 404: Not Found
. Sleeping 5s.
2026-08-17 07:32:09,126 [WORKER] [WARNING] Unexpected API response 404: Not Found
. Sleeping 5s.
2026-08-17 07:32:14,632 [WORKER] [WARNING] Unexpected API response 404: Not Found
. Sleeping 5s.
2026-08-17 07:32:20,281 [WORKER] [WARNING] Unexpected API response 404: Not Found
. Sleeping 5s.
2026-08-17 07:32:25,757 [WORKER] [WARNING] Unexpected API response 404: Not Found
. Sleeping 5s.
2026-08-17 07:32:31,264 [WORKER] [WARNING] Unexpected API response 404: Not Found
. Sleeping 5s.
2026-08-17 07:32:36,930 [WORKER] [WARNING] Unexpected API response 404: Not Found
. Sleeping 5s.
2026-08-17 07:32:42,428 [WORKER] [WARNING] Unexpected API response 404: Not Found
. Sleeping 5s.
2026-08-17 07:32:47,909 [WORKER] [WARNING] Unexpected API response 404: Not Found
. Sleeping 5s.
2026-08-17 07:32:53,384 [WORKER] [WARNING] Unexpected API response 404: Not Found
. Sleeping 5s.
2026-08-17 07:32:59,088 [WORKER] [WARNING] Unexpected API response 404: Not Found
. Sleeping 5s.
2026-08-17 07:33:04,537 [WORKER] [WARNING] Unexpected API response 404: Not Found
. Sleeping 5s.
2026-08-17 07:33:10,033 [WORKER] [WARNING] Unexpected API response 404: Not Found
. Sleeping 5s.
2026-08-17 07:33:15,513 [WORKER] [WARNING] Unexpected API response 404: Not Found
. Sleeping 5s.
2026-08-17 07:33:20,991 [WORKER] [WARNING] Unexpected API response 404: Not Found
. Sleeping 5s.
2026-08-17 07:33:28,575 [WORKER] [WARNING] Unexpected API response 404: Not Found
. Sleeping 5s.
2026-08-17 07:33:34,068 [WORKER] [WARNING] Unexpected API response 404: Not Found
. Sleeping 5s.
2026-08-17 07:33:39,553 [WORKER] [WARNING] Unexpected API response 404: Not Found
. Sleeping 5s.
2026-08-17 07:33:45,065 [WORKER] [WARNING] Unexpected API response 404: Not Found
. Sleeping 5s.
2026-08-17 07:33:50,580 [WORKER] [WARNING] Unexpected API response 404: Not Found
. Sleeping 5s.
2026-08-17 07:33:56,056 [WORKER] [WARNING] Unexpected API response 404: Not Found
. Sleeping 5s.
2026-08-17 07:34:01,545 [WORKER] [WARNING] Unexpected API response 404: Not Found
. Sleeping 5s.
2026-08-17 07:34:07,016 [WORKER] [WARNING] Unexpected API response 404: Not Found
. Sleeping 5s.
2026-08-17 07:34:12,508 [WORKER] [WARNING] Unexpected API response 404: Not Found
. Sleeping 5s.
2026-08-17 07:34:18,006 [WORKER] [WARNING] Unexpected API response 404: Not Found
. Sleeping 5s.
2026-08-17 07:34:23,494 [WORKER] [WARNING] Unexpected API response 404: Not Found
. Sleeping 5s.
2026-08-17 07:34:28,982 [WORKER] [WARNING] Unexpected API response 404: Not Found
. Sleeping 5s.
2026-08-17 07:34:34,493 [WORKER] [WARNING] Unexpected API response 404: Not Found
. Sleeping 5s.
2026-08-17 07:34:39,982 [WORKER] [WARNING] Unexpected API response 404: Not Found
. Sleeping 5s.
2026-08-17 07:34:45,448 [WORKER] [WARNING] Unexpected API response 404: Not Found
. Sleeping 5s.
2026-08-17 07:34:51,125 [WORKER] [WARNING] Unexpected API response 404: Not Found
. Sleeping 5s.
2026-08-17 07:34:56,590 [WORKER] [WARNING] Unexpected API response 404: Not Found
. Sleeping 5s.
2026-08-17 07:35:02,073 [WORKER] [WARNING] Unexpected API response 404: Not Found
. Sleeping 5s.
2026-08-17 07:35:07,551 [WORKER] [WARNING] Unexpected API response 404: Not Found
. Sleeping 5s.
2026-08-17 07:35:13,235 [WORKER] [WARNING] Unexpected API response 404: Not Found
. Sleeping 5s.
2026-08-17 07:35:18,740 [WORKER] [WARNING] Unexpected API response 404: Not Found
. Sleeping 5s.
2026-08-17 07:35:24,273 [WORKER] [WARNING] Unexpected API response 404: Not Found
. Sleeping 5s.
2026-08-17 07:35:29,746 [WORKER] [WARNING] Unexpected API response 404: Not Found
. Sleeping 5s.
2026-08-17 07:35:35,220 [WORKER] [WARNING] Unexpected API response 404: Not Found
. Sleeping 5s.
2026-08-17 07:35:40,722 [WORKER] [WARNING] Unexpected API response 404: Not Found
. Sleeping 5s.
2026-08-17 07:35:46,197 [WORKER] [WARNING] Unexpected API response 404: Not Found
. Sleeping 5s.
2026-08-17 07:35:52,002 [WORKER] [WARNING] Unexpected API response 404: Not Found
. Sleeping 5s.
2026-08-17 07:35:57,492 [WORKER] [WARNING] Unexpected API response 404: Not Found
. Sleeping 5s.
2026-08-17 07:36:02,972 [WORKER] [WARNING] Unexpected API response 404: Not Found
. Sleeping 5s.
2026-08-17 07:36:08,431 [WORKER] [WARNING] Unexpected API response 404: Not Found
. Sleeping 5s.
2026-08-17 07:36:13,910 [WORKER] [WARNING] Unexpected API response 404: Not Found
. Sleeping 5s.
2026-08-17 07:36:19,380 [WORKER] [WARNING] Unexpected API response 404: Not Found
. Sleeping 5s.
2026-08-17 07:36:24,870 [WORKER] [WARNING] Unexpected API response 404: Not Found
. Sleeping 5s.
2026-08-17 07:36:30,533 [WORKER] [WARNING] Unexpected API response 404: Not Found
. Sleeping 5s.
2026-08-17 07:36:36,020 [WORKER] [WARNING] Unexpected API response 404: Not Found
. Sleeping 5s.
2026-08-17 07:36:41,514 [WORKER] [WARNING] Unexpected API response 404: Not Found
. Sleeping 5s.
2026-08-17 07:36:47,004 [WORKER] [WARNING] Unexpected API response 404: Not Found
. Sleeping 5s.
2026-08-17 07:36:52,464 [WORKER] [WARNING] Unexpected API response 404: Not Found
. Sleeping 5s.
2026-08-17 07:36:57,936 [WORKER] [WARNING] Unexpected API response 404: Not Found
. Sleeping 5s.
2026-08-17 07:37:03,774 [WORKER] [WARNING] Unexpected API response 404: Not Found
. Sleeping 5s.
2026-08-17 07:37:09,272 [WORKER] [WARNING] Unexpected API response 404: Not Found
. Sleeping 5s.
2026-08-17 07:37:14,780 [WORKER] [WARNING] Unexpected API response 404: Not Found
. Sleeping 5s.
2026-08-17 07:37:20,263 [WORKER] [WARNING] Unexpected API response 404: Not Found
. Sleeping 5s.
2026-08-17 07:37:25,767 [WORKER] [WARNING] Unexpected API response 404: Not Found
. Sleeping 5s.
2026-08-17 07:37:31,235 [WORKER] [WARNING] Unexpected API response 404: Not Found
. Sleeping 5s.
2026-08-17 07:37:36,970 [WORKER] [WARNING] Unexpected API response 404: Not Found
. Sleeping 5s.
2026-08-17 07:37:42,525 [WORKER] [WARNING] Unexpected API response 404: Not Found
. Sleeping 5s.
2026-08-17 07:37:48,221 [WORKER] [WARNING] Unexpected API response 404: Not Found
. Sleeping 5s.
2026-08-17 07:37:53,703 [WORKER] [WARNING] Unexpected API response 404: Not Found
. Sleeping 5s.
2026-08-17 07:37:59,394 [WORKER] [WARNING] Unexpected API response 404: Not Found
. Sleeping 5s.
2026-08-17 07:38:04,933 [WORKER] [WARNING] Unexpected API response 404: Not Found
. Sleeping 5s.
2026-08-17 07:38:10,435 [WORKER] [WARNING] Unexpected API response 404: Not Found
. Sleeping 5s.
2026-08-17 07:38:15,924 [WORKER] [WARNING] Unexpected API response 404: Not Found
. Sleeping 5s.
2026-08-17 07:38:21,410 [WORKER] [WARNING] Unexpected API response 404: Not Found
. Sleeping 5s.
2026-08-17 07:38:28,200 [WORKER] [WARNING] Unexpected API response 404: Not Found
. Sleeping 5s.
2026-08-17 07:38:33,676 [WORKER] [WARNING] Unexpected API response 404: Not Found
. Sleeping 5s.
2026-08-17 07:38:39,171 [WORKER] [WARNING] Unexpected API response 404: Not Found
. Sleeping 5s.
2026-08-17 07:38:44,673 [WORKER] [WARNING] Unexpected API response 404: Not Found
. Sleeping 5s.
2026-08-17 07:38:50,155 [WORKER] [WARNING] Unexpected API response 404: Not Found
. Sleeping 5s.
2026-08-17 07:38:55,668 [WORKER] [WARNING] Unexpected API response 404: Not Found
. Sleeping 5s.
2026-08-17 07:39:01,144 [WORKER] [WARNING] Unexpected API response 404: Not Found
. Sleeping 5s.
2026-08-17 07:39:06,627 [WORKER] [WARNING] Unexpected API response 404: Not Found
. Sleeping 5s.
2026-08-17 07:39:12,123 [WORKER] [WARNING] Unexpected API response 404: Not Found
. Sleeping 5s.
2026-08-17 07:39:17,587 [WORKER] [WARNING] Unexpected API response 404: Not Found
. Sleeping 5s.
2026-08-17 07:39:23,068 [WORKER] [WARNING] Unexpected API response 404: Not Found
. Sleeping 5s.
2026-08-17 07:39:28,550 [WORKER] [WARNING] Unexpected API response 404: Not Found
. Sleeping 5s.
2026-08-17 07:39:34,040 [WORKER] [WARNING] Unexpected API response 404: Not Found
. Sleeping 5s.
2026-08-17 07:39:39,530 [WORKER] [WARNING] Unexpected API response 404: Not Found
. Sleeping 5s.
2026-08-17 07:39:45,027 [WORKER] [WARNING] Unexpected API response 404: Not Found
. Sleeping 5s.
2026-08-17 07:39:50,525 [WORKER] [WARNING] Unexpected API response 404: Not Found
. Sleeping 5s.
2026-08-17 07:39:56,001 [WORKER] [WARNING] Unexpected API response 404: Not Found
. Sleeping 5s.
2026-08-17 07:40:01,506 [WORKER] [WARNING] Unexpected API response 404: Not Found
. Sleeping 5s.
2026-08-17 07:40:07,345 [WORKER] [WARNING] Unexpected API response 404: Not Found
. Sleeping 5s.
2026-08-17 07:40:13,037 [WORKER] [WARNING] Unexpected API response 404: Not Found
. Sleeping 5s.
2026-08-17 07:40:18,535 [WORKER] [WARNING] Unexpected API response 404: Not Found
. Sleeping 5s.
2026-08-17 07:40:26,002 [WORKER] [WARNING] Unexpected API response 404: Not Found
. Sleeping 5s.
2026-08-17 07:40:31,711 [WORKER] [WARNING] Unexpected API response 404: Not Found
. Sleeping 5s.
2026-08-17 07:40:37,226 [WORKER] [WARNING] Unexpected API response 404: Not Found
. Sleeping 5s.
2026-08-17 07:40:42,776 [WORKER] [WARNING] Unexpected API response 404: Not Found
. Sleeping 5s.
2026-08-17 07:40:48,284 [WORKER] [WARNING] Unexpected API response 404: Not Found
. Sleeping 5s.
2026-08-17 07:40:53,787 [WORKER] [WARNING] Unexpected API response 404: Not Found
. Sleeping 5s.
2026-08-17 07:40:59,268 [WORKER] [WARNING] Unexpected API response 404: Not Found
. Sleeping 5s.
2026-08-17 07:41:04,756 [WORKER] [WARNING] Unexpected API response 404: Not Found
. Sleeping 5s.
2026-08-17 07:41:10,245 [WORKER] [WARNING] Unexpected API response 404: Not Found
. Sleeping 5s.
2026-08-17 07:41:15,797 [WORKER] [WARNING] Unexpected API response 404: Not Found
. Sleeping 5s.
2026-08-17 07:41:21,278 [WORKER] [WARNING] Unexpected API response 404: Not Found
. Sleeping 5s.
2026-08-17 07:41:26,742 [WORKER] [WARNING] Unexpected API response 404: Not Found
. Sleeping 5s.
2026-08-17 07:41:32,431 [WORKER] [WARNING] Unexpected API response 404: Not Found
. Sleeping 5s.
2026-08-17 07:41:37,890 [WORKER] [WARNING] Unexpected API response 404: Not Found
. Sleeping 5s.
2026-08-17 07:41:43,348 [WORKER] [WARNING] Unexpected API response 404: Not Found
. Sleeping 5s.
2026-08-17 07:41:49,163 [WORKER] [WARNING] Unexpected API response 404: Not Found
. Sleeping 5s.
2026-08-17 07:41:54,634 [WORKER] [WARNING] Unexpected API response 404: Not Found
. Sleeping 5s.
2026-08-17 07:42:00,118 [WORKER] [WARNING] Unexpected API response 404: Not Found
. Sleeping 5s.
2026-08-17 07:42:05,808 [WORKER] [WARNING] Unexpected API response 404: Not Found
. Sleeping 5s.
2026-08-17 07:42:11,277 [WORKER] [WARNING] Unexpected API response 404: Not Found
. Sleeping 5s.
2026-08-17 07:42:16,753 [WORKER] [WARNING] Unexpected API response 404: Not Found
. Sleeping 5s.
2026-08-17 07:42:22,238 [WORKER] [WARNING] Unexpected API response 404: Not Found
. Sleeping 5s.
2026-08-17 07:42:27,701 [WORKER] [WARNING] Unexpected API response 404: Not Found
. Sleeping 5s.
2026-08-17 07:42:33,178 [WORKER] [WARNING] Unexpected API response 404: Not Found
. Sleeping 5s.
2026-08-17 07:42:38,659 [WORKER] [WARNING] Unexpected API response 404: Not Found
. Sleeping 5s.
2026-08-17 07:42:44,261 [WORKER] [WARNING] Unexpected API response 404: Not Found
. Sleeping 5s.
2026-08-17 07:42:49,736 [WORKER] [WARNING] Unexpected API response 404: Not Found
. Sleeping 5s.
2026-08-17 07:42:55,441 [WORKER] [WARNING] Unexpected API response 404: Not Found
. Sleeping 5s.
2026-08-17 07:43:00,917 [WORKER] [WARNING] Unexpected API response 404: Not Found
. Sleeping 5s.
2026-08-17 07:43:06,589 [WORKER] [WARNING] Unexpected API response 404: Not Found
. Sleeping 5s.
2026-08-17 07:43:12,108 [WORKER] [WARNING] Unexpected API response 404: Not Found
. Sleeping 5s.
2026-08-17 07:43:17,625 [WORKER] [WARNING] Unexpected API response 404: Not Found
. Sleeping 5s.
2026-08-17 07:43:25,691 [WORKER] [WARNING] Unexpected API response 404: Not Found
. Sleeping 5s.
2026-08-17 07:43:31,316 [WORKER] [WARNING] Unexpected API response 404: Not Found
. Sleeping 5s.
2026-08-17 07:43:36,840 [WORKER] [WARNING] Unexpected API response 404: Not Found
. Sleeping 5s.
2026-08-17 07:43:42,353 [WORKER] [WARNING] Unexpected API response 404: Not Found
. Sleeping 5s.
2026-08-17 07:43:47,876 [WORKER] [WARNING] Unexpected API response 404: Not Found
. Sleeping 5s.
2026-08-17 07:43:53,378 [WORKER] [WARNING] Unexpected API response 404: Not Found
. Sleeping 5s.
2026-08-17 07:43:58,882 [WORKER] [WARNING] Unexpected API response 404: Not Found
. Sleeping 5s.
2026-08-17 07:44:04,501 [WORKER] [WARNING] Unexpected API response 404: Not Found
. Sleeping 5s.
2026-08-17 07:44:09,990 [WORKER] [WARNING] Unexpected API response 404: Not Found
. Sleeping 5s.
2026-08-17 07:44:15,468 [WORKER] [WARNING] Unexpected API response 404: Not Found
. Sleeping 5s.
2026-08-17 07:44:20,989 [WORKER] [WARNING] Unexpected API response 404: Not Found
. Sleeping 5s.
2026-08-17 07:44:26,578 [WORKER] [WARNING] Unexpected API response 404: Not Found
. Sleeping 5s.
2026-08-17 07:44:32,082 [WORKER] [WARNING] Unexpected API response 404: Not Found
. Sleeping 5s.
2026-08-17 07:44:37,762 [WORKER] [WARNING] Unexpected API response 404: Not Found
. Sleeping 5s.
2026-08-17 07:44:43,244 [WORKER] [WARNING] Unexpected API response 404: Not Found
. Sleeping 5s.
2026-08-17 07:44:48,703 [WORKER] [WARNING] Unexpected API response 404: Not Found
. Sleeping 5s.
2026-08-17 07:44:54,163 [WORKER] [WARNING] Unexpected API response 404: Not Found
. Sleeping 5s.
2026-08-17 07:44:59,658 [WORKER] [WARNING] Unexpected API response 404: Not Found
. Sleeping 5s.
2026-08-17 07:45:05,129 [WORKER] [WARNING] Unexpected API response 404: Not Found
. Sleeping 5s.
2026-08-17 07:45:10,939 [WORKER] [WARNING] Unexpected API response 404: Not Found
. Sleeping 5s.
2026-08-17 07:45:16,469 [WORKER] [WARNING] Unexpected API response 404: Not Found
. Sleeping 5s.
2026-08-17 07:45:22,019 [WORKER] [WARNING] Unexpected API response 404: Not Found
. Sleeping 5s.
2026-08-17 07:45:28,022 [WORKER] [WARNING] Unexpected API response 404: Not Found
. Sleeping 5s.
2026-08-17 07:45:33,557 [WORKER] [WARNING] Unexpected API response 404: Not Found
. Sleeping 5s.
2026-08-17 07:45:39,417 [WORKER] [WARNING] Unexpected API response 404: Not Found
. Sleeping 5s.
2026-08-17 07:45:46,423 [WORKER] [WARNING] Unexpected API response 404: Not Found
. Sleeping 5s.
2026-08-17 07:45:51,888 [WORKER] [WARNING] Unexpected API response 404: Not Found
. Sleeping 5s.
2026-08-17 07:45:57,385 [WORKER] [WARNING] Unexpected API response 404: Not Found
. Sleeping 5s.
2026-08-17 07:46:02,871 [WORKER] [WARNING] Unexpected API response 404: Not Found
. Sleeping 5s.
2026-08-17 07:46:08,390 [WORKER] [WARNING] Unexpected API response 404: Not Found
. Sleeping 5s.
2026-08-17 07:46:13,903 [WORKER] [WARNING] Unexpected API response 404: Not Found
. Sleeping 5s.
2026-08-17 07:46:19,502 [WORKER] [WARNING] Unexpected API response 404: Not Found
. Sleeping 5s.
2026-08-17 07:46:25,003 [WORKER] [WARNING] Unexpected API response 404: Not Found
. Sleeping 5s.
2026-08-17 07:46:30,513 [WORKER] [WARNING] Unexpected API response 404: Not Found
. Sleeping 5s.
2026-08-17 07:46:36,190 [WORKER] [WARNING] Unexpected API response 404: Not Found
. Sleeping 5s.
2026-08-17 07:46:41,664 [WORKER] [WARNING] Unexpected API response 404: Not Found
. Sleeping 5s.
2026-08-17 07:46:47,174 [WORKER] [WARNING] Unexpected API response 404: Not Found
. Sleeping 5s.
2026-08-17 07:46:53,537 [WORKER] [WARNING] Unexpected API response 404: Not Found
. Sleeping 5s.
2026-08-17 07:46:59,067 [WORKER] [WARNING] Unexpected API response 404: Not Found
. Sleeping 5s.
2026-08-17 07:47:05,206 [WORKER] [WARNING] Unexpected API response 404: Not Found
. Sleeping 5s.
2026-08-17 07:47:10,889 [WORKER] [WARNING] Unexpected API response 404: Not Found
. Sleeping 5s.
2026-08-17 07:47:16,359 [WORKER] [WARNING] Unexpected API response 404: Not Found
. Sleeping 5s.
2026-08-17 07:47:21,853 [WORKER] [WARNING] Unexpected API response 404: Not Found
. Sleeping 5s.
2026-08-17 07:47:27,336 [WORKER] [WARNING] Unexpected API response 404: Not Found
. Sleeping 5s.
2026-08-17 07:47:32,983 [WORKER] [WARNING] Unexpected API response 404: Not Found
. Sleeping 5s.
2026-08-17 07:47:38,645 [WORKER] [WARNING] Unexpected API response 404: Not Found
. Sleeping 5s.
2026-08-17 07:47:44,148 [WORKER] [WARNING] Unexpected API response 404: Not Found
. Sleeping 5s.
2026-08-17 07:47:49,714 [WORKER] [WARNING] Unexpected API response 404: Not Found
. Sleeping 5s.
2026-08-17 07:47:55,208 [WORKER] [WARNING] Unexpected API response 404: Not Found
. Sleeping 5s.
2026-08-17 07:48:01,463 [WORKER] [WARNING] Unexpected API response 404: Not Found
. Sleeping 5s.
2026-08-17 07:48:07,045 [WORKER] [WARNING] Unexpected API response 404: Not Found
. Sleeping 5s.
2026-08-17 07:48:18,655 [WORKER] [WARNING] Unexpected API response 404: Not Found
. Sleeping 5s.
2026-08-17 07:48:24,256 [WORKER] [WARNING] Unexpected API response 404: Not Found
. Sleeping 5s.
2026-08-17 07:48:30,171 [WORKER] [WARNING] Unexpected API response 404: Not Found
. Sleeping 5s.
2026-08-17 07:48:35,737 [WORKER] [WARNING] Unexpected API response 404: Not Found
. Sleeping 5s.
2026-08-17 07:48:41,261 [WORKER] [WARNING] Unexpected API response 404: Not Found
. Sleeping 5s.
2026-08-17 07:48:46,817 [WORKER] [WARNING] Unexpected API response 404: Not Found
. Sleeping 5s.
2026-08-17 07:48:52,554 [WORKER] [WARNING] Unexpected API response 404: Not Found
. Sleeping 5s.
2026-08-17 07:48:58,370 [WORKER] [WARNING] Unexpected API response 404: Not Found
. Sleeping 5s.
2026-08-17 07:49:03,863 [WORKER] [WARNING] Unexpected API response 404: Not Found
. Sleeping 5s.
2026-08-17 07:49:09,389 [WORKER] [WARNING] Unexpected API response 404: Not Found
. Sleeping 5s.
2026-08-17 07:49:14,938 [WORKER] [WARNING] Unexpected API response 404: Not Found
. Sleeping 5s.
2026-08-17 07:49:20,548 [WORKER] [WARNING] Unexpected API response 404: Not Found
. Sleeping 5s.
2026-08-17 07:49:26,029 [WORKER] [WARNING] Unexpected API response 404: Not Found
. Sleeping 5s.
2026-08-17 07:49:32,219 [WORKER] [WARNING] Unexpected API response 404: Not Found
. Sleeping 5s.
2026-08-17 07:49:37,806 [WORKER] [WARNING] Unexpected API response 404: Not Found
. Sleeping 5s.
2026-08-17 07:49:43,285 [WORKER] [WARNING] Unexpected API response 404: Not Found
. Sleeping 5s.
2026-08-17 07:49:48,775 [WORKER] [WARNING] Unexpected API response 404: Not Found
. Sleeping 5s.
2026-08-17 07:49:54,272 [WORKER] [WARNING] Unexpected API response 404: Not Found
. Sleeping 5s.
2026-08-17 07:49:59,824 [WORKER] [WARNING] Unexpected API response 404: Not Found
. Sleeping 5s.
2026-08-17 07:50:05,324 [WORKER] [WARNING] Unexpected API response 404: Not Found
. Sleeping 5s.
2026-08-17 07:50:10,898 [WORKER] [WARNING] Unexpected API response 404: Not Found
. Sleeping 5s.
2026-08-17 07:50:16,439 [WORKER] [WARNING] Unexpected API response 404: Not Found
. Sleeping 5s.
2026-08-17 07:50:22,146 [WORKER] [WARNING] Unexpected API response 404: Not Found
. Sleeping 5s.
2026-08-17 07:50:27,777 [WORKER] [WARNING] Unexpected API response 404: Not Found
. Sleeping 5s.
2026-08-17 07:50:33,322 [WORKER] [WARNING] Unexpected API response 404: Not Found
. Sleeping 5s.
2026-08-17 07:50:38,806 [WORKER] [WARNING] Unexpected API response 404: Not Found
. Sleeping 5s.
2026-08-17 07:50:44,384 [WORKER] [WARNING] Unexpected API response 404: Not Found
. Sleeping 5s.
2026-08-17 07:50:50,291 [WORKER] [WARNING] Unexpected API response 404: Not Found
. Sleeping 5s.
2026-08-17 07:50:55,844 [WORKER] [WARNING] Unexpected API response 404: Not Found
. Sleeping 5s.
2026-08-17 07:51:01,406 [WORKER] [WARNING] Unexpected API response 404: Not Found
. Sleeping 5s.
2026-08-17 07:51:07,046 [WORKER] [WARNING] Unexpected API response 404: Not Found
. Sleeping 5s.
2026-08-17 07:51:12,549 [WORKER] [WARNING] Unexpected API response 404: Not Found
. Sleeping 5s.
2026-08-17 07:51:18,034 [WORKER] [WARNING] Unexpected API response 404: Not Found
. Sleeping 5s.
2026-08-17 07:51:23,530 [WORKER] [WARNING] Unexpected API response 404: Not Found
. Sleeping 5s.
2026-08-17 07:51:29,144 [WORKER] [WARNING] Unexpected API response 404: Not Found
. Sleeping 5s.
2026-08-17 07:51:34,633 [WORKER] [WARNING] Unexpected API response 404: Not Found
. Sleeping 5s.
2026-08-17 07:51:45,743 [WORKER] [WARNING] Unexpected API response 404: Not Found
. Sleeping 5s.
2026-08-17 07:51:51,266 [WORKER] [WARNING] Unexpected API response 404: Not Found
. Sleeping 5s.
2026-08-17 07:51:56,842 [WORKER] [WARNING] Unexpected API response 404: Not Found
. Sleeping 5s.
2026-08-17 07:52:02,431 [WORKER] [WARNING] Unexpected API response 404: Not Found
. Sleeping 5s.
2026-08-17 07:52:07,952 [WORKER] [WARNING] Unexpected API response 404: Not Found
. Sleeping 5s.
2026-08-17 07:52:13,428 [WORKER] [WARNING] Unexpected API response 404: Not Found
. Sleeping 5s.
2026-08-17 07:52:24,523 [WORKER] [WARNING] Unexpected API response 404: Not Found
. Sleeping 5s.
2026-08-17 07:52:30,038 [WORKER] [WARNING] Unexpected API response 404: Not Found
. Sleeping 5s.
2026-08-17 07:52:35,612 [WORKER] [WARNING] Unexpected API response 404: Not Found
. Sleeping 5s.
2026-08-17 07:52:41,621 [WORKER] [WARNING] Unexpected API response 404: Not Found
. Sleeping 5s.
2026-08-17 07:52:47,333 [WORKER] [WARNING] Unexpected API response 404: Not Found
. Sleeping 5s.
2026-08-17 07:52:52,900 [WORKER] [WARNING] Unexpected API response 404: Not Found
. Sleeping 5s.
2026-08-17 07:52:58,382 [WORKER] [WARNING] Unexpected API response 404: Not Found
. Sleeping 5s.
2026-08-17 07:53:03,864 [WORKER] [WARNING] Unexpected API response 404: Not Found
. Sleeping 5s.
2026-08-17 07:53:09,358 [WORKER] [WARNING] Unexpected API response 404: Not Found
. Sleeping 5s.
2026-08-17 07:53:15,027 [WORKER] [WARNING] Unexpected API response 404: Not Found
. Sleeping 5s.
2026-08-17 07:53:20,488 [WORKER] [WARNING] Unexpected API response 404: Not Found
. Sleeping 5s.
2026-08-17 07:53:25,944 [WORKER] [WARNING] Unexpected API response 404: Not Found
. Sleeping 5s.
2026-08-17 07:53:31,500 [WORKER] [WARNING] Unexpected API response 404: Not Found
. Sleeping 5s.
2026-08-17 07:53:36,998 [WORKER] [WARNING] Unexpected API response 404: Not Found
. Sleeping 5s.
2026-08-17 07:53:42,447 [WORKER] [WARNING] Unexpected API response 404: Not Found
. Sleeping 5s.
2026-08-17 07:53:47,925 [WORKER] [WARNING] Unexpected API response 404: Not Found
. Sleeping 5s.
2026-08-17 07:53:53,436 [WORKER] [WARNING] Unexpected API response 404: Not Found
. Sleeping 5s.
2026-08-17 07:53:58,966 [WORKER] [WARNING] Unexpected API response 404: Not Found
. Sleeping 5s.
2026-08-17 07:54:04,479 [WORKER] [WARNING] Unexpected API response 404: Not Found
. Sleeping 5s.
2026-08-17 07:54:10,023 [WORKER] [WARNING] Unexpected API response 404: Not Found
. Sleeping 5s.
2026-08-17 07:54:15,504 [WORKER] [WARNING] Unexpected API response 404: Not Found
. Sleeping 5s.
2026-08-17 07:54:21,019 [WORKER] [WARNING] Unexpected API response 404: Not Found
. Sleeping 5s.
2026-08-17 07:54:26,511 [WORKER] [WARNING] Unexpected API response 404: Not Found
. Sleeping 5s.
2026-08-17 07:54:32,027 [WORKER] [WARNING] Unexpected API response 404: Not Found
. Sleeping 5s.
2026-08-17 07:54:37,570 [WORKER] [WARNING] Unexpected API response 404: Not Found
. Sleeping 5s.
2026-08-17 07:54:43,099 [WORKER] [WARNING] Unexpected API response 404: Not Found
. Sleeping 5s.
2026-08-17 07:54:48,609 [WORKER] [WARNING] Unexpected API response 404: Not Found
. Sleeping 5s.
2026-08-17 07:54:54,079 [WORKER] [WARNING] Unexpected API response 404: Not Found
. Sleeping 5s.
2026-08-17 07:54:59,595 [WORKER] [WARNING] Unexpected API response 404: Not Found
. Sleeping 5s.
2026-08-17 07:55:05,069 [WORKER] [WARNING] Unexpected API response 404: Not Found
. Sleeping 5s.
2026-08-17 07:55:10,702 [WORKER] [WARNING] Unexpected API response 404: Not Found
. Sleeping 5s.
2026-08-17 07:55:16,466 [WORKER] [WARNING] Unexpected API response 404: Not Found
. Sleeping 5s.
2026-08-17 07:55:21,998 [WORKER] [WARNING] Unexpected API response 404: Not Found
. Sleeping 5s.
2026-08-17 07:55:27,474 [WORKER] [WARNING] Unexpected API response 404: Not Found
. Sleeping 5s.
2026-08-17 07:55:33,030 [WORKER] [WARNING] Unexpected API response 404: Not Found
. Sleeping 5s.
2026-08-17 07:55:38,594 [WORKER] [WARNING] Unexpected API response 404: Not Found
. Sleeping 5s.
2026-08-17 07:55:44,089 [WORKER] [WARNING] Unexpected API response 404: Not Found
. Sleeping 5s.
2026-08-17 07:55:49,565 [WORKER] [WARNING] Unexpected API response 404: Not Found
. Sleeping 5s.
2026-08-17 07:55:55,173 [WORKER] [WARNING] Unexpected API response 404: Not Found
. Sleeping 5s.
2026-08-17 07:56:00,667 [WORKER] [WARNING] Unexpected API response 404: Not Found
. Sleeping 5s.
2026-08-17 07:56:06,138 [WORKER] [WARNING] Unexpected API response 404: Not Found
. Sleeping 5s.
2026-08-17 07:56:11,628 [WORKER] [WARNING] Unexpected API response 404: Not Found
. Sleeping 5s.
2026-08-17 07:56:20,033 [WORKER] [WARNING] Unexpected API response 404: Not Found
. Sleeping 5s.
2026-08-17 07:56:25,538 [WORKER] [WARNING] Unexpected API response 404: Not Found
. Sleeping 5s.
2026-08-17 07:56:31,003 [WORKER] [WARNING] Unexpected API response 404: Not Found
. Sleeping 5s.
2026-08-17 07:56:36,497 [WORKER] [WARNING] Unexpected API response 404: Not Found
. Sleeping 5s.
2026-08-17 07:56:41,992 [WORKER] [WARNING] Unexpected API response 404: Not Found
. Sleeping 5s.
2026-08-17 07:56:47,890 [WORKER] [WARNING] Unexpected API response 404: Not Found
. Sleeping 5s.
2026-08-17 07:56:53,436 [WORKER] [WARNING] Unexpected API response 404: Not Found
. Sleeping 5s.
2026-08-17 07:56:59,179 [WORKER] [WARNING] Unexpected API response 404: Not Found
. Sleeping 5s.
2026-08-17 07:57:04,804 [WORKER] [WARNING] Unexpected API response 404: Not Found
. Sleeping 5s.
2026-08-17 07:57:11,234 [WORKER] [WARNING] Unexpected API response 404: Not Found
. Sleeping 5s.
2026-08-17 07:57:16,744 [WORKER] [WARNING] Unexpected API response 404: Not Found
. Sleeping 5s.
2026-08-17 07:57:22,260 [WORKER] [WARNING] Unexpected API response 404: Not Found
. Sleeping 5s.
2026-08-17 07:57:28,107 [WORKER] [WARNING] Unexpected API response 404: Not Found
. Sleeping 5s.
2026-08-17 07:57:34,075 [WORKER] [WARNING] Unexpected API response 404: Not Found
. Sleeping 5s.
2026-08-17 07:57:39,597 [WORKER] [WARNING] Unexpected API response 404: Not Found
. Sleeping 5s.
2026-08-17 07:57:45,983 [WORKER] [WARNING] Unexpected API response 404: Not Found
. Sleeping 5s.
2026-08-17 07:57:51,804 [WORKER] [WARNING] Unexpected API response 404: Not Found
. Sleeping 5s.
2026-08-17 07:57:57,643 [WORKER] [WARNING] Unexpected API response 404: Not Found
. Sleeping 5s.
2026-08-17 07:58:03,237 [WORKER] [WARNING] Unexpected API response 404: Not Found
. Sleeping 5s.
2026-08-17 07:58:08,704 [WORKER] [WARNING] Unexpected API response 404: Not Found
. Sleeping 5s.
2026-08-17 07:58:14,232 [WORKER] [WARNING] Unexpected API response 404: Not Found
. Sleeping 5s.
2026-08-17 07:58:19,806 [WORKER] [WARNING] Unexpected API response 404: Not Found
. Sleeping 5s.
2026-08-17 07:58:25,352 [WORKER] [WARNING] Unexpected API response 404: Not Found
. Sleeping 5s.
2026-08-17 07:58:33,014 [WORKER] [WARNING] Unexpected API response 404: Not Found
. Sleeping 5s.
2026-08-17 07:58:38,941 [WORKER] [WARNING] Unexpected API response 404: Not Found
. Sleeping 5s.
2026-08-17 07:58:44,640 [WORKER] [WARNING] Unexpected API response 404: Not Found
. Sleeping 5s.
2026-08-17 07:58:50,307 [WORKER] [WARNING] Unexpected API response 404: Not Found
. Sleeping 5s.
2026-08-17 07:58:55,913 [WORKER] [WARNING] Unexpected API response 404: Not Found
. Sleeping 5s.
2026-08-17 07:59:01,411 [WORKER] [WARNING] Unexpected API response 404: Not Found
. Sleeping 5s.
2026-08-17 07:59:06,923 [WORKER] [WARNING] Unexpected API response 404: Not Found
. Sleeping 5s.
2026-08-17 07:59:12,404 [WORKER] [WARNING] Unexpected API response 404: Not Found
. Sleeping 5s.
2026-08-17 07:59:17,903 [WORKER] [WARNING] Unexpected API response 404: Not Found
. Sleeping 5s.
2026-08-17 07:59:23,380 [WORKER] [WARNING] Unexpected API response 404: Not Found
. Sleeping 5s.
2026-08-17 07:59:28,866 [WORKER] [WARNING] Unexpected API response 404: Not Found
. Sleeping 5s.
2026-08-17 07:59:35,369 [WORKER] [WARNING] Unexpected API response 404: Not Found
. Sleeping 5s.
2026-08-17 07:59:41,707 [WORKER] [WARNING] Unexpected API response 404: Not Found
. Sleeping 5s.
2026-08-17 07:59:47,750 [WORKER] [WARNING] Unexpected API response 404: Not Found
. Sleeping 5s.
2026-08-17 07:59:53,270 [WORKER] [WARNING] Unexpected API response 404: Not Found
. Sleeping 5s.
2026-08-17 07:59:59,651 [WORKER] [WARNING] Unexpected API response 404: Not Found
. Sleeping 5s.
2026-08-17 08:00:05,252 [WORKER] [WARNING] Unexpected API response 404: Not Found
. Sleeping 5s.
2026-08-17 08:00:10,777 [WORKER] [WARNING] Unexpected API response 404: Not Found
. Sleeping 5s.
2026-08-17 08:00:16,589 [WORKER] [WARNING] Unexpected API response 404: Not Found
. Sleeping 5s.
2026-08-17 08:00:22,147 [WORKER] [WARNING] Unexpected API response 404: Not Found
. Sleeping 5s.
2026-08-17 08:00:28,457 [WORKER] [WARNING] Unexpected API response 404: Not Found
. Sleeping 5s.
2026-08-17 08:00:34,050 [WORKER] [WARNING] Unexpected API response 404: Not Found
. Sleeping 5s.
2026-08-17 08:00:40,486 [WORKER] [WARNING] Unexpected API response 404: Not Found
. Sleeping 5s.
2026-08-17 08:00:46,009 [WORKER] [WARNING] Unexpected API response 404: Not Found
. Sleeping 5s.
2026-08-17 08:00:51,604 [WORKER] [WARNING] Unexpected API response 404: Not Found
. Sleeping 5s.
2026-08-17 08:00:58,490 [WORKER] [WARNING] Unexpected API response 404: Not Found
. Sleeping 5s.
2026-08-17 08:01:04,010 [WORKER] [WARNING] Unexpected API response 404: Not Found
. Sleeping 5s.
2026-08-17 08:01:09,524 [WORKER] [WARNING] Unexpected API response 404: Not Found
. Sleeping 5s.
2026-08-17 08:01:15,065 [WORKER] [WARNING] Unexpected API response 404: Not Found
. Sleeping 5s.
2026-08-17 08:01:21,335 [WORKER] [WARNING] Unexpected API response 404: Not Found
. Sleeping 5s.
2026-08-17 08:01:27,045 [WORKER] [WARNING] Unexpected API response 404: Not Found
. Sleeping 5s.
2026-08-17 08:01:32,536 [WORKER] [WARNING] Unexpected API response 404: Not Found
. Sleeping 5s.
2026-08-17 08:01:38,001 [WORKER] [WARNING] Unexpected API response 404: Not Found
. Sleeping 5s.
2026-08-17 08:01:43,475 [WORKER] [WARNING] Unexpected API response 404: Not Found
. Sleeping 5s.
2026-08-17 08:01:48,950 [WORKER] [WARNING] Unexpected API response 404: Not Found
. Sleeping 5s.
2026-08-17 08:01:54,719 [WORKER] [WARNING] Unexpected API response 404: Not Found
. Sleeping 5s.
2026-08-17 08:02:00,182 [WORKER] [WARNING] Unexpected API response 404: Not Found
. Sleeping 5s.
2026-08-17 08:02:05,885 [WORKER] [WARNING] Unexpected API response 404: Not Found
. Sleeping 5s.
2026-08-17 08:02:11,368 [WORKER] [WARNING] Unexpected API response 404: Not Found
. Sleeping 5s.
2026-08-17 08:02:16,877 [WORKER] [WARNING] Unexpected API response 404: Not Found
. Sleeping 5s.
2026-08-17 08:02:22,356 [WORKER] [WARNING] Unexpected API response 404: Not Found
. Sleeping 5s.
2026-08-17 08:02:27,834 [WORKER] [WARNING] Unexpected API response 404: Not Found
. Sleeping 5s.
2026-08-17 08:02:33,589 [WORKER] [WARNING] Unexpected API response 404: Not Found
. Sleeping 5s.
2026-08-17 08:02:39,102 [WORKER] [WARNING] Unexpected API response 404: Not Found
. Sleeping 5s.
2026-08-17 08:02:44,706 [WORKER] [WARNING] Unexpected API response 404: Not Found
. Sleeping 5s.
2026-08-17 08:02:50,405 [WORKER] [WARNING] Unexpected API response 404: Not Found
. Sleeping 5s.
2026-08-17 08:02:55,920 [WORKER] [WARNING] Unexpected API response 404: Not Found
. Sleeping 5s.
2026-08-17 08:03:02,250 [WORKER] [WARNING] Unexpected API response 404: Not Found
. Sleeping 5s.
2026-08-17 08:03:07,845 [WORKER] [WARNING] Unexpected API response 404: Not Found
. Sleeping 5s.
2026-08-17 08:03:14,390 [WORKER] [WARNING] Unexpected API response 404: Not Found
. Sleeping 5s.
2026-08-17 08:03:19,916 [WORKER] [WARNING] Unexpected API response 404: Not Found
. Sleeping 5s.
2026-08-17 08:03:25,599 [WORKER] [WARNING] Unexpected API response 404: Not Found
. Sleeping 5s.
2026-08-17 08:03:31,350 [WORKER] [WARNING] Unexpected API response 404: Not Found
. Sleeping 5s.
2026-08-17 08:03:37,045 [WORKER] [WARNING] Unexpected API response 404: Not Found
. Sleeping 5s.
2026-08-17 08:03:42,525 [WORKER] [WARNING] Unexpected API response 404: Not Found
. Sleeping 5s.
2026-08-17 08:03:48,165 [WORKER] [WARNING] Unexpected API response 404: Not Found
. Sleeping 5s.
2026-08-17 08:03:55,490 [WORKER] [WARNING] Unexpected API response 404: Not Found
. Sleeping 5s.
2026-08-17 08:04:01,290 [WORKER] [WARNING] Unexpected API response 404: Not Found
. Sleeping 5s.
2026-08-17 08:04:06,823 [WORKER] [WARNING] Unexpected API response 404: Not Found
. Sleeping 5s.
2026-08-17 08:04:12,317 [WORKER] [WARNING] Unexpected API response 404: Not Found
. Sleeping 5s.
2026-08-17 08:04:19,690 [WORKER] [WARNING] Unexpected API response 404: Not Found
. Sleeping 5s.
2026-08-17 08:04:25,207 [WORKER] [WARNING] Unexpected API response 404: Not Found
. Sleeping 5s.
2026-08-17 08:04:30,771 [WORKER] [WARNING] Unexpected API response 404: Not Found
. Sleeping 5s.
2026-08-17 08:04:36,478 [WORKER] [WARNING] Unexpected API response 404: Not Found
. Sleeping 5s.
2026-08-17 08:04:41,955 [WORKER] [WARNING] Unexpected API response 404: Not Found
. Sleeping 5s.
2026-08-17 08:04:54,439 [WORKER] [WARNING] Unexpected API response 404: Not Found
. Sleeping 5s.
2026-08-17 08:04:59,956 [WORKER] [WARNING] Unexpected API response 404: Not Found
. Sleeping 5s.
2026-08-17 08:05:05,435 [WORKER] [WARNING] Unexpected API response 404: Not Found
. Sleeping 5s.
2026-08-17 08:05:11,013 [WORKER] [WARNING] Unexpected API response 404: Not Found
. Sleeping 5s.
2026-08-17 08:05:16,510 [WORKER] [WARNING] Unexpected API response 404: Not Found
. Sleeping 5s.
2026-08-17 08:05:22,023 [WORKER] [WARNING] Unexpected API response 404: Not Found
. Sleeping 5s.
2026-08-17 08:05:27,565 [WORKER] [WARNING] Unexpected API response 404: Not Found
. Sleeping 5s.
2026-08-17 08:05:33,039 [WORKER] [WARNING] Unexpected API response 404: Not Found
. Sleeping 5s.
2026-08-17 08:05:38,500 [WORKER] [WARNING] Unexpected API response 404: Not Found
. Sleeping 5s.
2026-08-17 08:05:44,347 [WORKER] [WARNING] Unexpected API response 404: Not Found
. Sleeping 5s.
2026-08-17 08:05:49,874 [WORKER] [WARNING] Unexpected API response 404: Not Found
. Sleeping 5s.
2026-08-17 08:05:55,350 [WORKER] [WARNING] Unexpected API response 404: Not Found
. Sleeping 5s.
2026-08-17 08:06:00,891 [WORKER] [WARNING] Unexpected API response 404: Not Found
. Sleeping 5s.
2026-08-17 08:06:06,367 [WORKER] [WARNING] Unexpected API response 404: Not Found
. Sleeping 5s.
2026-08-17 08:06:12,054 [WORKER] [WARNING] Unexpected API response 404: Not Found
. Sleeping 5s.
2026-08-17 08:06:17,522 [WORKER] [WARNING] Unexpected API response 404: Not Found
. Sleeping 5s.
2026-08-17 08:06:23,021 [WORKER] [WARNING] Unexpected API response 404: Not Found
. Sleeping 5s.
2026-08-17 08:06:28,517 [WORKER] [WARNING] Unexpected API response 404: Not Found
. Sleeping 5s.
2026-08-17 08:06:33,991 [WORKER] [WARNING] Unexpected API response 404: Not Found
. Sleeping 5s.
2026-08-17 08:06:39,460 [WORKER] [WARNING] Unexpected API response 404: Not Found
. Sleeping 5s.
2026-08-17 08:06:44,959 [WORKER] [WARNING] Unexpected API response 404: Not Found
. Sleeping 5s.
2026-08-17 08:06:50,456 [WORKER] [WARNING] Unexpected API response 404: Not Found
. Sleeping 5s.
2026-08-17 08:06:55,943 [WORKER] [WARNING] Unexpected API response 404: Not Found
. Sleeping 5s.
2026-08-17 08:07:01,590 [WORKER] [WARNING] Unexpected API response 404: Not Found
. Sleeping 5s.
2026-08-17 08:07:07,112 [WORKER] [WARNING] Unexpected API response 404: Not Found
. Sleeping 5s.
2026-08-17 08:07:12,594 [WORKER] [WARNING] Unexpected API response 404: Not Found
. Sleeping 5s.
2026-08-17 08:07:18,056 [WORKER] [WARNING] Unexpected API response 404: Not Found
. Sleeping 5s.
2026-08-17 08:07:23,742 [WORKER] [WARNING] Unexpected API response 404: Not Found
. Sleeping 5s.
2026-08-17 08:07:29,447 [WORKER] [WARNING] Unexpected API response 404: Not Found
. Sleeping 5s.
2026-08-17 08:07:34,926 [WORKER] [WARNING] Unexpected API response 404: Not Found
. Sleeping 5s.
2026-08-17 08:07:40,542 [WORKER] [WARNING] Unexpected API response 404: Not Found
. Sleeping 5s.
2026-08-17 08:07:46,039 [WORKER] [WARNING] Unexpected API response 404: Not Found
. Sleeping 5s.
2026-08-17 08:07:51,521 [WORKER] [WARNING] Unexpected API response 404: Not Found
. Sleeping 5s.
2026-08-17 08:07:58,045 [WORKER] [WARNING] Unexpected API response 404: Not Found
. Sleeping 5s.
2026-08-17 08:08:03,623 [WORKER] [WARNING] Unexpected API response 404: Not Found
. Sleeping 5s.
2026-08-17 08:08:09,168 [WORKER] [WARNING] Unexpected API response 404: Not Found
. Sleeping 5s.
2026-08-17 08:08:14,715 [WORKER] [WARNING] Unexpected API response 404: Not Found
. Sleeping 5s.
2026-08-17 08:08:20,226 [WORKER] [WARNING] Unexpected API response 404: Not Found
. Sleeping 5s.
2026-08-17 08:08:25,702 [WORKER] [WARNING] Unexpected API response 404: Not Found
. Sleeping 5s.
2026-08-17 08:08:31,180 [WORKER] [WARNING] Unexpected API response 404: Not Found
. Sleeping 5s.
2026-08-17 08:08:36,857 [WORKER] [WARNING] Unexpected API response 404: Not Found
. Sleeping 5s.
2026-08-17 08:08:42,354 [WORKER] [WARNING] Unexpected API response 404: Not Found
. Sleeping 5s.
2026-08-17 08:08:48,159 [WORKER] [WARNING] Unexpected API response 404: Not Found
. Sleeping 5s.
2026-08-17 08:08:56,967 [WORKER] [WARNING] Unexpected API response 404: Not Found
. Sleeping 5s.
2026-08-17 08:09:03,137 [WORKER] [WARNING] Unexpected API response 404: Not Found
. Sleeping 5s.
2026-08-17 08:09:08,639 [WORKER] [WARNING] Unexpected API response 404: Not Found
. Sleeping 5s.
2026-08-17 08:09:16,544 [WORKER] [WARNING] Unexpected API response 404: Not Found
. Sleeping 5s.
2026-08-17 08:09:22,512 [WORKER] [WARNING] Unexpected API response 404: Not Found
. Sleeping 5s.
2026-08-17 08:09:28,108 [WORKER] [WARNING] Unexpected API response 404: Not Found
. Sleeping 5s.
2026-08-17 08:09:33,678 [WORKER] [WARNING] Unexpected API response 404: Not Found
. Sleeping 5s.
2026-08-17 08:09:39,158 [WORKER] [WARNING] Unexpected API response 404: Not Found
. Sleeping 5s.
2026-08-17 08:09:44,806 [WORKER] [WARNING] Unexpected API response 404: Not Found
. Sleeping 5s.
2026-08-17 08:09:50,296 [WORKER] [WARNING] Unexpected API response 404: Not Found
. Sleeping 5s.
2026-08-17 08:09:55,844 [WORKER] [WARNING] Unexpected API response 404: Not Found
. Sleeping 5s.
2026-08-17 08:10:01,348 [WORKER] [WARNING] Unexpected API response 404: Not Found
. Sleeping 5s.
2026-08-17 08:10:06,823 [WORKER] [WARNING] Unexpected API response 404: Not Found
. Sleeping 5s.
2026-08-17 08:10:12,299 [WORKER] [WARNING] Unexpected API response 404: Not Found
. Sleeping 5s.
2026-08-17 08:10:18,350 [WORKER] [WARNING] Unexpected API response 404: Not Found
. Sleeping 5s.
2026-08-17 08:10:23,871 [WORKER] [WARNING] Unexpected API response 404: Not Found
. Sleeping 5s.
2026-08-17 08:10:29,371 [WORKER] [WARNING] Unexpected API response 404: Not Found
. Sleeping 5s.
2026-08-17 08:10:35,074 [WORKER] [WARNING] Unexpected API response 404: Not Found
. Sleeping 5s.
2026-08-17 08:10:40,572 [WORKER] [WARNING] Unexpected API response 404: Not Found
. Sleeping 5s.
2026-08-17 08:10:49,426 [WORKER] [WARNING] Unexpected API response 404: Not Found
. Sleeping 5s.
2026-08-17 08:10:58,320 [WORKER] [WARNING] Unexpected API response 404: Not Found
. Sleeping 5s.
2026-08-17 08:11:03,805 [WORKER] [WARNING] Unexpected API response 404: Not Found
. Sleeping 5s.
2026-08-17 08:11:09,286 [WORKER] [WARNING] Unexpected API response 404: Not Found
. Sleeping 5s.
2026-08-17 08:11:14,780 [WORKER] [WARNING] Unexpected API response 404: Not Found
. Sleeping 5s.
2026-08-17 08:11:20,250 [WORKER] [WARNING] Unexpected API response 404: Not Found
. Sleeping 5s.
2026-08-17 08:11:25,750 [WORKER] [WARNING] Unexpected API response 404: Not Found
. Sleeping 5s.
2026-08-17 08:11:31,260 [WORKER] [WARNING] Unexpected API response 404: Not Found
. Sleeping 5s.
2026-08-17 08:11:37,537 [WORKER] [WARNING] Unexpected API response 404: Not Found
. Sleeping 5s.
2026-08-17 08:11:43,001 [WORKER] [WARNING] Unexpected API response 404: Not Found
. Sleeping 5s.
2026-08-17 08:11:48,494 [WORKER] [WARNING] Unexpected API response 404: Not Found
. Sleeping 5s.
2026-08-17 08:11:53,998 [WORKER] [WARNING] Unexpected API response 404: Not Found
. Sleeping 5s.
2026-08-17 08:11:59,581 [WORKER] [WARNING] Unexpected API response 404: Not Found
. Sleeping 5s.
2026-08-17 08:12:05,320 [WORKER] [WARNING] Unexpected API response 404: Not Found
. Sleeping 5s.
2026-08-17 08:12:10,817 [WORKER] [WARNING] Unexpected API response 404: Not Found
. Sleeping 5s.
2026-08-17 08:12:18,349 [WORKER] [WARNING] Unexpected API response 404: Not Found
. Sleeping 5s.
2026-08-17 08:12:24,139 [WORKER] [WARNING] Unexpected API response 404: Not Found
. Sleeping 5s.
2026-08-17 08:12:29,747 [WORKER] [WARNING] Unexpected API response 404: Not Found
. Sleeping 5s.
2026-08-17 08:12:35,270 [WORKER] [WARNING] Unexpected API response 404: Not Found
. Sleeping 5s.
2026-08-17 08:12:40,794 [WORKER] [WARNING] Unexpected API response 404: Not Found
. Sleeping 5s.
2026-08-17 08:12:46,936 [WORKER] [WARNING] Unexpected API response 404: Not Found
. Sleeping 5s.
2026-08-17 08:12:52,424 [WORKER] [WARNING] Unexpected API response 404: Not Found
. Sleeping 5s.
2026-08-17 08:12:57,963 [WORKER] [WARNING] Unexpected API response 404: Not Found
. Sleeping 5s.
2026-08-17 08:13:03,481 [WORKER] [WARNING] Unexpected API response 404: Not Found
. Sleeping 5s.
2026-08-17 08:13:09,100 [WORKER] [WARNING] Unexpected API response 404: Not Found
. Sleeping 5s.
2026-08-17 08:13:14,800 [WORKER] [WARNING] Unexpected API response 404: Not Found
. Sleeping 5s.
2026-08-17 08:13:21,193 [WORKER] [WARNING] Unexpected API response 404: Not Found
. Sleeping 5s.
2026-08-17 08:13:30,554 [WORKER] [WARNING] Unexpected API response 404: Not Found
. Sleeping 5s.
2026-08-17 08:13:36,597 [WORKER] [WARNING] Unexpected API response 404: Not Found
. Sleeping 5s.
2026-08-17 08:13:43,332 [WORKER] [WARNING] Unexpected API response 404: Not Found
. Sleeping 5s.
2026-08-17 08:13:53,086 [WORKER] [WARNING] Unexpected API response 404: Not Found
. Sleeping 5s.
2026-08-17 08:14:01,807 [WORKER] [WARNING] Unexpected API response 404: Not Found
. Sleeping 5s.
2026-08-17 08:14:07,562 [WORKER] [WARNING] Unexpected API response 404: Not Found
. Sleeping 5s.
2026-08-17 08:14:13,133 [WORKER] [WARNING] Unexpected API response 404: Not Found
. Sleeping 5s.
2026-08-17 08:14:18,641 [WORKER] [WARNING] Unexpected API response 404: Not Found
. Sleeping 5s.
2026-08-17 08:14:24,200 [WORKER] [WARNING] Unexpected API response 404: Not Found
. Sleeping 5s.
2026-08-17 08:14:29,704 [WORKER] [WARNING] Unexpected API response 404: Not Found
. Sleeping 5s.
2026-08-17 08:14:35,189 [WORKER] [WARNING] Unexpected API response 404: Not Found
. Sleeping 5s.
2026-08-17 08:14:40,690 [WORKER] [WARNING] Unexpected API response 404: Not Found
. Sleeping 5s.
2026-08-17 08:14:46,213 [WORKER] [WARNING] Unexpected API response 404: Not Found
. Sleeping 5s.
2026-08-17 08:14:51,909 [WORKER] [WARNING] Unexpected API response 404: Not Found
. Sleeping 5s.
2026-08-17 08:14:57,405 [WORKER] [WARNING] Unexpected API response 404: Not Found
. Sleeping 5s.
2026-08-17 08:15:03,095 [WORKER] [WARNING] Unexpected API response 404: Not Found
. Sleeping 5s.
2026-08-17 08:15:08,580 [WORKER] [WARNING] Unexpected API response 404: Not Found
. Sleeping 5s.
2026-08-17 08:15:14,077 [WORKER] [WARNING] Unexpected API response 404: Not Found
. Sleeping 5s.
2026-08-17 08:15:20,248 [WORKER] [WARNING] Unexpected API response 404: Not Found
. Sleeping 5s.
2026-08-17 08:15:26,379 [WORKER] [WARNING] Unexpected API response 404: Not Found
. Sleeping 5s.
2026-08-17 08:15:31,863 [WORKER] [WARNING] Unexpected API response 404: Not Found
. Sleeping 5s.
2026-08-17 08:15:37,345 [WORKER] [WARNING] Unexpected API response 404: Not Found
. Sleeping 5s.
2026-08-17 08:15:42,952 [WORKER] [WARNING] Unexpected API response 404: Not Found
. Sleeping 5s.
2026-08-17 08:15:48,735 [WORKER] [WARNING] Unexpected API response 404: Not Found
. Sleeping 5s.
2026-08-17 08:15:54,240 [WORKER] [WARNING] Unexpected API response 404: Not Found
. Sleeping 5s.
2026-08-17 08:15:59,722 [WORKER] [WARNING] Unexpected API response 404: Not Found
. Sleeping 5s.
2026-08-17 08:16:05,206 [WORKER] [WARNING] Unexpected API response 404: Not Found
. Sleeping 5s.
2026-08-17 08:16:10,963 [WORKER] [WARNING] Unexpected API response 404: Not Found
. Sleeping 5s.
2026-08-17 08:16:16,659 [WORKER] [WARNING] Unexpected API response 404: Not Found
. Sleeping 5s.
2026-08-17 08:16:22,130 [WORKER] [WARNING] Unexpected API response 404: Not Found
. Sleeping 5s.
2026-08-17 08:16:27,610 [WORKER] [WARNING] Unexpected API response 404: Not Found
. Sleeping 5s.
2026-08-17 08:16:33,134 [WORKER] [WARNING] Unexpected API response 404: Not Found
. Sleeping 5s.
2026-08-17 08:16:38,620 [WORKER] [WARNING] Unexpected API response 404: Not Found
. Sleeping 5s.
2026-08-17 08:16:44,091 [WORKER] [WARNING] Unexpected API response 404: Not Found
. Sleeping 5s.
2026-08-17 08:16:49,566 [WORKER] [WARNING] Unexpected API response 404: Not Found
. Sleeping 5s.
2026-08-17 08:16:55,071 [WORKER] [WARNING] Unexpected API response 404: Not Found
. Sleeping 5s.
2026-08-17 08:17:00,939 [WORKER] [WARNING] Unexpected API response 404: Not Found
. Sleeping 5s.
2026-08-17 08:17:07,781 [WORKER] [WARNING] Unexpected API response 404: Not Found
. Sleeping 5s.
2026-08-17 08:17:13,340 [WORKER] [WARNING] Unexpected API response 404: Not Found
. Sleeping 5s.
2026-08-17 08:17:18,860 [WORKER] [WARNING] Unexpected API response 404: Not Found
. Sleeping 5s.
2026-08-17 08:17:24,342 [WORKER] [WARNING] Unexpected API response 404: Not Found
. Sleeping 5s.
2026-08-17 08:17:29,882 [WORKER] [WARNING] Unexpected API response 404: Not Found
. Sleeping 5s.
2026-08-17 08:17:35,345 [WORKER] [WARNING] Unexpected API response 404: Not Found
. Sleeping 5s.
2026-08-17 08:17:40,854 [WORKER] [WARNING] Unexpected API response 404: Not Found
. Sleeping 5s.
2026-08-17 08:17:46,343 [WORKER] [WARNING] Unexpected API response 404: Not Found
. Sleeping 5s.
2026-08-17 08:17:52,028 [WORKER] [WARNING] Unexpected API response 404: Not Found
. Sleeping 5s.
2026-08-17 08:17:57,548 [WORKER] [WARNING] Unexpected API response 404: Not Found
. Sleeping 5s.
2026-08-17 08:18:03,014 [WORKER] [WARNING] Unexpected API response 404: Not Found
. Sleeping 5s.
2026-08-17 08:18:08,543 [WORKER] [WARNING] Unexpected API response 404: Not Found
. Sleeping 5s.
2026-08-17 08:18:14,153 [WORKER] [WARNING] Unexpected API response 404: Not Found
. Sleeping 5s.
2026-08-17 08:18:19,616 [WORKER] [WARNING] Unexpected API response 404: Not Found
. Sleeping 5s.
2026-08-17 08:18:25,115 [WORKER] [WARNING] Unexpected API response 404: Not Found
. Sleeping 5s.
2026-08-17 08:18:30,760 [WORKER] [WARNING] Unexpected API response 404: Not Found
. Sleeping 5s.
2026-08-17 08:18:36,452 [WORKER] [WARNING] Unexpected API response 404: Not Found
. Sleeping 5s.
2026-08-17 08:18:41,916 [WORKER] [WARNING] Unexpected API response 404: Not Found
. Sleeping 5s.
2026-08-17 08:18:47,399 [WORKER] [WARNING] Unexpected API response 404: Not Found
. Sleeping 5s.
2026-08-17 08:18:52,863 [WORKER] [WARNING] Unexpected API response 404: Not Found
. Sleeping 5s.
2026-08-17 08:18:58,329 [WORKER] [WARNING] Unexpected API response 404: Not Found
. Sleeping 5s.
2026-08-17 08:19:03,829 [WORKER] [WARNING] Unexpected API response 404: Not Found
. Sleeping 5s.
2026-08-17 08:19:09,352 [WORKER] [WARNING] Unexpected API response 404: Not Found
. Sleeping 5s.
2026-08-17 08:19:15,024 [WORKER] [WARNING] Unexpected API response 404: Not Found
. Sleeping 5s.
2026-08-17 08:19:20,713 [WORKER] [WARNING] Unexpected API response 404: Not Found
. Sleeping 5s.
2026-08-17 08:19:26,183 [WORKER] [WARNING] Unexpected API response 404: Not Found
. Sleeping 5s.
2026-08-17 08:19:31,657 [WORKER] [WARNING] Unexpected API response 404: Not Found
. Sleeping 5s.
2026-08-17 08:19:37,128 [WORKER] [WARNING] Unexpected API response 404: Not Found
. Sleeping 5s.
2026-08-17 08:19:42,665 [WORKER] [WARNING] Unexpected API response 404: Not Found
. Sleeping 5s.
2026-08-17 08:19:48,128 [WORKER] [WARNING] Unexpected API response 404: Not Found
. Sleeping 5s.
2026-08-17 08:19:53,600 [WORKER] [WARNING] Unexpected API response 404: Not Found
. Sleeping 5s.
2026-08-17 08:19:59,304 [WORKER] [WARNING] Unexpected API response 404: Not Found
. Sleeping 5s.
2026-08-17 08:20:04,808 [WORKER] [WARNING] Unexpected API response 404: Not Found
. Sleeping 5s.
2026-08-17 08:20:10,277 [WORKER] [WARNING] Unexpected API response 404: Not Found
. Sleeping 5s.
2026-08-17 08:20:15,792 [WORKER] [WARNING] Unexpected API response 404: Not Found
. Sleeping 5s.
2026-08-17 08:20:21,474 [WORKER] [WARNING] Unexpected API response 404: Not Found
. Sleeping 5s.
2026-08-17 08:20:26,961 [WORKER] [WARNING] Unexpected API response 404: Not Found
. Sleeping 5s.
2026-08-17 08:20:32,451 [WORKER] [WARNING] Unexpected API response 404: Not Found
. Sleeping 5s.
2026-08-17 08:20:37,927 [WORKER] [WARNING] Unexpected API response 404: Not Found
. Sleeping 5s.
2026-08-17 08:20:43,398 [WORKER] [WARNING] Unexpected API response 404: Not Found
. Sleeping 5s.
2026-08-17 08:20:49,293 [WORKER] [WARNING] Unexpected API response 404: Not Found
. Sleeping 5s.
2026-08-17 08:20:54,751 [WORKER] [WARNING] Unexpected API response 404: Not Found
. Sleeping 5s.
2026-08-17 08:21:00,265 [WORKER] [WARNING] Unexpected API response 404: Not Found
. Sleeping 5s.
2026-08-17 08:21:06,068 [WORKER] [WARNING] Unexpected API response 404: Not Found
. Sleeping 5s.
2026-08-17 08:21:11,558 [WORKER] [WARNING] Unexpected API response 404: Not Found
. Sleeping 5s.
2026-08-17 08:21:17,049 [WORKER] [WARNING] Unexpected API response 404: Not Found
. Sleeping 5s.
2026-08-17 08:21:22,523 [WORKER] [WARNING] Unexpected API response 404: Not Found
. Sleeping 5s.
2026-08-17 08:21:27,998 [WORKER] [WARNING] Unexpected API response 404: Not Found
. Sleeping 5s.
2026-08-17 08:21:33,473 [WORKER] [WARNING] Unexpected API response 404: Not Found
. Sleeping 5s.
2026-08-17 08:21:38,962 [WORKER] [WARNING] Unexpected API response 404: Not Found
. Sleeping 5s.
2026-08-17 08:21:44,512 [WORKER] [WARNING] Unexpected API response 404: Not Found
. Sleeping 5s.
2026-08-17 08:21:50,010 [WORKER] [WARNING] Unexpected API response 404: Not Found
. Sleeping 5s.
2026-08-17 08:21:55,503 [WORKER] [WARNING] Unexpected API response 404: Not Found
. Sleeping 5s.
2026-08-17 08:22:01,282 [WORKER] [WARNING] Unexpected API response 404: Not Found
. Sleeping 5s.
2026-08-17 08:22:06,896 [WORKER] [WARNING] Unexpected API response 404: Not Found
. Sleeping 5s.
2026-08-17 08:22:12,406 [WORKER] [WARNING] Unexpected API response 404: Not Found
. Sleeping 5s.
2026-08-17 08:22:17,893 [WORKER] [WARNING] Unexpected API response 404: Not Found
. Sleeping 5s.
2026-08-17 08:22:23,367 [WORKER] [WARNING] Unexpected API response 404: Not Found
. Sleeping 5s.
2026-08-17 08:22:28,859 [WORKER] [WARNING] Unexpected API response 404: Not Found
. Sleeping 5s.
2026-08-17 08:22:34,333 [WORKER] [WARNING] Unexpected API response 404: Not Found
. Sleeping 5s.
2026-08-17 08:22:39,799 [WORKER] [WARNING] Unexpected API response 404: Not Found
. Sleeping 5s.
2026-08-17 08:22:45,274 [WORKER] [WARNING] Unexpected API response 404: Not Found
. Sleeping 5s.
2026-08-17 08:22:50,740 [WORKER] [WARNING] Unexpected API response 404: Not Found
. Sleeping 5s.
2026-08-17 08:22:56,195 [WORKER] [WARNING] Unexpected API response 404: Not Found
. Sleeping 5s.
2026-08-17 08:23:01,677 [WORKER] [WARNING] Unexpected API response 404: Not Found
. Sleeping 5s.
2026-08-17 08:23:07,139 [WORKER] [WARNING] Unexpected API response 404: Not Found
. Sleeping 5s.
2026-08-17 08:23:12,621 [WORKER] [WARNING] Unexpected API response 404: Not Found
. Sleeping 5s.
2026-08-17 08:23:18,162 [WORKER] [WARNING] Unexpected API response 404: Not Found
. Sleeping 5s.
2026-08-17 08:23:23,659 [WORKER] [WARNING] Unexpected API response 404: Not Found
. Sleeping 5s.
2026-08-17 08:23:29,132 [WORKER] [WARNING] Unexpected API response 404: Not Found
. Sleeping 5s.
2026-08-17 08:23:34,620 [WORKER] [WARNING] Unexpected API response 404: Not Found
. Sleeping 5s.
2026-08-17 08:23:40,113 [WORKER] [WARNING] Unexpected API response 404: Not Found
. Sleeping 5s.
2026-08-17 08:23:45,614 [WORKER] [WARNING] Unexpected API response 404: Not Found
. Sleeping 5s.
2026-08-17 08:23:51,111 [WORKER] [WARNING] Unexpected API response 404: Not Found
. Sleeping 5s.
2026-08-17 08:23:56,589 [WORKER] [WARNING] Unexpected API response 404: Not Found
. Sleeping 5s.
2026-08-17 08:24:02,523 [WORKER] [WARNING] Unexpected API response 404: Not Found
. Sleeping 5s.
2026-08-17 08:24:11,569 [WORKER] [WARNING] Unexpected API response 404: Not Found
. Sleeping 5s.
2026-08-17 08:24:20,506 [WORKER] [WARNING] Unexpected API response 404: Not Found
. Sleeping 5s.
2026-08-17 08:24:25,985 [WORKER] [WARNING] Unexpected API response 404: Not Found
. Sleeping 5s.
2026-08-17 08:24:31,479 [WORKER] [WARNING] Unexpected API response 404: Not Found
. Sleeping 5s.
2026-08-17 08:24:37,171 [WORKER] [WARNING] Unexpected API response 404: Not Found
. Sleeping 5s.
2026-08-17 08:24:42,696 [WORKER] [WARNING] Unexpected API response 404: Not Found
. Sleeping 5s.
2026-08-17 08:24:48,173 [WORKER] [WARNING] Unexpected API response 404: Not Found
. Sleeping 5s.
2026-08-17 08:24:53,643 [WORKER] [WARNING] Unexpected API response 404: Not Found
. Sleeping 5s.
2026-08-17 08:24:59,116 [WORKER] [WARNING] Unexpected API response 404: Not Found
. Sleeping 5s.
2026-08-17 08:25:04,745 [WORKER] [WARNING] Unexpected API response 404: Not Found
. Sleeping 5s.
2026-08-17 08:25:10,212 [WORKER] [WARNING] Unexpected API response 404: Not Found
. Sleeping 5s.
2026-08-17 08:25:15,713 [WORKER] [WARNING] Unexpected API response 404: Not Found
. Sleeping 5s.
2026-08-17 08:25:21,185 [WORKER] [WARNING] Unexpected API response 404: Not Found
. Sleeping 5s.
2026-08-17 08:25:26,648 [WORKER] [WARNING] Unexpected API response 404: Not Found
. Sleeping 5s.
2026-08-17 08:25:32,127 [WORKER] [WARNING] Unexpected API response 404: Not Found
. Sleeping 5s.
2026-08-17 08:25:37,771 [WORKER] [WARNING] Unexpected API response 404: Not Found
. Sleeping 5s.
2026-08-17 08:25:43,314 [WORKER] [WARNING] Unexpected API response 404: Not Found
. Sleeping 5s.
2026-08-17 08:25:48,796 [WORKER] [WARNING] Unexpected API response 404: Not Found
. Sleeping 5s.
2026-08-17 08:25:54,354 [WORKER] [WARNING] Unexpected API response 404: Not Found
. Sleeping 5s.
2026-08-17 08:25:59,837 [WORKER] [WARNING] Unexpected API response 404: Not Found
. Sleeping 5s.
2026-08-17 08:26:05,326 [WORKER] [WARNING] Unexpected API response 404: Not Found
. Sleeping 5s.
2026-08-17 08:26:10,849 [WORKER] [WARNING] Unexpected API response 404: Not Found
. Sleeping 5s.
2026-08-17 08:26:16,370 [WORKER] [WARNING] Unexpected API response 404: Not Found
. Sleeping 5s.
2026-08-17 08:26:21,863 [WORKER] [WARNING] Unexpected API response 404: Not Found
. Sleeping 5s.
2026-08-17 08:26:28,794 [WORKER] [WARNING] Unexpected API response 404: Not Found
. Sleeping 5s.
2026-08-17 08:26:34,333 [WORKER] [WARNING] Unexpected API response 404: Not Found
. Sleeping 5s.
2026-08-17 08:26:40,115 [WORKER] [WARNING] Unexpected API response 404: Not Found
. Sleeping 5s.
2026-08-17 08:26:46,353 [WORKER] [WARNING] Unexpected API response 404: Not Found
. Sleeping 5s.
2026-08-17 08:26:53,202 [WORKER] [WARNING] Unexpected API response 404: Not Found
. Sleeping 5s.
2026-08-17 08:26:59,354 [WORKER] [WARNING] Unexpected API response 404: Not Found
. Sleeping 5s.
2026-08-17 08:27:04,871 [WORKER] [WARNING] Unexpected API response 404: Not Found
. Sleeping 5s.
2026-08-17 08:27:10,448 [WORKER] [WARNING] Unexpected API response 404: Not Found
. Sleeping 5s.
2026-08-17 08:27:16,026 [WORKER] [WARNING] Unexpected API response 404: Not Found
. Sleeping 5s.
2026-08-17 08:27:21,586 [WORKER] [WARNING] Unexpected API response 404: Not Found
. Sleeping 5s.
2026-08-17 08:27:27,084 [WORKER] [WARNING] Unexpected API response 404: Not Found
. Sleeping 5s.
2026-08-17 08:27:32,570 [WORKER] [WARNING] Unexpected API response 404: Not Found
. Sleeping 5s.
2026-08-17 08:27:38,354 [WORKER] [WARNING] Unexpected API response 404: Not Found
. Sleeping 5s.
2026-08-17 08:27:43,894 [WORKER] [WARNING] Unexpected API response 404: Not Found
. Sleeping 5s.
2026-08-17 08:27:49,582 [WORKER] [WARNING] Unexpected API response 404: Not Found
. Sleeping 5s.
2026-08-17 08:27:55,107 [WORKER] [WARNING] Unexpected API response 404: Not Found
. Sleeping 5s.
2026-08-17 08:28:00,758 [WORKER] [WARNING] Unexpected API response 404: Not Found
. Sleeping 5s.
2026-08-17 08:28:06,288 [WORKER] [WARNING] Unexpected API response 404: Not Found
. Sleeping 5s.
2026-08-17 08:28:12,205 [WORKER] [WARNING] Unexpected API response 404: Not Found
. Sleeping 5s.
2026-08-17 08:28:17,794 [WORKER] [WARNING] Unexpected API response 404: Not Found
. Sleeping 5s.
2026-08-17 08:28:23,479 [WORKER] [WARNING] Unexpected API response 404: Not Found
. Sleeping 5s.
2026-08-17 08:28:29,156 [WORKER] [WARNING] Unexpected API response 404: Not Found
. Sleeping 5s.
2026-08-17 08:28:34,711 [WORKER] [WARNING] Unexpected API response 404: Not Found
. Sleeping 5s.
2026-08-17 08:28:40,198 [WORKER] [WARNING] Unexpected API response 404: Not Found
. Sleeping 5s.
2026-08-17 08:28:45,715 [WORKER] [WARNING] Unexpected API response 404: Not Found
. Sleeping 5s.
2026-08-17 08:28:51,395 [WORKER] [WARNING] Unexpected API response 404: Not Found
. Sleeping 5s.
2026-08-17 08:28:56,878 [WORKER] [WARNING] Unexpected API response 404: Not Found
. Sleeping 5s.
2026-08-17 08:29:02,344 [WORKER] [WARNING] Unexpected API response 404: Not Found
. Sleeping 5s.
2026-08-17 08:29:07,824 [WORKER] [WARNING] Unexpected API response 404: Not Found
. Sleeping 5s.
2026-08-17 08:29:14,310 [WORKER] [WARNING] Unexpected API response 404: Not Found
. Sleeping 5s.
2026-08-17 08:29:19,838 [WORKER] [WARNING] Unexpected API response 404: Not Found
. Sleeping 5s.
2026-08-17 08:29:25,338 [WORKER] [WARNING] Unexpected API response 404: Not Found
. Sleeping 5s.
2026-08-17 08:29:30,919 [WORKER] [WARNING] Unexpected API response 404: Not Found
. Sleeping 5s.
2026-08-17 08:29:36,401 [WORKER] [WARNING] Unexpected API response 404: Not Found
. Sleeping 5s.
2026-08-17 08:29:42,054 [WORKER] [WARNING] Unexpected API response 404: Not Found
. Sleeping 5s.
2026-08-17 08:29:47,547 [WORKER] [WARNING] Unexpected API response 404: Not Found
. Sleeping 5s.
2026-08-17 08:29:53,023 [WORKER] [WARNING] Unexpected API response 404: Not Found
. Sleeping 5s.
2026-08-17 08:29:58,509 [WORKER] [WARNING] Unexpected API response 404: Not Found
. Sleeping 5s.
2026-08-17 08:30:04,046 [WORKER] [WARNING] Unexpected API response 404: Not Found
. Sleeping 5s.
2026-08-17 08:30:09,711 [WORKER] [WARNING] Unexpected API response 404: Not Found
. Sleeping 5s.
2026-08-17 08:30:15,622 [WORKER] [WARNING] Unexpected API response 404: Not Found
. Sleeping 5s.
2026-08-17 08:30:21,097 [WORKER] [WARNING] Unexpected API response 404: Not Found
. Sleeping 5s.
2026-08-17 08:30:26,564 [WORKER] [WARNING] Unexpected API response 404: Not Found
. Sleeping 5s.
2026-08-17 08:30:32,025 [WORKER] [WARNING] Unexpected API response 404: Not Found
. Sleeping 5s.
2026-08-17 08:30:37,732 [WORKER] [WARNING] Unexpected API response 404: Not Found
. Sleeping 5s.
2026-08-17 08:30:43,194 [WORKER] [WARNING] Unexpected API response 404: Not Found
. Sleeping 5s.
2026-08-17 08:30:48,650 [WORKER] [WARNING] Unexpected API response 404: Not Found
. Sleeping 5s.
2026-08-17 08:30:54,163 [WORKER] [WARNING] Unexpected API response 404: Not Found
. Sleeping 5s.
2026-08-17 08:30:59,628 [WORKER] [WARNING] Unexpected API response 404: Not Found
. Sleeping 5s.
2026-08-17 08:31:05,090 [WORKER] [WARNING] Unexpected API response 404: Not Found
. Sleeping 5s.
2026-08-17 08:31:10,576 [WORKER] [WARNING] Unexpected API response 404: Not Found
. Sleeping 5s.
2026-08-17 08:31:16,281 [WORKER] [WARNING] Unexpected API response 404: Not Found
. Sleeping 5s.
2026-08-17 08:31:21,769 [WORKER] [WARNING] Unexpected API response 404: Not Found
. Sleeping 5s.
2026-08-17 08:31:27,259 [WORKER] [WARNING] Unexpected API response 404: Not Found
. Sleeping 5s.
2026-08-17 08:31:32,731 [WORKER] [WARNING] Unexpected API response 404: Not Found
. Sleeping 5s.
2026-08-17 08:31:38,262 [WORKER] [WARNING] Unexpected API response 404: Not Found
. Sleeping 5s.
2026-08-17 08:31:43,780 [WORKER] [WARNING] Unexpected API response 404: Not Found
. Sleeping 5s.
2026-08-17 08:31:49,278 [WORKER] [WARNING] Unexpected API response 404: Not Found
. Sleeping 5s.
2026-08-17 08:31:54,766 [WORKER] [WARNING] Unexpected API response 404: Not Found
. Sleeping 5s.
2026-08-17 08:32:00,403 [WORKER] [WARNING] Unexpected API response 404: Not Found
. Sleeping 5s.
2026-08-17 08:32:05,878 [WORKER] [WARNING] Unexpected API response 404: Not Found
. Sleeping 5s.
2026-08-17 08:32:11,580 [WORKER] [WARNING] Unexpected API response 404: Not Found
. Sleeping 5s.
2026-08-17 08:32:17,188 [WORKER] [WARNING] Unexpected API response 404: Not Found
. Sleeping 5s.
2026-08-17 08:32:22,671 [WORKER] [WARNING] Unexpected API response 404: Not Found
. Sleeping 5s.
2026-08-17 08:32:28,143 [WORKER] [WARNING] Unexpected API response 404: Not Found
. Sleeping 5s.
2026-08-17 08:32:33,617 [WORKER] [WARNING] Unexpected API response 404: Not Found
. Sleeping 5s.
2026-08-17 08:32:40,026 [WORKER] [WARNING] Unexpected API response 404: Not Found
. Sleeping 5s.
2026-08-17 08:32:45,526 [WORKER] [WARNING] Unexpected API response 404: Not Found
. Sleeping 5s.
2026-08-17 08:32:50,989 [WORKER] [WARNING] Unexpected API response 404: Not Found
. Sleeping 5s.
2026-08-17 08:32:56,500 [WORKER] [WARNING] Unexpected API response 404: Not Found
. Sleeping 5s.
2026-08-17 08:33:02,200 [WORKER] [WARNING] Unexpected API response 404: Not Found
. Sleeping 5s.
2026-08-17 08:33:07,899 [WORKER] [WARNING] Unexpected API response 404: Not Found
. Sleeping 5s.
2026-08-17 08:33:13,383 [WORKER] [WARNING] Unexpected API response 404: Not Found
. Sleeping 5s.
2026-08-17 08:33:18,841 [WORKER] [WARNING] Unexpected API response 404: Not Found
. Sleeping 5s.
2026-08-17 08:33:29,613 [WORKER] [WARNING] Unexpected API response 404: Not Found
. Sleeping 5s.
2026-08-17 08:33:35,191 [WORKER] [WARNING] Unexpected API response 404: Not Found
. Sleeping 5s.
2026-08-17 08:33:40,704 [WORKER] [WARNING] Unexpected API response 404: Not Found
. Sleeping 5s.
2026-08-17 08:33:46,553 [WORKER] [WARNING] Unexpected API response 404: Not Found
. Sleeping 5s.
2026-08-17 08:33:52,049 [WORKER] [WARNING] Unexpected API response 404: Not Found
. Sleeping 5s.
2026-08-17 08:33:57,568 [WORKER] [WARNING] Unexpected API response 404: Not Found
. Sleeping 5s.
2026-08-17 08:34:03,054 [WORKER] [WARNING] Unexpected API response 404: Not Found
. Sleeping 5s.
2026-08-17 08:34:08,549 [WORKER] [WARNING] Unexpected API response 404: Not Found
. Sleeping 5s.
2026-08-17 08:34:14,036 [WORKER] [WARNING] Unexpected API response 404: Not Found
. Sleeping 5s.
2026-08-17 08:34:19,597 [WORKER] [WARNING] Unexpected API response 404: Not Found
. Sleeping 5s.
2026-08-17 08:34:25,093 [WORKER] [WARNING] Unexpected API response 404: Not Found
. Sleeping 5s.
2026-08-17 08:34:30,569 [WORKER] [WARNING] Unexpected API response 404: Not Found
. Sleeping 5s.
2026-08-17 08:34:36,046 [WORKER] [WARNING] Unexpected API response 404: Not Found
. Sleeping 5s.
2026-08-17 08:34:41,601 [WORKER] [WARNING] Unexpected API response 404: Not Found
. Sleeping 5s.
2026-08-17 08:34:47,079 [WORKER] [WARNING] Unexpected API response 404: Not Found
. Sleeping 5s.
2026-08-17 08:34:52,569 [WORKER] [WARNING] Unexpected API response 404: Not Found
. Sleeping 5s.
2026-08-17 08:34:58,024 [WORKER] [WARNING] Unexpected API response 404: Not Found
. Sleeping 5s.
2026-08-17 08:35:03,490 [WORKER] [WARNING] Unexpected API response 404: Not Found
. Sleeping 5s.
2026-08-17 08:35:08,975 [WORKER] [WARNING] Unexpected API response 404: Not Found
. Sleeping 5s.
2026-08-17 08:35:15,666 [WORKER] [WARNING] Unexpected API response 404: Not Found
. Sleeping 5s.
2026-08-17 08:35:21,287 [WORKER] [WARNING] Unexpected API response 404: Not Found
. Sleeping 5s.
2026-08-17 08:35:26,770 [WORKER] [WARNING] Unexpected API response 404: Not Found
. Sleeping 5s.
2026-08-17 08:35:32,279 [WORKER] [WARNING] Unexpected API response 404: Not Found
. Sleeping 5s.
2026-08-17 08:35:38,008 [WORKER] [WARNING] Unexpected API response 404: Not Found
. Sleeping 5s.
2026-08-17 08:35:43,530 [WORKER] [WARNING] Unexpected API response 404: Not Found
. Sleeping 5s.
2026-08-17 08:35:49,128 [WORKER] [WARNING] Unexpected API response 404: Not Found
. Sleeping 5s.
2026-08-17 08:35:54,617 [WORKER] [WARNING] Unexpected API response 404: Not Found
. Sleeping 5s.
2026-08-17 08:36:00,090 [WORKER] [WARNING] Unexpected API response 404: Not Found
. Sleeping 5s.
2026-08-17 08:36:05,587 [WORKER] [WARNING] Unexpected API response 404: Not Found
. Sleeping 5s.
2026-08-17 08:36:11,065 [WORKER] [WARNING] Unexpected API response 404: Not Found
. Sleeping 5s.
2026-08-17 08:36:16,545 [WORKER] [WARNING] Unexpected API response 404: Not Found
. Sleeping 5s.
2026-08-17 08:36:22,031 [WORKER] [WARNING] Unexpected API response 404: Not Found
. Sleeping 5s.
2026-08-17 08:36:27,490 [WORKER] [WARNING] Unexpected API response 404: Not Found
. Sleeping 5s.
2026-08-17 08:36:33,147 [WORKER] [WARNING] Unexpected API response 404: Not Found
. Sleeping 5s.
2026-08-17 08:36:38,713 [WORKER] [WARNING] Unexpected API response 404: Not Found
. Sleeping 5s.
2026-08-17 08:36:44,232 [WORKER] [WARNING] Unexpected API response 404: Not Found
. Sleeping 5s.
2026-08-17 08:36:49,775 [WORKER] [WARNING] Unexpected API response 404: Not Found
. Sleeping 5s.
2026-08-17 08:36:55,905 [WORKER] [WARNING] Unexpected API response 404: Not Found
. Sleeping 5s.
2026-08-17 08:37:01,909 [WORKER] [WARNING] Unexpected API response 404: Not Found
. Sleeping 5s.
2026-08-17 08:37:07,434 [WORKER] [WARNING] Unexpected API response 404: Not Found
. Sleeping 5s.
2026-08-17 08:37:13,081 [WORKER] [WARNING] Unexpected API response 404: Not Found
. Sleeping 5s.
2026-08-17 08:37:19,060 [WORKER] [WARNING] Unexpected API response 404: Not Found
. Sleeping 5s.
2026-08-17 08:37:25,680 [WORKER] [INFO] Starting
2026-08-17 08:37:25,681 [WORKER] [INFO] Worker ID      : windows-worker-01
2026-08-17 08:37:25,681 [WORKER] [INFO] API base URL   : https://infinity-trader-api-eq0o.onrender.com/api/v1
2026-08-17 08:37:25,681 [WORKER] [INFO] Compiler dir   : C:\mt5-license-system\compiler
2026-08-17 08:37:25,681 [WORKER] [INFO] MetaEditor     : C:\Program Files\MetaTrader 5\metaeditor64.exe
2026-08-17 08:37:25,681 [WORKER] [INFO] Poll interval  : 5s
2026-08-17 08:37:25,687 [WORKER] [INFO] compile_ea imported successfully
2026-08-17 08:37:25,687 [WORKER] [INFO] deploy_ex5 imported successfully
2026-08-17 08:37:25,687 [WORKER] [INFO] MetaEditor found: C:\Program Files\MetaTrader 5\metaeditor64.exe
2026-08-17 08:37:25,688 Discovering MT5 data folder under: C:\Users\infinityadmin\AppData\Roaming\MetaQuotes\Terminal
2026-08-17 08:37:25,693 Examined folders: ['Common', 'Community', 'D0E8209F77C8CF37AD8BF550E51FF075']
2026-08-17 08:37:25,693 Valid MT5 instances found: 1
2026-08-17 08:37:25,694 Selected MT5 instance: D0E8209F77C8CF37AD8BF550E51FF075  (score=55)
2026-08-17 08:37:25,694 MT5 data folder  : C:\Users\infinityadmin\AppData\Roaming\MetaQuotes\Terminal\D0E8209F77C8CF37AD8BF550E51FF075
2026-08-17 08:37:25,694 Experts folder   : C:\Users\infinityadmin\AppData\Roaming\MetaQuotes\Terminal\D0E8209F77C8CF37AD8BF550E51FF075\MQL5\Experts
2026-08-17 08:37:25,694 origin.txt points to MT5 install: C:\Program Files\MetaTrader 5
2026-08-17 08:37:25,694 [WORKER] [INFO] MT5 instance: D0E8209F77C8CF37AD8BF550E51FF075
2026-08-17 08:37:25,694 [WORKER] [INFO] Experts folder: C:\Users\infinityadmin\AppData\Roaming\MetaQuotes\Terminal\D0E8209F77C8CF37AD8BF550E51FF075\MQL5\Experts
2026-08-17 08:37:25,694 [WORKER] [INFO] All prerequisites verified
2026-08-17 08:37:41,148 [WORKER] [WARNING] Initial API connectivity check failed (Render may be cold-starting): HTTPSConnectionPool(host='infinity-trader-api-eq0o.onrender.com', port=443): Read timed out. (read timeout=15)
2026-08-17 08:38:01,490 [WORKER] [WARNING] Could not reach API to sync EA template: HTTPSConnectionPool(host='infinity-trader-api-eq0o.onrender.com', port=443): Read timed out. (read timeout=20). Using local copy.
2026-08-17 08:38:01,491 [WORKER] [INFO] Polling for jobs
2026-08-17 08:38:21,939 [WORKER] [WARNING] Request timed out while polling. Sleeping 5s.
2026-08-17 08:38:47,378 [WORKER] [WARNING] Request timed out while polling. Sleeping 5s.
2026-08-17 08:39:12,736 [WORKER] [WARNING] Request timed out while polling. Sleeping 5s.
2026-08-17 08:39:44,196 [WORKER] [WARNING] Request timed out while polling. Sleeping 5s.
2026-08-17 08:40:10,099 [WORKER] [WARNING] Request timed out while polling. Sleeping 5s.
2026-08-17 08:40:35,525 [WORKER] [WARNING] Request timed out while polling. Sleeping 5s.
2026-08-17 08:41:01,198 [WORKER] [WARNING] Request timed out while polling. Sleeping 5s.
2026-08-17 08:41:26,697 [WORKER] [WARNING] Request timed out while polling. Sleeping 5s.
2026-08-17 08:41:52,044 [WORKER] [WARNING] Request timed out while polling. Sleeping 5s.
2026-08-17 08:42:17,364 [WORKER] [WARNING] Request timed out while polling. Sleeping 5s.
2026-08-17 08:42:42,733 [WORKER] [WARNING] Request timed out while polling. Sleeping 5s.
2026-08-17 08:43:08,120 [WORKER] [WARNING] Request timed out while polling. Sleeping 5s.
2026-08-17 08:43:35,150 [WORKER] [WARNING] Request timed out while polling. Sleeping 5s.
2026-08-17 08:51:57,855 [WORKER] [INFO] Job 97: expiry_date is None — treating as LIFETIME license
2026-08-17 08:51:57,868 [WORKER] [INFO] Job claimed: 97
2026-08-17 08:51:57,868 [WORKER] [INFO] MT5 ID: 67965555 | Expiry: lifetime | Plan: Infinity Trader EA - Lifetime
2026-08-17 08:51:57,876 [WORKER] [INFO] Job 97: expiry_date is None/empty — treating as LIFETIME license
2026-08-17 08:51:58,415 [WORKER] [WARNING] No active EA template configured in admin — using local copy.
2026-08-17 08:51:58,416 [WORKER] [INFO] Compilation started
2026-08-17 08:52:01,451 [WORKER] [INFO] Compilation successful
2026-08-17 08:52:01,452 [WORKER] [INFO] EX5 generated: C:\mt5-license-system\compiler\output\InfinityTrader_67965555_lifetime.ex5 (15926 bytes)
2026-08-17 08:52:01,452 [WORKER] [INFO] MT5 deployment started
2026-08-17 08:52:01,452 ============================================================
2026-08-17 08:52:01,452 Starting EX5 deployment
2026-08-17 08:52:01,452 ============================================================
2026-08-17 08:52:01,452 Source EX5       : C:\mt5-license-system\compiler\output\InfinityTrader_67965555_lifetime.ex5
2026-08-17 08:52:01,452 Source size      : 15926 bytes
2026-08-17 08:52:01,452 Discovering MT5 data folder...
2026-08-17 08:52:01,453 Discovering MT5 data folder under: C:\Users\infinityadmin\AppData\Roaming\MetaQuotes\Terminal
2026-08-17 08:52:01,460 Examined folders: ['Common', 'Community', 'D0E8209F77C8CF37AD8BF550E51FF075']
2026-08-17 08:52:01,460 Valid MT5 instances found: 1
2026-08-17 08:52:01,461 Selected MT5 instance: D0E8209F77C8CF37AD8BF550E51FF075  (score=55)
2026-08-17 08:52:01,461 MT5 data folder  : C:\Users\infinityadmin\AppData\Roaming\MetaQuotes\Terminal\D0E8209F77C8CF37AD8BF550E51FF075
2026-08-17 08:52:01,461 Experts folder   : C:\Users\infinityadmin\AppData\Roaming\MetaQuotes\Terminal\D0E8209F77C8CF37AD8BF550E51FF075\MQL5\Experts
2026-08-17 08:52:01,461 origin.txt points to MT5 install: C:\Program Files\MetaTrader 5
2026-08-17 08:52:01,463 Destination path : C:\Users\infinityadmin\AppData\Roaming\MetaQuotes\Terminal\D0E8209F77C8CF37AD8BF550E51FF075\MQL5\Experts\InfinityTrader_67965555_lifetime.ex5
2026-08-17 08:52:01,463 Calculating source SHA-256...
2026-08-17 08:52:01,466 Source SHA-256   : 8119b0e3fd1e420a6a35ec18934eb272c8d37fafe22fc057f43b755e5b781883
2026-08-17 08:52:01,466 Copying EX5 with shutil.copy2()...
2026-08-17 08:52:01,470 Destination size : 15926 bytes
2026-08-17 08:52:01,470 File sizes match [OK]
2026-08-17 08:52:01,470 Calculating destination SHA-256...
2026-08-17 08:52:01,481 Destination SHA-256: 8119b0e3fd1e420a6a35ec18934eb272c8d37fafe22fc057f43b755e5b781883
2026-08-17 08:52:01,481 SHA-256 hashes match [OK]
2026-08-17 08:52:01,481 EX5 deployment completed
2026-08-17 08:52:01,481 ============================================================
2026-08-17 08:52:01,481 [WORKER] [INFO] MT5 deployment successful
2026-08-17 08:52:01,481 [WORKER] [INFO] Deployed to: C:\Users\infinityadmin\AppData\Roaming\MetaQuotes\Terminal\D0E8209F77C8CF37AD8BF550E51FF075\MQL5\Experts\InfinityTrader_67965555_lifetime.ex5
2026-08-17 08:52:01,481 [WORKER] [INFO] Size: 15926 bytes | SHA-256 match: True
2026-08-17 08:52:01,481 [WORKER] [INFO] Upload started
2026-08-17 08:52:06,762 [WORKER] [INFO] Upload successful
2026-08-17 08:52:06,762 [WORKER] [SUCCESS] Job completed: 97
